id,device_id,ts,temperature_c,humidity_pct,heart_rate_bpm,spo2_pct,finger_present,session_id,subject_id,posture,context,ir_mean,ir_ac,signal_quality,sample_rate,ref_hr,ref_spo2,perfusion,ir_roll_sd,q_roll_mean,ir_delta,t_into,usable,bad_context
3560,pi4b-01,2026-07-27 22:53:17.558615+00:00,26.2,69.0,,,False,s01-poor-contact-0728-0423,s01,sitting,poor-contact,0.0,0.0,0.0,99.8,,,0.0,0.0,0.0,0.0,0,0,1
3561,pi4b-01,2026-07-27 22:53:18.535714+00:00,26.2,69.0,,,False,s01-poor-contact-0728-0423,s01,sitting,poor-contact,0.0,0.0,0.0,99.8,,,0.0,0.0,0.0,0.0,1,0,1
3562,pi4b-01,2026-07-27 22:53:19.541039+00:00,26.2,69.0,,83.9574,True,s01-poor-contact-0728-0423,s01,sitting,poor-contact,42851.5,14670.1,0.327389,99.8,,,34.23474090755283,24740.325060179246,0.10912966666666667,42851.5,2,0,1
3563,pi4b-01,2026-07-27 22:53:20.561542+00:00,26.2,69.0,,84.1341,True,s01-poor-contact-0728-0423,s01,sitting,poor-contact,44188.9,14670.1,0.275406,99.7,,,33.19860870037498,25132.330621598412,0.15069875,1337.4000000000015,3,0,1
3564,pi4b-01,2026-07-27 22:53:21.541322+00:00,26.2,69.0,,79.5549,True,s01-poor-contact-0728-0423,s01,sitting,poor-contact,45704.0,32182.3,0.0750474,99.7,,,70.41462454052161,24256.702193352663,0.13556848,1515.0999999999985,4,0,1
3565,pi4b-01,2026-07-27 22:53:22.538490+00:00,26.2,69.0,,78.1964,True,s01-poor-contact-0728-0423,s01,sitting,poor-contact,44176.6,32182.3,0.143904,99.8,,,72.84920070806716,22858.247959339897,0.13695773333333333,1527.4000000000015,5,0,1
3566,pi4b-01,2026-07-27 22:53:23.564295+00:00,26.2,69.0,,79.7721,True,s01-poor-contact-0728-0423,s01,sitting,poor-contact,35211.5,32182.3,0.170977,99.8,,,91.39712877895005,20978.511308706435,0.14181762857142857,8965.099999999999,6,0,1
3567,pi4b-01,2026-07-27 22:53:24.537992+00:00,26.2,69.0,,80.4058,True,s01-poor-contact-0728-0423,s01,sitting,poor-contact,27035.3,32182.3,0.131748,99.7,,,119.03807244602427,19456.692376935865,0.140558925,8176.200000000001,7,0,1
3568,pi4b-01,2026-07-27 22:53:25.540578+00:00,26.2,69.0,,85.1588,True,s01-poor-contact-0728-0423,s01,sitting,poor-contact,23381.6,16893.9,0.111286,99.7,,,72.25296814589251,18329.150273888252,0.13730637777777777,3653.7000000000007,8,0,1
3569,pi4b-01,2026-07-27 22:53:26.560562+00:00,26.2,69.0,,86.9679,True,s01-poor-contact-0728-0423,s01,sitting,poor-contact,16598.2,16893.9,0.095822,99.8,,,101.78151847790724,17732.443337892146,0.13315794,6783.399999999998,9,0,1
3570,pi4b-01,2026-07-27 22:53:27.539821+00:00,26.2,69.0,,88.9009,True,s01-poor-contact-0728-0423,s01,sitting,poor-contact,15357.9,7192.93,-0.00583201,99.7,,,46.8353746280416,15580.651528756925,0.132574739,1240.300000000001,10,0,1
3571,pi4b-01,2026-07-27 22:53:28.540332+00:00,26.2,69.0,,89.4617,True,s01-poor-contact-0728-0423,s01,sitting,poor-contact,18225.6,7192.93,0.160102,99.7,,,39.46608067772804,12517.799221770396,0.148584939,2867.699999999999,11,0,1
3572,pi4b-01,2026-07-27 22:53:29.560918+00:00,26.2,69.0,,87.651,True,s01-poor-contact-0728-0423,s01,sitting,poor-contact,23471.4,8165.14,0.168519,99.8,,,34.7876138619767,12016.222426092707,0.132697939,5245.800000000003,12,0,1
3573,pi4b-01,2026-07-27 22:53:30.537290+00:00,26.2,69.0,,83.6793,True,s01-poor-contact-0728-0423,s01,sitting,poor-contact,27638.4,9360.04,0.197615,99.8,,,33.866070394813015,10823.626030150686,0.124918839,4167.0,13,0,1
3574,pi4b-01,2026-07-27 22:53:31.534718+00:00,26.2,69.0,,82.8952,True,s01-poor-contact-0728-0423,s01,sitting,poor-contact,34573.8,9360.04,0.191045,99.7,,,27.072638818990104,9217.319471884315,0.136518599,6935.4000000000015,14,0,1
3575,pi4b-01,2026-07-27 22:53:32.563906+00:00,26.2,69.0,,79.9098,True,s01-poor-contact-0728-0423,s01,sitting,poor-contact,41696.4,9452.54,0.122502,99.8,,,22.669918745982866,8710.252873156629,0.134378399,7122.5999999999985,15,0,1
3576,pi4b-01,2026-07-27 22:53:33.540895+00:00,26.2,69.0,,80.0428,True,s01-poor-contact-0728-0423,s01,sitting,poor-contact,46541.2,10633.3,0.185113,99.8,,,22.847068833635575,10540.087105986257,0.135791999,4844.799999999996,16,0,1
3577,pi4b-01,2026-07-27 22:53:34.535777+00:00,26.2,69.0,,78.5135,True,s01-poor-contact-0728-0423,s01,sitting,poor-contact,48637.9,10369.9,0.200408,99.8,,,21.320616227263102,12480.399197515011,0.142657999,2096.7000000000044,17,0,1
3578,pi4b-01,2026-07-27 22:53:35.570981+00:00,26.2,69.0,,79.0953,True,s01-poor-contact-0728-0423,s01,sitting,poor-contact,47128.0,10369.9,0.169651,99.7,,,22.003692072653198,13389.195890866635,0.148494499,1509.9000000000015,18,0,1
3579,pi4b-01,2026-07-27 22:53:36.535320+00:00,26.2,69.0,,84.1799,True,s01-poor-contact-0728-0423,s01,sitting,poor-contact,45072.8,8258.92,0.193212,99.7,,,18.323512184732255,12766.208194657225,0.158233499,2055.199999999997,19,0,1
3580,pi4b-01,2026-07-27 22:53:37.535349+00:00,26.2,69.0,,90.3241,True,s01-poor-contact-0728-0423,s01,sitting,poor-contact,42997.1,2364.47,0.247996,99.8,,,5.499138313979315,10942.734997877711,0.1836163,2075.7000000000044,20,0,1
3581,pi4b-01,2026-07-27 22:53:38.561775+00:00,26.2,69.0,,88.3266,True,s01-poor-contact-0728-0423,s01,sitting,poor-contact,43275.2,2363.01,0.317491,99.8,,,5.460425370651089,8640.154894290567,0.1993552,278.09999999999854,21,0,1
3582,pi4b-01,2026-07-27 22:53:39.535402+00:00,26.2,69.0,,93.1372,True,s01-poor-contact-0728-0423,s01,sitting,poor-contact,44113.9,3750.44,0.124295,99.8,,,8.50171941270212,6400.757995919954,0.19493280000000002,838.7000000000044,22,0,1
3583,pi4b-01,2026-07-27 22:53:40.540079+00:00,26.2,69.0,,92.8772,True,s01-poor-contact-0728-0423,s01,sitting,poor-contact,45321.1,3750.44,0.12656,99.8,,,8.275262515693575,3891.7440461115034,0.1878273,1207.199999999997,23,0,1
3584,pi4b-01,2026-07-27 22:53:41.562897+00:00,26.2,69.0,,92.1849,True,s01-poor-contact-0728-0423,s01,sitting,poor-contact,46967.0,3750.44,0.116041,99.8,,,7.9852662507718195,2172.927402888118,0.1803269,1645.9000000000015,24,0,1
3585,pi4b-01,2026-07-27 22:53:42.535646+00:00,26.2,69.0,,91.8577,True,s01-poor-contact-0728-0423,s01,sitting,poor-contact,48658.7,3750.44,0.0436932,99.8,,,7.70764529261982,2046.184297363668,0.17244602,1691.699999999997,25,0,1
3586,pi4b-01,2026-07-27 22:53:43.559979+00:00,26.2,69.0,85.3078,83.5001,True,s01-poor-contact-0728-0423,s01,sitting,poor-contact,49970.7,659.836,0.518598,99.8,,,1.3204457812277997,2423.543492125133,0.20579452000000004,1312.0,26,1,1
3587,pi4b-01,2026-07-27 22:53:44.563176+00:00,26.2,69.0,,84.8662,True,s01-poor-contact-0728-0423,s01,sitting,poor-contact,50270.3,659.836,0.315681,99.8,,,1.3125762129925622,2649.383355424401,0.21732182,299.6000000000058,27,0,1
3588,pi4b-01,2026-07-27 22:53:45.536060+00:00,26.2,69.0,64.0297,88.5021,True,s01-poor-contact-0728-0423,s01,sitting,poor-contact,50451.8,378.88,0.401808,99.8,,,0.7509741971545119,2945.903521540051,0.24053752,181.5,28,1,1
3589,pi4b-01,2026-07-27 22:53:46.540144+00:00,26.2,69.0,,84.8089,True,s01-poor-contact-0728-0423,s01,sitting,poor-contact,50641.5,1278.0,0.0762336,99.8,,,2.523621930630017,3123.06675669567,0.22883968000000002,189.6999999999971,29,0,1
3590,pi4b-01,2026-07-27 22:53:47.567858+00:00,26.2,69.0,,85.6911,True,s01-poor-contact-0728-0423,s01,sitting,poor-contact,50487.3,1278.0,0.183087,99.8,,,2.5313296611226983,2873.5176832779216,0.22234878,154.1999999999971,30,0,1
3591,pi4b-01,2026-07-27 22:53:48.536386+00:00,26.2,69.0,,81.852,True,s01-poor-contact-0728-0423,s01,sitting,poor-contact,50405.2,2120.28,0.297332,99.8,,,4.206470760953236,2414.4680086925514,0.22033288,82.10000000000582,31,0,1
3592,pi4b-01,2026-07-27 22:53:49.535708+00:00,26.2,69.0,,80.2222,True,s01-poor-contact-0728-0423,s01,sitting,poor-contact,50702.3,2228.74,0.17034,99.8,,,4.395737471475653,1847.648941793562,0.22493738,297.1000000000058,32,0,1
3593,pi4b-01,2026-07-27 22:53:50.563853+00:00,26.2,69.0,,79.2618,True,s01-poor-contact-0728-0423,s01,sitting,poor-contact,50816.6,2228.74,0.19467,99.8,,,4.385850293014487,1211.5158615001324,0.23174837999999998,114.29999999999563,33,0,1
3594,pi4b-01,2026-07-27 22:53:51.536423+00:00,26.2,69.0,,79.0953,True,s01-poor-contact-0728-0423,s01,sitting,poor-contact,50277.3,2228.74,0.196706,99.8,,,4.432895163423652,615.368429930629,0.23981488,539.2999999999956,34,0,1
3595,pi4b-01,2026-07-27 22:53:52.537750+00:00,26.2,69.0,85.3078,77.527,True,s01-poor-contact-0728-0423,s01,sitting,poor-contact,50285.3,1549.73,0.38013,99.8,,,3.0818748222641608,247.97440302434757,0.27345856,8.0,35,1,1
3596,pi4b-01,2026-07-27 22:53:53.567940+00:00,26.2,69.0,,82.1087,True,s01-poor-contact-0728-0423,s01,sitting,poor-contact,50333.9,642.36,0.247409,99.8,,,1.2761975527427838,193.76564452896292,0.24633966000000002,48.599999999998545,36,0,1
3597,pi4b-01,2026-07-27 22:53:54.540205+00:00,26.2,69.0,,86.6116,True,s01-poor-contact-0728-0423,s01,sitting,poor-contact,49946.8,476.248,0.233022,99.8,,,0.9535105352094628,249.32243737277776,0.23807375999999997,387.09999999999854,37,0,1
3598,pi4b-01,2026-07-27 22:53:55.535556+00:00,26.2,69.0,,90.6241,True,s01-poor-contact-0728-0423,s01,sitting,poor-contact,48969.8,941.892,0.256384,99.8,,,1.9234140225200023,525.5429679016144,0.22353136,977.0,38,0,1
3599,pi4b-01,2026-07-27 22:53:56.563984+00:00,26.2,69.0,,90.8161,True,s01-poor-contact-0728-0423,s01,sitting,poor-contact,48008.2,941.892,0.284038,99.8,,,1.96193983527814,872.8932963298022,0.24431180000000002,961.6000000000058,39,0,1
3600,pi4b-01,2026-07-27 22:53:57.538520+00:00,26.2,69.0,,86.6574,True,s01-poor-contact-0728-0423,s01,sitting,poor-contact,46846.0,973.9,0.30096,99.8,,,2.0789395039064167,1308.5742285232768,0.2560991,1162.199999999997,40,0,1
3601,pi4b-01,2026-07-27 22:53:58.540766+00:00,26.2,69.0,,93.1722,True,s01-poor-contact-0728-0423,s01,sitting,poor-contact,46849.9,2819.79,0.134598,99.8,,,6.018774853308118,1544.9741691115626,0.2398257,3.900000000001455,41,0,1
3602,pi4b-01,2026-07-27 22:53:59.567086+00:00,26.2,69.0,,93.1437,True,s01-poor-contact-0728-0423,s01,sitting,poor-contact,47111.1,2819.79,0.236203,99.8,,,5.9854047135388475,1600.125039870938,0.24641200000000002,261.1999999999971,42,0,1
3603,pi4b-01,2026-07-27 22:54:00.538257+00:00,26.2,69.0,,93.0328,True,s01-poor-contact-0728-0423,s01,sitting,poor-contact,48166.7,2819.79,0.245425,99.8,,,5.854231242746545,1469.7530298960592,0.2514875,1055.5999999999985,43,0,1
3604,pi4b-01,2026-07-27 22:54:01.538603+00:00,26.2,69.0,,93.7528,True,s01-poor-contact-0728-0423,s01,sitting,poor-contact,49534.6,2819.79,0.340775,99.8,,,5.692566408126845,1397.0061862981547,0.2658944,1367.9000000000015,44,0,1
3605,pi4b-01,2026-07-27 22:54:02.561221+00:00,26.2,69.0,,91.0836,True,s01-poor-contact-0728-0423,s01,sitting,poor-contact,50494.6,936.304,0.154958,99.8,,,1.8542656046389119,1426.2359047505981,0.24337720000000002,960.0,45,0,1
3606,pi4b-01,2026-07-27 22:54:03.540804+00:00,26.2,69.0,83.4377,88.0444,True,s01-poor-contact-0728-0423,s01,sitting,poor-contact,50116.4,516.432,0.357212,99.8,,,1.0304650773000457,1398.6917867539976,0.25435749999999996,378.1999999999971,46,1,1
3607,pi4b-01,2026-07-27 22:54:04.537933+00:00,26.2,69.0,,80.995,True,s01-poor-contact-0728-0423,s01,sitting,poor-contact,50510.9,2067.36,0.0563027,99.8,,,4.092898760465563,1468.4807249519183,0.23668556999999998,394.5,47,0,1
3608,pi4b-01,2026-07-27 22:54:05.566368+00:00,26.2,69.0,,80.0698,True,s01-poor-contact-0728-0423,s01,sitting,poor-contact,50436.0,2067.36,0.13421,99.8,,,4.098976921246729,1572.2857354111977,0.22446817000000002,74.90000000000146,48,0,1
3609,pi4b-01,2026-07-27 22:54:06.541942+00:00,26.2,69.0,,82.006,True,s01-poor-contact-0728-0423,s01,sitting,poor-contact,50390.5,2067.36,0.0687345,99.8,,,4.10267808416269,1617.5599237053088,0.20293782,45.5,49,0,1
3610,pi4b-01,2026-07-27 22:54:07.541470+00:00,26.2,69.0,,86.4954,True,s01-poor-contact-0728-0423,s01,sitting,poor-contact,51042.5,2452.6,0.207553,99.8,,,4.805015428319537,1525.203872565443,0.19359711999999998,652.0,50,0,1
3611,pi4b-01,2026-07-27 22:54:08.566328+00:00,26.2,69.0,85.3078,88.2053,True,s01-poor-contact-0728-0423,s01,sitting,poor-contact,52309.6,2687.74,0.419764,99.8,,,5.138139079633566,1460.779708428096,0.22211372,1267.0999999999985,51,1,1
3612,pi4b-01,2026-07-27 22:54:09.543026+00:00,26.2,69.0,83.4377,86.4642,True,s01-poor-contact-0728-0423,s01,sitting,poor-contact,52259.3,3459.43,0.502455,99.8,,,6.619740409840927,1210.9200730113957,0.24873892,50.299999999995634,52,1,1
3613,pi4b-01,2026-07-27 22:54:10.539858+00:00,26.2,69.0,85.3078,85.1583,True,s01-poor-contact-0728-0423,s01,sitting,poor-contact,52661.2,3459.43,0.402802,99.8,,,6.569219843072319,1062.9459871297504,0.26447662,401.8999999999942,53,1,1
3614,pi4b-01,2026-07-27 22:54:11.560720+00:00,26.2,69.0,81.5676,82.6275,True,s01-poor-contact-0728-0423,s01,sitting,poor-contact,53183.6,3197.19,0.360079,99.8,,,6.01160884182342,1137.0645620288653,0.26640702000000005,522.4000000000015,54,1,1
3615,pi4b-01,2026-07-27 22:54:12.534700+00:00,26.2,69.0,,81.1207,True,s01-poor-contact-0728-0423,s01,sitting,poor-contact,53428.5,3197.19,0.238479,99.8,,,5.984053454616918,1265.7846641948129,0.27475912,244.90000000000146,55,0,1
3616,pi4b-01,2026-07-27 22:54:13.538509+00:00,26.2,69.0,,80.7272,True,s01-poor-contact-0728-0423,s01,sitting,poor-contact,53074.1,1622.94,0.157303,99.8,,,3.057875687011179,1216.4047195639425,0.25476822,354.40000000000146,56,0,1
3617,pi4b-01,2026-07-27 22:54:14.564615+00:00,26.2,69.0,,85.2634,True,s01-poor-contact-0728-0423,s01,sitting,poor-contact,53056.7,988.152,0.238191,99.8,,,1.862445270814054,1151.1442182067203,0.27295705,17.400000000001455,57,0,1
3618,pi4b-01,2026-07-27 22:54:15.545308+00:00,26.2,69.0,87.0307,90.0463,True,s01-poor-contact-0728-0423,s01,sitting,poor-contact,53091.3,304.748,0.353396,99.8,,,0.5740074174111389,999.3199054577506,0.29487565,34.60000000000582,58,1,1
3619,pi4b-01,2026-07-27 22:54:16.539299+00:00,26.2,69.0,81.5676,92.0617,True,s01-poor-contact-0728-0423,s01,sitting,poor-contact,52996.4,240.864,0.476841,99.8,,,0.4544912484621597,696.5877846886307,0.3356863,94.90000000000146,59,1,1
3620,pi4b-01,2026-07-27 22:54:17.565164+00:00,26.2,69.0,87.0307,92.7022,True,s01-poor-contact-0728-0423,s01,sitting,poor-contact,52945.1,216.504,0.532357,99.8,,,0.40892169435887366,376.92031223775774,0.3681667,51.30000000000291,60,1,1
3621,pi4b-01,2026-07-27 22:54:18.538177+00:00,26.2,69.0,,70.0,True,s01-poor-contact-0728-0423,s01,sitting,poor-contact,54287.9,9179.86,0.0106712,99.8,,,16.909587587657658,523.0947045120182,0.32725741999999997,1342.800000000003,61,0,1
3622,pi4b-01,2026-07-27 22:54:19.538337+00:00,26.2,69.0,88.6671,70.0,True,s01-poor-contact-0728-0423,s01,sitting,poor-contact,52706.8,9179.86,0.380237,99.8,,,17.41684184962851,458.4854055591488,0.31503562,1581.0999999999985,62,1,1
3623,pi4b-01,2026-07-27 22:54:20.560849+00:00,26.2,69.0,89.0555,70.1319,True,s01-poor-contact-0728-0423,s01,sitting,poor-contact,50398.9,9179.86,0.386359,99.8,,,18.21440547313533,981.9910149507854,0.31339132,2307.9000000000015,63,1,1
3624,pi4b-01,2026-07-27 22:54:21.541841+00:00,26.2,69.0,89.948,71.0752,True,s01-poor-contact-0728-0423,s01,sitting,poor-contact,47646.0,9179.86,0.38628,99.8,,,19.2668009906393,1924.2270015370034,0.31601142,2752.9000000000015,64,1,1
3625,pi4b-01,2026-07-27 22:54:22.534981+00:00,26.2,69.0,,81.1473,True,s01-poor-contact-0728-0423,s01,sitting,poor-contact,46613.0,5847.98,0.0880235,99.8,,,12.545813399695364,2595.0437584834885,0.30096586999999997,1033.0,65,0,1
3626,pi4b-01,2026-07-27 22:54:23.560990+00:00,26.2,69.0,,81.3904,True,s01-poor-contact-0728-0423,s01,sitting,poor-contact,38290.4,8452.18,0.257098,99.8,,,22.073887971919852,4900.547168372544,0.31094537,8322.599999999999,66,0,1
3627,pi4b-01,2026-07-27 22:54:24.534897+00:00,26.2,69.0,,81.4375,True,s01-poor-contact-0728-0423,s01,sitting,poor-contact,30377.2,8452.18,0.257084,99.8,,,27.824091753025293,7814.74654895757,0.31283467,7913.200000000001,67,0,1
3628,pi4b-01,2026-07-27 22:54:25.541079+00:00,26.2,69.0,,79.7995,True,s01-poor-contact-0728-0423,s01,sitting,poor-contact,23108.3,8452.18,0.258277,99.8,,,36.57638164642142,10798.816482065673,0.30332276999999996,7268.9000000000015,68,0,1
3629,pi4b-01,2026-07-27 22:54:26.561401+00:00,26.2,69.0,,80.6354,True,s01-poor-contact-0728-0423,s01,sitting,poor-contact,22536.0,28679.2,0.00584123,99.8,,,127.2594959176429,12443.638323541516,0.25622279299999995,572.2999999999993,69,0,1
3630,pi4b-01,2026-07-27 22:54:27.541210+00:00,26.2,69.0,,80.8977,True,s01-poor-contact-0728-0423,s01,sitting,poor-contact,21276.4,28679.2,0.0751693,99.8,,,134.7934801000169,13316.959235121545,0.21050402299999998,1259.5999999999985,70,0,1
3631,pi4b-01,2026-07-27 22:54:28.534902+00:00,26.2,69.0,,82.8664,True,s01-poor-contact-0728-0423,s01,sitting,poor-contact,25642.1,28679.2,0.0771202,99.8,,,111.8441937282828,12661.932116514541,0.21714892299999997,4365.699999999997,71,0,1
3632,pi4b-01,2026-07-27 22:54:29.562311+00:00,26.2,69.0,,83.9062,True,s01-poor-contact-0728-0423,s01,sitting,poor-contact,32995.3,28679.2,0.0753271,99.8,,,86.919046045952,11197.414977792383,0.186657933,7353.200000000004,72,0,1
3633,pi4b-01,2026-07-27 22:54:30.535304+00:00,26.2,69.0,,90.7937,True,s01-poor-contact-0728-0423,s01,sitting,poor-contact,40950.7,2149.0,0.153413,99.8,,,5.24777354233261,9982.155114247083,0.163363333,7955.399999999994,73,0,1
3634,pi4b-01,2026-07-27 22:54:31.538101+00:00,26.2,69.0,,92.5439,True,s01-poor-contact-0728-0423,s01,sitting,poor-contact,42575.3,1806.18,0.184639,99.8,,,4.242318903213835,9254.59679967506,0.14319923299999998,1624.6000000000058,74,0,1
3635,pi4b-01,2026-07-27 22:54:32.564675+00:00,26.2,69.0,,93.8311,True,s01-poor-contact-0728-0423,s01,sitting,poor-contact,43896.1,1815.42,0.307528,99.8,,,4.135720485418978,8821.9361672796,0.165149683,1320.7999999999956,75,0,1
3636,pi4b-01,2026-07-27 22:54:33.540925+00:00,26.2,69.0,,94.2847,True,s01-poor-contact-0728-0423,s01,sitting,poor-contact,46016.5,1815.42,0.192982,99.8,,,3.945150109199961,9711.486235432778,0.158738083,2120.4000000000015,76,0,1
3637,pi4b-01,2026-07-27 22:54:34.538519+00:00,26.2,69.0,,95.2996,True,s01-poor-contact-0728-0423,s01,sitting,poor-contact,47703.3,1373.76,0.083015,99.8,,,2.879800768500292,10699.298187160597,0.141331183,1686.800000000003,77,0,1
3638,pi4b-01,2026-07-27 22:54:35.561250+00:00,26.2,69.0,,95.9681,True,s01-poor-contact-0728-0423,s01,sitting,poor-contact,48577.2,1373.76,0.124795,99.8,,,2.8279933796101875,10672.631944001034,0.127982983,873.8999999999942,78,0,1
3639,pi4b-01,2026-07-27 22:54:36.539019+00:00,26.2,69.0,,96.781,True,s01-poor-contact-0728-0423,s01,sitting,poor-contact,49747.6,828.588,0.136506,99.8,,,1.6655838673624457,9958.74098448751,0.14104946000000002,1170.4000000000015,79,0,1
3640,pi4b-01,2026-07-27 22:54:37.537705+00:00,26.2,69.0,,96.844,True,s01-poor-contact-0728-0423,s01,sitting,poor-contact,50249.1,742.304,0.205428,99.8,,,1.477248348726644,7935.206605277805,0.15407533,501.5,80,0,1
3641,pi4b-01,2026-07-27 22:54:38.559233+00:00,26.2,69.0,,97.0007,True,s01-poor-contact-0728-0423,s01,sitting,poor-contact,50455.2,753.008,0.22192,99.8,,,1.4924289270481539,5452.7699271002475,0.16855530999999999,206.09999999999854,81,0,1
3642,pi4b-01,2026-07-27 22:54:39.544760+00:00,26.2,69.0,,96.7954,True,s01-poor-contact-0728-0423,s01,sitting,poor-contact,50881.1,753.008,0.346405,99.8,,,1.4799365579753583,3570.7495034733865,0.1956631,425.90000000000146,82,0,1
3643,pi4b-01,2026-07-27 22:54:40.545892+00:00,26.2,69.0,,96.6732,True,s01-poor-contact-0728-0423,s01,sitting,poor-contact,51490.1,753.008,0.208616,99.8,,,1.4624325841278227,3073.0665083918752,0.20118339999999998,609.0,83,0,1
3644,pi4b-01,2026-07-27 22:54:41.560051+00:00,26.2,69.0,,78.5576,True,s01-poor-contact-0728-0423,s01,sitting,poor-contact,51612.3,7850.46,0.0238368,99.8,,,15.210444022064507,2529.2020499446553,0.18510318,122.20000000000437,84,0,1
3645,pi4b-01,2026-07-27 22:54:42.540416+00:00,26.2,69.0,91.2385,79.2558,True,s01-poor-contact-0728-0423,s01,sitting,poor-contact,49514.7,8866.18,0.457067,99.8,,,17.906157161408633,1761.4313418668596,0.20005708000000003,2097.600000000006,85,1,1
3646,pi4b-01,2026-07-27 22:54:43.539100+00:00,26.2,69.0,91.2385,79.8318,True,s01-poor-contact-0728-0423,s01,sitting,poor-contact,46548.6,8866.18,0.463826,99.8,,,19.047146423308114,1644.476398803581,0.22714148,2966.0999999999985,86,1,1
3647,pi4b-01,2026-07-27 22:54:44.559624+00:00,26.2,69.0,91.2385,80.4888,True,s01-poor-contact-0728-0423,s01,sitting,poor-contact,43625.0,8866.18,0.461671,99.8,,,20.3236217765043,2481.3568628876815,0.26500708,2923.5999999999985,87,1,1
3648,pi4b-01,2026-07-27 22:54:45.535316+00:00,26.2,69.0,,81.4145,True,s01-poor-contact-0728-0423,s01,sitting,poor-contact,40800.2,8624.1,0.167813,99.8,,,21.13739638531184,3660.979742713063,0.26930888000000003,2824.800000000003,88,0,1
3649,pi4b-01,2026-07-27 22:54:46.541169+00:00,26.2,69.0,,90.3446,True,s01-poor-contact-0728-0423,s01,sitting,poor-contact,38434.4,763.92,0.244021,99.8,,,1.98759444664155,4800.621665310063,0.28006038,2365.7999999999956,89,0,1
3650,pi4b-01,2026-07-27 22:54:47.562974+00:00,26.2,69.0,,91.0613,True,s01-poor-contact-0728-0423,s01,sitting,poor-contact,37953.2,651.176,0.199763,99.8,,,1.7157341146464598,5502.142010526447,0.27949388000000003,481.20000000000437,90,0,1
3651,pi4b-01,2026-07-27 22:54:48.538077+00:00,26.2,69.0,,90.104,True,s01-poor-contact-0728-0423,s01,sitting,poor-contact,38287.4,1667.65,0.152826,99.8,,,4.355610461927423,5778.231188982787,0.27258448,334.20000000000437,91,0,1
3652,pi4b-01,2026-07-27 22:54:49.535467+00:00,26.2,69.0,,92.1779,True,s01-poor-contact-0728-0423,s01,sitting,poor-contact,38871.9,2020.65,0.220275,99.8,,,5.198228025900457,5646.897038551367,0.25997148,584.5,92,0,1
3653,pi4b-01,2026-07-27 22:54:50.560585+00:00,26.2,69.0,,92.541,True,s01-poor-contact-0728-0423,s01,sitting,poor-contact,40181.8,2254.14,0.239128,99.8,,,5.609853217128151,5013.348632124292,0.26302268,1309.9000000000015,93,0,1
3654,pi4b-01,2026-07-27 22:54:51.538689+00:00,26.2,69.0,,94.5422,True,s01-poor-contact-0728-0423,s01,sitting,poor-contact,42550.2,3278.59,0.166773,99.8,,,7.705228177540882,3893.9087198113116,0.27731629999999996,2368.399999999994,94,0,1
3655,pi4b-01,2026-07-27 22:54:52.540120+00:00,26.2,69.0,91.2385,96.1252,True,s01-poor-contact-0728-0423,s01,sitting,poor-contact,45354.9,3613.63,0.455255,99.8,,,7.967452248819863,3106.043866113709,0.2771351,2804.7000000000044,95,1,1
3656,pi4b-01,2026-07-27 22:54:53.564333+00:00,26.2,69.0,91.1645,95.3179,True,s01-poor-contact-0728-0423,s01,sitting,poor-contact,47704.8,3613.63,0.543823,99.8,,,7.574981972463987,3337.635495310404,0.28513479999999997,2349.9000000000015,96,1,1
3657,pi4b-01,2026-07-27 22:54:54.535056+00:00,26.2,69.0,91.1609,84.2194,True,s01-poor-contact-0728-0423,s01,sitting,poor-contact,49504.3,6028.36,0.393323,99.8,,,12.17744721165636,4187.39472264349,0.2783,1799.5,97,1,1
3658,pi4b-01,2026-07-27 22:54:55.540528+00:00,26.2,69.0,,80.4977,True,s01-poor-contact-0728-0423,s01,sitting,poor-contact,46387.4,11942.9,0.165636,99.8,,,25.745999991376966,4382.989387532499,0.2780823,3116.9000000000015,98,0,1
3659,pi4b-01,2026-07-27 22:54:56.562231+00:00,26.2,69.0,,80.6946,True,s01-poor-contact-0728-0423,s01,sitting,poor-contact,41806.9,11942.9,0.149268,99.8,,,28.566815525666815,4157.375440988412,0.268607,4580.5,99,0,1
3660,pi4b-01,2026-07-27 22:54:57.540165+00:00,26.2,69.0,,80.6689,True,s01-poor-contact-0728-0423,s01,sitting,poor-contact,38084.9,11942.9,0.143035,99.8,,,31.35862244616633,4140.276702307096,0.2629342,3722.0,100,0,1
3661,pi4b-01,2026-07-27 22:54:58.538489+00:00,26.2,69.0,,80.8253,True,s01-poor-contact-0728-0423,s01,sitting,poor-contact,34493.5,18599.8,0.150029,99.8,,,53.922623102903444,4737.9010850328905,0.2626545,3591.4000000000015,101,0,1
3662,pi4b-01,2026-07-27 22:54:59.562713+00:00,26.3,69.0,,80.4479,True,s01-poor-contact-0728-0423,s01,sitting,poor-contact,32614.3,26128.2,0.157894,99.8,,,80.11271129535204,5603.602204931346,0.25641640000000004,1879.2000000000007,102,0,1
3663,pi4b-01,2026-07-27 22:55:00.536043+00:00,26.3,69.0,,80.0546,True,s01-poor-contact-0728-0423,s01,sitting,poor-contact,35019.4,26128.2,0.155112,99.8,,,74.61064438568337,6000.012320579974,0.24801480000000004,2405.100000000002,103,0,1
3664,pi4b-01,2026-07-27 22:55:01.540599+00:00,26.3,69.0,,78.7639,True,s01-poor-contact-0728-0423,s01,sitting,poor-contact,39651.4,26128.2,0.161993,99.8,,,65.89477294622637,6005.717012018201,0.2475368,4632.0,104,0,1
3665,pi4b-01,2026-07-27 22:55:02.564152+00:00,26.3,69.0,,78.1096,True,s01-poor-contact-0728-0423,s01,sitting,poor-contact,43456.6,20277.7,0.217776,99.8,,,46.66195698697091,5883.717450208607,0.2237889,3805.199999999997,105,0,1
3666,pi4b-01,2026-07-27 22:55:03.539747+00:00,26.3,69.0,,76.6483,True,s01-poor-contact-0728-0423,s01,sitting,poor-contact,47084.6,15173.4,0.196472,99.8,,,32.22582330528453,5806.456096076768,0.1890538,3628.0,106,0,1
3667,pi4b-01,2026-07-27 22:55:04.539284+00:00,26.3,69.0,,72.3642,True,s01-poor-contact-0728-0423,s01,sitting,poor-contact,49054.9,10578.5,0.0602959,99.8,,,21.564614340259585,5732.96525610151,0.15575109,1970.300000000003,107,0,1
3668,pi4b-01,2026-07-27 22:55:05.561903+00:00,26.6,69.0,,76.1142,True,s01-poor-contact-0728-0423,s01,sitting,poor-contact,50427.4,10850.2,0.189625,99.8,,,21.516477153293646,6288.590165697831,0.15814999000000002,1372.5,108,0,1
3669,pi4b-01,2026-07-27 22:55:06.535734+00:00,26.6,69.0,,75.5605,True,s01-poor-contact-0728-0423,s01,sitting,poor-contact,50758.9,11076.6,0.136618,99.8,,,21.821985898039557,6987.733292380639,0.15688499,331.5,109,0,1
3670,pi4b-01,2026-07-27 22:55:07.538816+00:00,26.6,69.0,,76.5391,True,s01-poor-contact-0728-0423,s01,sitting,poor-contact,50656.6,11076.6,0.247539,99.8,,,21.866054966184073,7315.399953704987,0.16733539,102.30000000000291,110,0,1
3671,pi4b-01,2026-07-27 22:55:08.563426+00:00,26.7,69.0,47.7753,75.781,True,s01-poor-contact-0728-0423,s01,sitting,poor-contact,50421.4,11983.2,0.510762,99.8,,,23.766099314973406,6901.95304086702,0.20340869,235.1999999999971,111,1,1
3672,pi4b-01,2026-07-27 22:55:09.536207+00:00,26.7,69.0,,74.9121,True,s01-poor-contact-0728-0423,s01,sitting,poor-contact,50301.2,11252.0,0.304411,99.8,,,22.36924765214349,5529.414345158491,0.21806039000000005,120.20000000000437,112,0,1
3673,pi4b-01,2026-07-27 22:55:10.540994+00:00,26.7,69.0,,76.245,True,s01-poor-contact-0728-0423,s01,sitting,poor-contact,49360.1,11252.0,0.138313,99.8,,,22.795739878971073,3737.566874451882,0.21638049,941.0999999999985,113,0,1
3674,pi4b-01,2026-07-27 22:55:11.565021+00:00,26.7,69.0,,76.3856,True,s01-poor-contact-0728-0423,s01,sitting,poor-contact,46425.3,9884.68,0.190264,99.8,,,21.29158023749981,2411.2548337604876,0.21920758999999998,2934.7999999999956,114,0,1
3675,pi4b-01,2026-07-27 22:55:12.536164+00:00,26.7,69.0,,78.4092,True,s01-poor-contact-0728-0423,s01,sitting,poor-contact,43774.2,7575.22,0.28153,99.8,,,17.305216314632823,2333.9849214975156,0.22558299,2651.100000000006,115,0,1
3676,pi4b-01,2026-07-27 22:55:13.535639+00:00,26.7,69.0,,79.2332,True,s01-poor-contact-0728-0423,s01,sitting,poor-contact,41566.4,7575.22,0.267537,99.8,,,18.2243831556257,3260.141652409874,0.23268949,2207.7999999999956,116,0,1
3677,pi4b-01,2026-07-27 22:55:14.563796+00:00,26.7,69.0,,83.0201,True,s01-poor-contact-0728-0423,s01,sitting,poor-contact,39641.0,5912.12,0.169334,99.8,,,14.9141545369693,4225.918637869042,0.24359330000000004,1925.4000000000015,117,0,1
3678,pi4b-01,2026-07-27 22:55:15.535176+00:00,26.7,69.0,,83.7697,True,s01-poor-contact-0728-0423,s01,sitting,poor-contact,38755.7,2935.65,0.271995,99.8,,,7.5747567454593785,4843.130721800161,0.25183030000000006,885.3000000000029,118,0,1
3679,pi4b-01,2026-07-27 22:55:16.542276+00:00,26.7,69.0,,80.2531,True,s01-poor-contact-0728-0423,s01,sitting,poor-contact,40218.3,9918.82,0.136467,99.8,,,24.66245465372728,4879.377273974407,0.25181519999999996,1462.6000000000058,119,0,1
3680,pi4b-01,2026-07-27 22:55:17.563312+00:00,26.7,69.0,,78.5922,True,s01-poor-contact-0728-0423,s01,sitting,poor-contact,41602.9,11754.9,0.237196,99.8,,,28.255001454225543,4566.174069113509,0.2507809,1384.5999999999985,120,0,1
3681,pi4b-01,2026-07-27 22:55:18.537627+00:00,26.7,69.0,,78.9401,True,s01-poor-contact-0728-0423,s01,sitting,poor-contact,42410.0,11754.9,0.246306,99.8,,,27.717283659514262,4025.4204932735774,0.2243353,807.0999999999985,121,0,1
3682,pi4b-01,2026-07-27 22:55:19.540227+00:00,26.7,69.0,,78.9806,True,s01-poor-contact-0728-0423,s01,sitting,poor-contact,43298.8,11754.9,0.255033,99.8,,,27.148327436326174,3221.3450813976315,0.2193975,888.8000000000029,122,0,1
3683,pi4b-01,2026-07-27 22:55:20.561104+00:00,26.7,69.0,,78.9184,True,s01-poor-contact-0728-0423,s01,sitting,poor-contact,44967.3,11754.9,0.0854323,99.8,,,26.140995790274264,2410.484631055723,0.21410943,1668.5,123,0,1
3684,pi4b-01,2026-07-27 22:55:21.539668+00:00,26.7,69.0,,96.2786,True,s01-poor-contact-0728-0423,s01,sitting,poor-contact,45130.1,3146.71,0.20437,99.8,,,6.972530528405654,2186.5609100696774,0.21552003000000003,162.79999999999563,124,0,1
3685,pi4b-01,2026-07-27 22:55:22.540546+00:00,26.7,69.0,,96.2263,True,s01-poor-contact-0728-0423,s01,sitting,poor-contact,45290.3,2870.68,0.13277,99.8,,,6.338399171566538,2358.532163962309,0.20064403,160.20000000000437,125,0,1
3686,pi4b-01,2026-07-27 22:55:23.563476+00:00,26.7,69.0,,96.4727,True,s01-poor-contact-0728-0423,s01,sitting,poor-contact,46604.6,3510.16,0.142378,99.8,,,7.531788707552474,2700.5604907953284,0.18812813,1314.2999999999956,126,0,1
3687,pi4b-01,2026-07-27 22:55:24.535282+00:00,26.7,69.0,,96.218,True,s01-poor-contact-0728-0423,s01,sitting,poor-contact,47792.7,3510.16,0.140767,99.8,,,7.34455261996079,2868.837380097494,0.18527143,1188.0999999999985,127,0,1
3688,pi4b-01,2026-07-27 22:55:25.536268+00:00,26.7,69.0,,84.2252,True,s01-poor-contact-0728-0423,s01,sitting,poor-contact,48508.6,3510.16,0.113517,99.8,,,7.236160186028869,2688.4392590001867,0.16942363,715.9000000000015,128,0,1
3689,pi4b-01,2026-07-27 22:55:26.563214+00:00,26.7,69.0,47.7753,76.9202,True,s01-poor-contact-0728-0423,s01,sitting,poor-contact,48496.6,16870.2,0.353508,99.8,,,34.786356156926466,2460.1847457502677,0.19112773,12.0,129,1,1
3690,pi4b-01,2026-07-27 22:55:27.537541+00:00,26.7,69.0,,74.554,True,s01-poor-contact-0728-0423,s01,sitting,poor-contact,48598.8,17979.1,0.199114,99.8,,,36.9949463772768,2242.2730470068486,0.18731952999999998,102.20000000000437,130,0,1
3691,pi4b-01,2026-07-27 22:55:28.536833+00:00,26.7,69.0,,74.7304,True,s01-poor-contact-0728-0423,s01,sitting,poor-contact,48173.4,17979.1,0.216938,99.8,,,37.321633930758466,1900.25066346522,0.18438273,425.40000000000146,131,0,1
3692,pi4b-01,2026-07-27 22:55:29.566429+00:00,26.7,69.0,,74.9119,True,s01-poor-contact-0728-0423,s01,sitting,poor-contact,47745.4,17979.1,0.22809,99.8,,,37.656193057341646,1497.0150090541242,0.18168842999999998,428.0,132,0,1
3693,pi4b-01,2026-07-27 22:55:30.541198+00:00,26.7,69.0,,74.8842,True,s01-poor-contact-0728-0423,s01,sitting,poor-contact,47441.8,15721.6,0.14301,99.8,,,33.13870890227605,1289.8431489913692,0.1874462,303.59999999999854,133,0,1
3694,pi4b-01,2026-07-27 22:55:31.539464+00:00,26.7,69.0,47.7753,78.2866,True,s01-poor-contact-0728-0423,s01,sitting,poor-contact,48320.2,16265.3,0.399231,99.8,,,33.66149146733664,1042.9021113113756,0.20693229999999999,878.3999999999942,134,1,1
3695,pi4b-01,2026-07-27 22:55:32.558773+00:00,26.7,69.0,47.7753,78.4953,True,s01-poor-contact-0728-0423,s01,sitting,poor-contact,48860.8,16265.3,0.421755,99.8,,,33.289057895081534,672.8437171190553,0.2358308,540.6000000000058,135,1,1
3696,pi4b-01,2026-07-27 22:55:33.538574+00:00,26.7,69.0,52.8062,78.6369,True,s01-poor-contact-0728-0423,s01,sitting,poor-contact,49238.8,16265.3,0.423939,99.8,,,33.033502034980536,545.8968043503278,0.2639869,378.0,136,1,1
3697,pi4b-01,2026-07-27 22:55:34.540401+00:00,26.7,69.0,,78.8387,True,s01-poor-contact-0728-0423,s01,sitting,poor-contact,49484.8,16265.3,0.18079,99.8,,,32.86928511381272,622.019400912059,0.2679892,246.0,137,0,1
3698,pi4b-01,2026-07-27 22:55:35.567300+00:00,26.7,69.0,,86.52,True,s01-poor-contact-0728-0423,s01,sitting,poor-contact,49540.3,6836.58,0.0518061,99.8,,,13.80003754519048,705.9172227990487,0.26181811,55.5,138,0,1
3699,pi4b-01,2026-07-27 22:55:36.540163+00:00,26.7,69.0,,84.3567,True,s01-poor-contact-0728-0423,s01,sitting,poor-contact,49059.6,8507.07,0.112962,99.8,,,17.340275909302154,719.9440170364211,0.23776351,480.70000000000437,139,0,1
3700,pi4b-01,2026-07-27 22:55:37.539837+00:00,26.7,69.0,,85.0623,True,s01-poor-contact-0728-0423,s01,sitting,poor-contact,40104.3,42530.1,0.135067,99.8,,,106.04872794189151,2797.106803347574,0.23135881,8955.299999999996,140,0,1
3701,pi4b-01,2026-07-27 22:55:38.560732+00:00,26.7,69.0,,81.4224,True,s01-poor-contact-0728-0423,s01,sitting,poor-contact,38410.6,42530.1,0.228498,99.8,,,110.72490406294095,4066.7307140311736,0.23251481000000002,1693.7000000000044,141,0,1
3702,pi4b-01,2026-07-27 22:55:39.537186+00:00,26.7,69.0,,80.458,True,s01-poor-contact-0728-0423,s01,sitting,poor-contact,37125.4,42530.1,0.230109,99.8,,,114.55795762469899,5063.037852953957,0.23271671,1285.199999999997,142,0,1
3703,pi4b-01,2026-07-27 22:55:40.535934+00:00,26.7,69.0,,79.1656,True,s01-poor-contact-0728-0423,s01,sitting,poor-contact,35549.6,42530.1,0.209334,99.8,,,119.63594527083285,5943.798583808942,0.23934910999999998,1575.800000000003,143,0,1
3704,pi4b-01,2026-07-27 22:55:41.567498+00:00,26.7,69.0,,73.0646,True,s01-poor-contact-0728-0423,s01,sitting,poor-contact,34463.8,31540.1,0.07742,99.8,,,91.51660582988525,6555.866343122723,0.20716801,1085.7999999999956,144,0,1
3705,pi4b-01,2026-07-27 22:55:42.537628+00:00,26.7,69.0,,82.7543,True,s01-poor-contact-0728-0423,s01,sitting,poor-contact,42753.0,2697.64,0.0537956,99.8,,,6.309826211026126,6245.364406555245,0.17037207000000001,8289.199999999997,145,0,1
3706,pi4b-01,2026-07-27 22:55:43.536137+00:00,26.7,69.0,,84.3494,True,s01-poor-contact-0728-0423,s01,sitting,poor-contact,43560.3,13003.1,0.0560506,99.8,,,29.850804516956952,5815.2935504486295,0.13358323,807.3000000000029,146,0,1
3707,pi4b-01,2026-07-27 22:55:44.563292+00:00,26.7,69.0,,82.5791,True,s01-poor-contact-0728-0423,s01,sitting,poor-contact,44600.5,13003.1,0.201517,99.8,,,29.154605890068495,5299.517650210204,0.13565593,1040.199999999997,147,0,1
3708,pi4b-01,2026-07-27 22:55:45.538188+00:00,26.7,69.0,,82.555,True,s01-poor-contact-0728-0423,s01,sitting,poor-contact,45975.3,13003.1,0.196194,99.8,,,28.28279532705605,4795.765558443843,0.15009472000000001,1374.800000000003,148,0,1
3709,pi4b-01,2026-07-27 22:55:46.536213+00:00,26.7,69.0,,82.3698,True,s01-poor-contact-0728-0423,s01,sitting,poor-contact,46987.5,13003.1,0.221241,99.8,,,27.673530194200584,4448.745347236253,0.16092262000000002,1012.1999999999971,149,0,1
3710,pi4b-01,2026-07-27 22:55:47.571828+00:00,26.7,69.0,,80.2719,True,s01-poor-contact-0728-0423,s01,sitting,poor-contact,47097.1,8576.57,0.175257,99.8,,,18.21039936641534,4833.463732137592,0.16494162,109.59999999999854,150,0,1
3711,pi4b-01,2026-07-27 22:55:48.537830+00:00,26.7,69.0,,80.0598,True,s01-poor-contact-0728-0423,s01,sitting,poor-contact,46748.8,1099.28,0.230898,99.8,,,2.351461427886919,4930.3404606466465,0.16518161999999997,348.29999999999563,151,0,1
3712,pi4b-01,2026-07-27 22:55:49.536631+00:00,26.7,69.0,52.8062,77.3104,True,s01-poor-contact-0728-0423,s01,sitting,poor-contact,45054.4,1132.06,0.398967,99.8,,,2.512651372562946,4598.864522671797,0.18206742,1694.4000000000015,152,1,1
3713,pi4b-01,2026-07-27 22:55:50.564230+00:00,26.7,69.0,,78.319,True,s01-poor-contact-0728-0423,s01,sitting,poor-contact,43040.3,1132.06,0.318315,99.8,,,2.6302325959623887,3727.493040756644,0.19296552,2014.0999999999985,153,0,1
3714,pi4b-01,2026-07-27 22:55:51.535007+00:00,26.7,69.0,,70.0,True,s01-poor-contact-0728-0423,s01,sitting,poor-contact,41810.6,2203.28,0.0766113,99.8,,,5.269668457281169,1917.5147125613244,0.19288465000000002,1229.7000000000044,154,0,1
3715,pi4b-01,2026-07-27 22:55:52.536340+00:00,26.7,69.0,,86.3504,True,s01-poor-contact-0728-0423,s01,sitting,poor-contact,39194.9,13082.9,0.115673,99.8,,,33.37908758537463,2555.774041068633,0.19907239,2615.699999999997,155,0,1
3716,pi4b-01,2026-07-27 22:55:53.564722+00:00,26.7,69.0,,86.5047,True,s01-poor-contact-0728-0423,s01,sitting,poor-contact,38706.7,13082.9,0.180978,99.8,,,33.80009145703457,3130.642696334326,0.21156513000000002,488.20000000000437,156,0,1
3717,pi4b-01,2026-07-27 22:55:54.537666+00:00,26.7,69.0,,85.6656,True,s01-poor-contact-0728-0423,s01,sitting,poor-contact,39041.4,13082.9,0.22955,99.8,,,33.51032493711803,3471.687261260785,0.21436843,334.70000000000437,157,0,1
3718,pi4b-01,2026-07-27 22:55:55.540836+00:00,26.7,69.0,,86.5145,True,s01-poor-contact-0728-0423,s01,sitting,poor-contact,39633.8,13082.9,0.205137,99.8,,,33.009451528745664,3520.8760776104236,0.21526272999999999,592.4000000000015,158,0,1
3719,pi4b-01,2026-07-27 22:55:56.561468+00:00,26.7,69.0,,83.686,True,s01-poor-contact-0728-0423,s01,sitting,poor-contact,39510.0,7931.68,0.232506,99.8,,,20.075120222728422,3303.9217195462484,0.21638923000000002,123.80000000000291,159,0,1
3720,pi4b-01,2026-07-27 22:55:57.537570+00:00,26.7,69.0,,77.2338,True,s01-poor-contact-0728-0423,s01,sitting,poor-contact,40321.9,5345.61,0.149416,99.8,,,13.257336583841534,2794.2168407068025,0.21380512999999998,811.9000000000015,160,0,1
3721,pi4b-01,2026-07-27 22:55:58.540046+00:00,26.7,69.0,,83.6427,True,s01-poor-contact-0728-0423,s01,sitting,poor-contact,39211.5,13546.8,0.11951,99.8,,,34.54802800198921,2091.1140025515956,0.20266633,1110.4000000000015,161,0,1
3722,pi4b-01,2026-07-27 22:55:59.566944+00:00,26.7,69.0,,82.3476,True,s01-poor-contact-0728-0423,s01,sitting,poor-contact,38722.9,14125.5,0.281811,99.8,,,36.478414581552514,1430.8892503151383,0.19095073,488.59999999999854,162,0,1
3723,pi4b-01,2026-07-27 22:56:00.545565+00:00,26.7,69.0,,82.2351,True,s01-poor-contact-0728-0423,s01,sitting,poor-contact,38086.2,14125.5,0.288157,99.8,,,37.08823668415332,1032.434618269263,0.18793493,636.7000000000044,163,0,1
3724,pi4b-01,2026-07-27 22:56:01.535899+00:00,26.7,69.0,,82.5343,True,s01-poor-contact-0728-0423,s01,sitting,poor-contact,38225.9,14125.5,0.292218,99.8,,,36.95269437737241,670.6378486193814,0.20949559999999998,139.70000000000437,164,0,1
3725,pi4b-01,2026-07-27 22:56:02.562703+00:00,26.7,69.0,,80.8818,True,s01-poor-contact-0728-0423,s01,sitting,poor-contact,39270.9,9569.3,0.145161,99.8,,,24.36740690944185,672.6944391365788,0.2124444,1045.0,165,0,1
3726,pi4b-01,2026-07-27 22:56:03.540742+00:00,26.7,69.0,52.9395,70.0,True,s01-poor-contact-0728-0423,s01,sitting,poor-contact,41019.1,1826.57,0.386575,99.8,,,4.452974346097307,893.8378826416196,0.2330041,1748.199999999997,166,1,1
3727,pi4b-01,2026-07-27 22:56:04.535170+00:00,26.7,69.0,53.2336,70.0,True,s01-poor-contact-0728-0423,s01,sitting,poor-contact,41796.0,2132.26,0.433021,99.8,,,5.101588668772132,1181.8467308039114,0.2533512,776.9000000000015,167,1,1
3728,pi4b-01,2026-07-27 22:56:05.560758+00:00,26.7,69.0,,70.0,True,s01-poor-contact-0728-0423,s01,sitting,poor-contact,42406.9,2132.26,0.257187,99.8,,,5.028096842730783,1482.9143371155935,0.2585562,610.9000000000015,168,0,1
3729,pi4b-01,2026-07-27 22:56:06.545389+00:00,26.7,69.0,,70.0,True,s01-poor-contact-0728-0423,s01,sitting,poor-contact,42323.0,2132.26,0.206331,99.8,,,5.038064409422773,1665.3339038231802,0.25593869999999996,83.90000000000146,169,0,1
3730,pi4b-01,2026-07-27 22:56:07.538538+00:00,26.7,69.0,,70.0,True,s01-poor-contact-0728-0423,s01,sitting,poor-contact,42073.7,3933.85,0.133363,99.8,,,9.349902670789591,1775.2859396917947,0.2543334,249.3000000000029,170,0,1
3731,pi4b-01,2026-07-27 22:56:08.562231+00:00,26.7,69.0,,70.0,True,s01-poor-contact-0728-0423,s01,sitting,poor-contact,42819.8,4869.79,0.298901,99.8,,,11.372752791932703,1889.4185020795887,0.2722725,746.1000000000058,171,0,1
3732,pi4b-01,2026-07-27 22:56:09.537245+00:00,26.7,69.0,,70.0,True,s01-poor-contact-0728-0423,s01,sitting,poor-contact,44409.1,4869.79,0.34718,99.8,,,10.965748011105832,2082.6001478922008,0.2788094,1589.2999999999956,172,0,1
3733,pi4b-01,2026-07-27 22:56:10.537421+00:00,26.7,69.0,,76.2042,True,s01-poor-contact-0728-0423,s01,sitting,poor-contact,46020.2,7129.87,0.231642,99.8,,,15.492913981251712,2250.814082455124,0.2731579,1611.0999999999985,173,0,1
3734,pi4b-01,2026-07-27 22:56:11.559599+00:00,26.7,69.0,53.2336,70.0,True,s01-poor-contact-0728-0423,s01,sitting,poor-contact,47755.0,11373.5,0.388144,99.8,,,23.816354308449377,2465.2345807020706,0.2827505,1734.800000000003,174,1,1
3735,pi4b-01,2026-07-27 22:56:12.546928+00:00,26.7,69.0,82.0486,70.0,True,s01-poor-contact-0728-0423,s01,sitting,poor-contact,48608.3,11373.5,0.38518,99.8,,,23.39826737409043,2660.8913537677354,0.30675240000000004,853.3000000000029,175,1,1
3736,pi4b-01,2026-07-27 22:56:13.535512+00:00,26.7,69.0,,70.0,True,s01-poor-contact-0728-0423,s01,sitting,poor-contact,48368.4,11373.5,0.186312,99.8,,,23.514319266297832,2781.869739421919,0.2867261,239.90000000000146,176,0,1
3737,pi4b-01,2026-07-27 22:56:14.562590+00:00,26.7,69.0,,79.0208,True,s01-poor-contact-0728-0423,s01,sitting,poor-contact,41215.4,36667.2,0.140153,99.8,,,88.96480441776616,2853.3796880191517,0.2574393,7153.0,177,0,1
3738,pi4b-01,2026-07-27 22:56:15.536802+00:00,26.7,69.0,,82.4101,True,s01-poor-contact-0728-0423,s01,sitting,poor-contact,34236.8,36667.2,0.193955,99.8,,,107.09879427983921,4335.727892510004,0.2511161,6978.5999999999985,178,0,1
3739,pi4b-01,2026-07-27 22:57:13.224641+00:00,26.7,69.0,,,False,s01-poor-contact-0728-0427,s01,sitting,poor-contact,0.0,0.0,0.0,99.5,,,0.0,0.0,0.0,0.0,0,0,1
3740,pi4b-01,2026-07-27 22:57:14.198054+00:00,26.7,69.0,,,False,s01-poor-contact-0728-0427,s01,sitting,poor-contact,0.0,0.0,0.0,99.4,,,0.0,0.0,0.0,0.0,1,0,1
3741,pi4b-01,2026-07-27 22:57:15.197103+00:00,26.7,69.0,,,False,s01-poor-contact-0728-0427,s01,sitting,poor-contact,0.0,0.0,0.0,99.6,,,0.0,0.0,0.0,0.0,2,0,1
3742,pi4b-01,2026-07-27 22:57:16.223703+00:00,26.7,69.0,,81.1305,True,s01-poor-contact-0728-0427,s01,sitting,poor-contact,48707.7,10840.8,0.0258276,99.7,,,22.25685055956245,24353.85,0.0064569,48707.7,3,0,1
3743,pi4b-01,2026-07-27 22:57:17.201956+00:00,26.7,69.0,,81.098,True,s01-poor-contact-0728-0427,s01,sitting,poor-contact,48364.7,10840.8,0.0242348,99.7,,,22.414695015166018,26584.648187572464,0.01001248,343.0,4,0,1
3744,pi4b-01,2026-07-27 22:57:18.199862+00:00,26.7,69.0,,78.1598,True,s01-poor-contact-0728-0427,s01,sitting,poor-contact,47537.8,5543.46,0.0725962,99.8,,,11.66116227507373,26404.82916771097,0.020443100000000002,826.8999999999942,5,0,1
3745,pi4b-01,2026-07-27 22:57:19.226439+00:00,26.7,69.0,,77.9435,True,s01-poor-contact-0728-0427,s01,sitting,poor-contact,47346.3,5543.46,0.0614798,99.8,,,11.708327789077497,25655.405859899984,0.026305485714285714,191.5,6,0,1
3746,pi4b-01,2026-07-27 22:57:20.205627+00:00,26.7,69.0,,77.6016,True,s01-poor-contact-0728-0427,s01,sitting,poor-contact,48132.3,2036.8,0.33976,99.7,,,4.231669793465095,24855.26134448916,0.0654873,786.0,7,0,1
3747,pi4b-01,2026-07-27 22:57:21.202169+00:00,26.7,69.0,,80.8672,True,s01-poor-contact-0728-0427,s01,sitting,poor-contact,48518.7,2951.48,0.178364,99.8,,,6.083180299554606,24054.522299975113,0.07802915555555556,386.3999999999942,8,0,1
3748,pi4b-01,2026-07-27 22:57:22.225048+00:00,26.7,69.0,,81.7449,True,s01-poor-contact-0728-0427,s01,sitting,poor-contact,49188.3,2951.48,0.114949,99.8,,,6.000370006688582,23316.112592930716,0.08172114,669.6000000000058,9,0,1
3749,pi4b-01,2026-07-27 22:57:23.203425+00:00,26.7,69.0,,83.3756,True,s01-poor-contact-0728-0427,s01,sitting,poor-contact,50117.8,2671.0,0.21587,99.8,,,5.329443830335729,20459.90110251975,0.10330813999999999,929.5,10,0,1
3750,pi4b-01,2026-07-27 22:57:24.224109+00:00,26.7,69.0,198.332,89.9273,True,s01-poor-contact-0728-0427,s01,sitting,poor-contact,50372.9,36564.9,0.459346,99.7,,,72.58843544842564,15431.16446533155,0.14924273999999998,255.09999999999854,11,1,1
3751,pi4b-01,2026-07-27 22:57:25.222205+00:00,26.7,69.0,,88.9966,True,s01-poor-contact-0728-0427,s01,sitting,poor-contact,49992.6,36564.9,0.527911,99.8,,,73.14062481247225,1064.8549253824028,0.20203384,380.3000000000029,12,0,1
3752,pi4b-01,2026-07-27 22:57:26.205921+00:00,26.7,69.0,,86.769,True,s01-poor-contact-0728-0427,s01,sitting,poor-contact,44502.0,42961.0,0.168338,99.8,,,96.53723428160532,1736.3915247176155,0.21628487999999998,5490.5999999999985,13,0,1
3753,pi4b-01,2026-07-27 22:57:27.207734+00:00,26.7,69.0,,86.0418,True,s01-poor-contact-0728-0427,s01,sitting,poor-contact,40220.4,42961.0,0.133326,99.8,,,106.81395510735845,3118.5236159475016,0.22719400000000003,4281.5999999999985,14,0,1
3754,pi4b-01,2026-07-27 22:57:28.224390+00:00,26.7,69.0,,84.9314,True,s01-poor-contact-0728-0427,s01,sitting,poor-contact,40997.3,39814.1,0.229488,99.7,,,97.11395628492608,3752.7460467710334,0.24288318000000003,776.9000000000015,15,0,1
3755,pi4b-01,2026-07-27 22:57:29.198249+00:00,26.7,69.0,,84.6292,True,s01-poor-contact-0728-0427,s01,sitting,poor-contact,41072.5,39814.1,0.230555,99.8,,,96.93614949175239,4177.453260274476,0.2597907,75.19999999999709,16,0,1
3756,pi4b-01,2026-07-27 22:57:30.199625+00:00,26.7,69.0,,84.2457,True,s01-poor-contact-0728-0427,s01,sitting,poor-contact,39652.4,26310.6,0.233758,99.8,,,66.35310851297777,4605.517611746935,0.2491905,1420.0999999999985,17,0,1
3757,pi4b-01,2026-07-27 22:57:31.225958+00:00,26.7,69.0,,84.8707,True,s01-poor-contact-0728-0427,s01,sitting,poor-contact,43398.6,16791.2,0.121891,99.8,,,38.690649007110835,4511.775363990454,0.24354320000000002,3746.199999999997,18,0,1
3758,pi4b-01,2026-07-27 22:57:32.199106+00:00,26.7,69.0,,80.4514,True,s01-poor-contact-0728-0427,s01,sitting,poor-contact,46463.7,2244.52,0.0948705,99.7,,,4.830695790477297,4305.0212738666605,0.24153534999999998,3065.0999999999985,19,0,1
3759,pi4b-01,2026-07-27 22:57:33.197857+00:00,26.7,69.0,,83.1657,True,s01-poor-contact-0728-0427,s01,sitting,poor-contact,44569.2,2052.02,0.205577,99.8,,,4.604121231702611,3860.79885032447,0.24050605000000003,1894.5,20,0,1
3760,pi4b-01,2026-07-27 22:57:34.223636+00:00,26.7,69.0,,83.6398,True,s01-poor-contact-0728-0427,s01,sitting,poor-contact,43225.5,2052.02,0.211919,99.8,,,4.747244103596257,3176.374862358394,0.21576335000000002,1343.699999999997,21,0,1
3761,pi4b-01,2026-07-27 22:57:35.197827+00:00,26.7,69.0,,84.2774,True,s01-poor-contact-0728-0427,s01,sitting,poor-contact,43153.8,2052.02,0.169491,99.7,,,4.755131645417089,2182.108550207568,0.17992135,71.69999999999709,22,0,1
3762,pi4b-01,2026-07-27 22:57:36.201824+00:00,26.7,69.0,,82.3526,True,s01-poor-contact-0728-0427,s01,sitting,poor-contact,41450.2,15592.7,0.0596308,99.7,,,37.61791257943267,2118.5349545801373,0.16905063,1703.6000000000058,23,0,1
3763,pi4b-01,2026-07-27 22:57:37.227689+00:00,26.7,69.0,,80.6408,True,s01-poor-contact-0728-0427,s01,sitting,poor-contact,42037.0,31302.5,0.216034,99.7,,,74.46416252349121,1982.4465949371408,0.17732143,586.8000000000029,24,0,1
3764,pi4b-01,2026-07-27 22:57:38.204790+00:00,26.7,69.0,,78.926,True,s01-poor-contact-0728-0427,s01,sitting,poor-contact,43056.1,31302.5,0.175469,99.8,,,72.70166132092781,1902.572735943528,0.17191953,1019.0999999999985,25,0,1
3765,pi4b-01,2026-07-27 22:57:39.207170+00:00,26.7,69.0,,76.4259,True,s01-poor-contact-0728-0427,s01,sitting,poor-contact,44727.5,31302.5,0.237436,99.8,,,69.98490861326924,1883.123753530605,0.17260763,1671.4000000000015,26,0,1
3766,pi4b-01,2026-07-27 22:57:40.222339+00:00,26.7,69.0,,76.5806,True,s01-poor-contact-0728-0427,s01,sitting,poor-contact,45341.3,31302.5,0.293539,99.7,,,69.03750002756868,1526.8481234593037,0.17858573,613.8000000000029,27,0,1
3767,pi4b-01,2026-07-27 22:57:41.201781+00:00,26.7,69.0,194.419,70.6069,True,s01-poor-contact-0728-0427,s01,sitting,poor-contact,46932.1,18780.0,0.582519,99.7,,,40.015256082723766,1819.3280054887412,0.22464852999999999,1590.7999999999956,28,1,1
3768,pi4b-01,2026-07-27 22:57:42.200319+00:00,26.7,69.0,190.507,74.5301,True,s01-poor-contact-0728-0427,s01,sitting,poor-contact,47466.8,22999.8,0.370495,99.8,,,48.45449872331819,1984.5508908398958,0.25221098,534.7000000000044,29,1,1
3769,pi4b-01,2026-07-27 22:57:43.228208+00:00,26.7,69.0,,81.6414,True,s01-poor-contact-0728-0427,s01,sitting,poor-contact,46459.8,22999.8,0.236851,99.8,,,49.50473312412021,2110.140715923962,0.25533838000000003,1007.0,30,0,1
3770,pi4b-01,2026-07-27 22:57:44.197855+00:00,26.7,69.0,,86.2358,True,s01-poor-contact-0728-0427,s01,sitting,poor-contact,45146.3,22999.8,0.047531,99.7,,,50.94503868534076,2080.074686933696,0.23889958,1313.5,31,0,1
3771,pi4b-01,2026-07-27 22:57:45.205369+00:00,26.7,69.0,,86.0669,True,s01-poor-contact-0728-0427,s01,sitting,poor-contact,45965.4,22999.8,0.066768,99.7,,,50.03720189533867,2056.1975992647963,0.22862728,819.0999999999985,32,0,1
3772,pi4b-01,2026-07-27 22:57:46.227359+00:00,26.7,69.0,,70.0,True,s01-poor-contact-0728-0427,s01,sitting,poor-contact,47583.1,11321.3,0.21386,99.7,,,23.792691102513285,1828.791148515591,0.2440502,1617.699999999997,33,0,1
3773,pi4b-01,2026-07-27 22:57:47.200903+00:00,26.7,69.0,,70.0,True,s01-poor-contact-0728-0427,s01,sitting,poor-contact,46876.3,11321.3,0.240475,99.7,,,24.15143686681756,1411.6852332899768,0.2464943,706.7999999999956,34,0,1
3774,pi4b-01,2026-07-27 22:57:48.200149+00:00,26.7,69.0,,70.0,True,s01-poor-contact-0728-0427,s01,sitting,poor-contact,47137.0,11321.3,0.244806,99.7,,,24.017862825381332,1014.3410035858959,0.253428,260.6999999999971,35,0,1
3775,pi4b-01,2026-07-27 22:57:49.223239+00:00,26.7,69.0,,70.0,True,s01-poor-contact-0728-0427,s01,sitting,poor-contact,48085.8,11321.3,0.20117,99.8,,,23.543956843808356,967.3324976449877,0.24980140000000003,948.8000000000029,36,0,1
3776,pi4b-01,2026-07-27 22:57:50.201581+00:00,26.7,69.0,,70.0,True,s01-poor-contact-0728-0427,s01,sitting,poor-contact,47264.1,13694.9,0.346347,99.8,,,28.9752687557787,851.5582058138955,0.25508220000000004,821.7000000000044,37,0,1
3777,pi4b-01,2026-07-27 22:57:51.203385+00:00,26.7,69.0,,70.0,True,s01-poor-contact-0728-0427,s01,sitting,poor-contact,45948.9,13694.9,0.232141,99.7,,,29.80463079638468,901.657416157158,0.2200444,1315.199999999997,38,0,1
3778,pi4b-01,2026-07-27 22:57:52.224861+00:00,26.7,69.0,,80.882,True,s01-poor-contact-0728-0427,s01,sitting,poor-contact,46177.5,36536.4,0.187669,99.7,,,79.12165015429593,886.7156462662783,0.20176180000000002,228.59999999999854,39,0,1
3779,pi4b-01,2026-07-27 22:57:53.199476+00:00,26.7,69.0,,80.3974,True,s01-poor-contact-0728-0427,s01,sitting,poor-contact,47135.9,36536.4,0.254128,99.8,,,77.51289356944494,895.1160484044525,0.20348950000000002,958.4000000000015,40,0,1
3780,pi4b-01,2026-07-27 22:57:54.202000+00:00,26.7,69.0,,81.3067,True,s01-poor-contact-0728-0427,s01,sitting,poor-contact,47377.6,36536.4,0.224357,99.8,,,77.11745635068048,716.1196116727396,0.22117210000000004,241.6999999999971,41,0,1
3781,pi4b-01,2026-07-27 22:57:55.226743+00:00,26.8,69.0,,81.9401,True,s01-poor-contact-0728-0427,s01,sitting,poor-contact,48208.7,36536.4,0.209664,99.8,,,75.78798017785172,722.9525778977364,0.23546170000000002,831.0999999999985,42,0,1
3782,pi4b-01,2026-07-27 22:57:56.199625+00:00,26.8,69.0,189.89,77.0881,True,s01-poor-contact-0728-0427,s01,sitting,poor-contact,49060.4,23439.2,0.365547,99.7,,,47.776210548629855,934.5601304000871,0.25063040000000003,851.7000000000044,43,1,1
3783,pi4b-01,2026-07-27 22:57:57.204077+00:00,26.8,69.0,189.273,78.0104,True,s01-poor-contact-0728-0427,s01,sitting,poor-contact,49295.3,13614.9,0.35744,99.7,,,27.61906307497875,1102.7983434074958,0.26232690000000003,234.90000000000146,44,1,1
3784,pi4b-01,2026-07-27 22:57:58.223128+00:00,26.9,69.0,,82.3463,True,s01-poor-contact-0728-0427,s01,sitting,poor-contact,48076.9,18987.8,0.110017,99.7,,,39.49464295742862,1101.9300899886146,0.248848,1218.4000000000015,45,0,1
3785,pi4b-01,2026-07-27 22:57:59.199762+00:00,26.9,69.0,,81.7815,True,s01-poor-contact-0728-0427,s01,sitting,poor-contact,43782.1,20310.9,0.121325,99.7,,,46.390876636799064,1631.619431526063,0.24086350000000004,4294.800000000003,46,0,1
3786,pi4b-01,2026-07-27 22:58:00.199482+00:00,26.9,69.0,,81.7922,True,s01-poor-contact-0728-0427,s01,sitting,poor-contact,35763.2,20310.9,0.164887,99.7,,,56.792736667859714,3976.0663420158403,0.22271749999999998,8018.9000000000015,47,0,1
3787,pi4b-01,2026-07-27 22:58:01.224756+00:00,27.0,69.0,,80.1134,True,s01-poor-contact-0728-0427,s01,sitting,poor-contact,26402.3,20310.9,0.178912,99.7,,,76.92852516636809,7388.980247706723,0.2173946,9360.899999999998,48,0,1
3788,pi4b-01,2026-07-27 22:58:02.202294+00:00,27.0,69.0,,78.4326,True,s01-poor-contact-0728-0427,s01,sitting,poor-contact,17262.4,18461.3,0.126208,99.8,,,106.94515247010843,11181.95170758069,0.2112485,9139.899999999998,49,0,1
3789,pi4b-01,2026-07-27 23:01:43.821519+00:00,27.0,69.0,,,False,s01-poor-contact-0728-0431,s01,sitting,poor-contact,0.0,0.0,0.0,99.8,,,0.0,0.0,0.0,0.0,0,0,1
3790,pi4b-01,2026-07-27 23:01:44.797769+00:00,27.0,69.0,,,False,s01-poor-contact-0728-0431,s01,sitting,poor-contact,0.0,0.0,0.0,99.9,,,0.0,0.0,0.0,0.0,1,0,1
3791,pi4b-01,2026-07-27 23:01:45.798083+00:00,27.0,69.0,,,False,s01-poor-contact-0728-0431,s01,sitting,poor-contact,0.0,0.0,0.0,99.6,,,0.0,0.0,0.0,0.0,2,0,1
3792,pi4b-01,2026-07-27 23:01:46.848674+00:00,26.3,69.0,,82.9795,True,s01-poor-contact-0728-0431,s01,sitting,poor-contact,28485.9,32962.0,0.284126,99.6,,,115.713388027059,14242.95,0.0710315,28485.9,3,0,1
3793,pi4b-01,2026-07-27 23:01:47.799552+00:00,26.3,69.0,,83.0051,True,s01-poor-contact-0728-0431,s01,sitting,poor-contact,32879.7,32962.0,0.280219,99.8,,,100.25030642007076,16877.305755273854,0.112869,4393.799999999996,4,0,1
3794,pi4b-01,2026-07-27 23:01:48.803840+00:00,26.3,69.0,,83.0307,True,s01-poor-contact-0728-0431,s01,sitting,poor-contact,42965.0,32962.0,0.131549,99.7,,,76.71825904806238,19618.189076330837,0.11598233333333334,10085.300000000003,5,0,1
3795,pi4b-01,2026-07-27 23:01:49.822983+00:00,26.7,69.0,,83.0051,True,s01-poor-contact-0728-0431,s01,sitting,poor-contact,52282.0,5300.24,0.230901,99.7,,,10.137791209211583,22241.067206612355,0.13239928571428572,9317.0,6,0,1
3796,pi4b-01,2026-07-27 23:01:50.806560+00:00,26.7,69.0,,82.9795,True,s01-poor-contact-0728-0431,s01,sitting,poor-contact,52440.5,3577.36,0.206373,99.7,,,6.8217503646990405,23173.34100302929,0.141646,158.5,7,0,1
3797,pi4b-01,2026-07-27 23:01:51.805418+00:00,26.7,69.0,,82.9947,True,s01-poor-contact-0728-0431,s01,sitting,poor-contact,51677.5,3577.36,0.199794,99.7,,,6.922471094770452,23289.233302000303,0.1481068888888889,763.0,8,0,1
3798,pi4b-01,2026-07-27 23:01:52.822841+00:00,26.7,69.0,,82.9795,True,s01-poor-contact-0728-0431,s01,sitting,poor-contact,51567.9,3207.28,0.0858403,99.8,,,6.219528039730142,23090.89037931289,0.14188023,109.59999999999854,9,0,1
3799,pi4b-01,2026-07-27 23:01:53.798225+00:00,26.7,69.0,92.278,83.0099,True,s01-poor-contact-0728-0431,s01,sitting,poor-contact,50614.3,386.596,0.512447,99.7,,,0.7638078566729165,20931.039154847946,0.19312493,953.5999999999985,10,1,1
3800,pi4b-01,2026-07-27 23:01:54.798863+00:00,26.7,69.0,90.6737,83.0099,True,s01-poor-contact-0728-0431,s01,sitting,poor-contact,50339.8,443.028,0.417597,99.7,,,0.8800750102304737,16897.961628104407,0.23488462999999998,274.5,11,1,1
3801,pi4b-01,2026-07-27 23:01:55.824386+00:00,26.7,69.0,,83.0099,True,s01-poor-contact-0728-0431,s01,sitting,poor-contact,50232.0,689.844,0.241409,99.7,,,1.3733158146201625,8750.222128126557,0.25902553,107.80000000000291,12,0,1
3802,pi4b-01,2026-07-27 23:01:56.797334+00:00,26.7,69.0,,88.8969,True,s01-poor-contact-0728-0431,s01,sitting,poor-contact,50283.6,689.844,0.198853,99.8,,,1.3719065460706872,6128.238737018089,0.25049823,51.599999999998545,13,0,1
3803,pi4b-01,2026-07-27 23:01:57.809179+00:00,26.7,69.0,,88.9591,True,s01-poor-contact-0728-0431,s01,sitting,poor-contact,50402.8,689.844,0.194476,99.7,,,1.36866205845707,2706.5642083235307,0.24192393,119.20000000000437,14,0,1
3804,pi4b-01,2026-07-27 23:01:58.824280+00:00,26.7,69.0,,88.9977,True,s01-poor-contact-0728-0431,s01,sitting,poor-contact,50625.4,694.74,0.305984,99.7,,,1.3723150829425546,860.4287326677464,0.25936743,222.59999999999854,15,0,1
3805,pi4b-01,2026-07-27 23:01:59.803166+00:00,26.7,69.0,89.0694,89.3898,True,s01-poor-contact-0728-0431,s01,sitting,poor-contact,50748.1,557.828,0.449263,99.7,,,1.0992096255820416,744.6536293249949,0.28120363,122.69999999999709,16,1,1
3806,pi4b-01,2026-07-27 23:02:00.801791+00:00,26.7,69.0,66.6664,89.3898,True,s01-poor-contact-0728-0431,s01,sitting,poor-contact,50934.5,557.828,0.465612,99.8,,,1.0951869557961695,513.3025887981505,0.30712753,186.40000000000146,17,1,1
3807,pi4b-01,2026-07-27 23:02:01.824296+00:00,26.7,69.0,89.0694,89.3898,True,s01-poor-contact-0728-0431,s01,sitting,poor-contact,51245.8,526.74,0.586439,99.8,,,1.0278696010209616,438.66502481986845,0.34579203000000003,311.3000000000029,18,1,1
3808,pi4b-01,2026-07-27 23:02:02.802098+00:00,26.7,69.0,88.5488,91.3645,True,s01-poor-contact-0728-0431,s01,sitting,poor-contact,51670.8,502.744,0.550012,99.8,,,0.9729750652205889,461.89293961575447,0.39220920000000004,425.0,19,1,1
3809,pi4b-01,2026-07-27 23:02:03.806091+00:00,26.7,69.0,88.5113,91.6011,True,s01-poor-contact-0728-0431,s01,sitting,poor-contact,52081.0,577.34,0.515082,99.7,,,1.108542462702329,630.3718563939487,0.3924727,410.1999999999971,20,1,1
3810,pi4b-01,2026-07-27 23:02:04.825106+00:00,26.7,69.0,88.183,91.6254,True,s01-poor-contact-0728-0431,s01,sitting,poor-contact,52261.3,577.34,0.480544,99.8,,,1.1047180227051374,738.9216753713199,0.3987674,180.3000000000029,21,1,1
3811,pi4b-01,2026-07-27 23:02:05.803925+00:00,26.7,69.0,88.183,91.7136,True,s01-poor-contact-0728-0431,s01,sitting,poor-contact,52354.6,516.208,0.692114,99.8,,,0.9859840396068348,781.9208335177658,0.4438379,93.29999999999563,22,1,1
3812,pi4b-01,2026-07-27 23:02:06.799987+00:00,26.7,69.0,,91.7136,True,s01-poor-contact-0728-0431,s01,sitting,poor-contact,52695.2,9951.09,0.0552662,99.7,,,18.88424372618379,818.1043131670021,0.42947922000000005,340.59999999999854,23,0,1
3813,pi4b-01,2026-07-27 23:02:07.827847+00:00,26.7,69.0,,91.6254,True,s01-poor-contact-0728-0431,s01,sitting,poor-contact,52430.0,13554.9,0.236719,99.8,,,25.853328247186724,764.9142363691707,0.43370352,265.1999999999971,24,0,1
3814,pi4b-01,2026-07-27 23:02:08.799935+00:00,26.7,69.0,,91.6011,True,s01-poor-contact-0728-0431,s01,sitting,poor-contact,51191.3,28536.7,0.188983,99.8,,,55.74521451887332,693.8255339462419,0.42200341999999996,1238.699999999997,25,0,1
3815,pi4b-01,2026-07-27 23:02:09.808858+00:00,26.7,69.0,,80.99,True,s01-poor-contact-0728-0431,s01,sitting,poor-contact,49909.9,28536.7,0.228346,99.7,,,57.17643193033847,860.4474019693401,0.39991171999999997,1281.4000000000015,26,0,1
3816,pi4b-01,2026-07-27 23:02:10.827608+00:00,26.7,69.0,,75.4236,True,s01-poor-contact-0728-0431,s01,sitting,poor-contact,49145.4,28536.7,0.185033,99.8,,,58.06586170831858,1164.4028713370676,0.37185382,764.5,27,0,1
3817,pi4b-01,2026-07-27 23:02:11.800322+00:00,26.7,69.0,,75.4236,True,s01-poor-contact-0728-0431,s01,sitting,poor-contact,48083.0,28536.7,0.221227,99.7,,,59.34883430734356,1591.789655457797,0.33533261999999997,1062.4000000000015,28,0,1
3818,pi4b-01,2026-07-27 23:02:12.797606+00:00,26.7,69.0,,75.4236,True,s01-poor-contact-0728-0431,s01,sitting,poor-contact,48020.0,30104.2,0.271359,99.8,,,62.69096209912537,1862.8669261532839,0.30746732,63.0,29,0,1
3819,pi4b-01,2026-07-27 23:02:13.824933+00:00,26.7,69.0,88.183,75.4236,True,s01-poor-contact-0728-0431,s01,sitting,poor-contact,49174.1,30104.2,0.357634,99.8,,,61.219625778611096,1870.5276931034446,0.29172252,1154.0999999999985,30,1,1
3820,pi4b-01,2026-07-27 23:02:14.802378+00:00,26.7,69.0,88.183,76.9746,True,s01-poor-contact-0728-0431,s01,sitting,poor-contact,50249.1,21726.6,0.456076,99.8,,,43.2377893335403,1768.6249839290417,0.28927572,1075.0,31,1,1
3821,pi4b-01,2026-07-27 23:02:15.808912+00:00,26.7,69.0,88.183,77.5175,True,s01-poor-contact-0728-0431,s01,sitting,poor-contact,50948.4,21726.6,0.425421,99.8,,,42.64432249099088,1640.6181688620372,0.26260641999999995,699.3000000000029,32,1,1
3822,pi4b-01,2026-07-27 23:02:16.832070+00:00,26.7,69.0,,77.7173,True,s01-poor-contact-0728-0431,s01,sitting,poor-contact,51469.8,17053.5,0.339924,99.7,,,33.13302169427509,1469.059259828927,0.2910722,521.4000000000015,33,0,1
3823,pi4b-01,2026-07-27 23:02:17.797597+00:00,26.7,69.0,88.5113,77.7173,True,s01-poor-contact-0728-0431,s01,sitting,poor-contact,51196.8,17053.5,0.488516,99.8,,,33.30969904369023,1288.9156267534022,0.31625190000000003,273.0,34,1,1
3824,pi4b-01,2026-07-27 23:02:18.803848+00:00,26.7,69.0,88.7851,77.7173,True,s01-poor-contact-0728-0431,s01,sitting,poor-contact,50575.8,19767.6,0.573934,99.8,,,39.085096034071626,1236.0706353873525,0.354747,621.0,35,1,1
3825,pi4b-01,2026-07-27 23:02:19.821935+00:00,26.7,69.0,137.617,77.7173,True,s01-poor-contact-0728-0431,s01,sitting,poor-contact,50194.9,22149.6,0.466904,99.8,,,44.12719220478574,1240.1863632804923,0.3786028,380.90000000000146,36,1,1
3826,pi4b-01,2026-07-27 23:02:20.800555+00:00,26.7,69.0,139.113,76.228,True,s01-poor-contact-0728-0431,s01,sitting,poor-contact,49921.3,22149.6,0.448906,99.8,,,44.36903686402397,1211.266489441804,0.4049901,273.59999999999854,37,1,1
3827,pi4b-01,2026-07-27 23:02:21.798060+00:00,26.7,69.0,158.061,76.228,True,s01-poor-contact-0728-0431,s01,sitting,poor-contact,49893.1,22149.6,0.524225,99.8,,,44.39411461705126,1015.0958313272719,0.4352899,28.200000000004366,38,1,1
3828,pi4b-01,2026-07-27 23:02:22.832589+00:00,26.7,69.0,173.76,76.228,True,s01-poor-contact-0728-0431,s01,sitting,poor-contact,50318.4,22186.8,0.595044,99.8,,,44.09281694171516,680.7755447528654,0.46765840000000003,425.3000000000029,39,1,1
3829,pi4b-01,2026-07-27 23:02:23.797488+00:00,26.7,69.0,169.769,76.228,True,s01-poor-contact-0728-0431,s01,sitting,poor-contact,51051.3,20673.4,0.554654,99.8,,,40.49534487858292,553.971432175789,0.4873604,732.9000000000015,40,1,1
3830,pi4b-01,2026-07-27 23:02:24.802668+00:00,26.7,69.0,169.769,76.4221,True,s01-poor-contact-0728-0431,s01,sitting,poor-contact,51348.6,18391.9,0.57095,99.7,,,35.81772433912512,588.6108074669492,0.49884780000000006,297.29999999999563,41,1,1
3831,pi4b-01,2026-07-27 23:02:25.823046+00:00,26.7,69.0,169.769,78.555,True,s01-poor-contact-0728-0431,s01,sitting,poor-contact,51623.3,18391.9,0.467462,99.8,,,35.62712961007917,656.1173540865695,0.5030519,274.70000000000437,42,1,1
3832,pi4b-01,2026-07-27 23:02:26.800895+00:00,26.7,69.0,169.769,80.3095,True,s01-poor-contact-0728-0431,s01,sitting,poor-contact,51218.2,19653.0,0.441905,99.8,,,38.371125888844205,630.1563863220377,0.51325,405.1000000000058,43,1,1
3833,pi4b-01,2026-07-27 23:02:27.798277+00:00,26.7,69.0,,80.6313,True,s01-poor-contact-0728-0431,s01,sitting,poor-contact,50140.6,23413.0,0.238124,99.8,,,46.694694519012536,632.5096946997057,0.48821079999999994,1077.5999999999985,44,0,1
3834,pi4b-01,2026-07-27 23:02:28.826757+00:00,26.7,69.0,,80.6313,True,s01-poor-contact-0728-0431,s01,sitting,poor-contact,49123.2,23413.0,0.319897,99.8,,,47.66179727705036,792.5281634674657,0.4628071,1017.4000000000015,45,0,1
3835,pi4b-01,2026-07-27 23:02:29.798631+00:00,26.7,69.0,,80.6313,True,s01-poor-contact-0728-0431,s01,sitting,poor-contact,49203.5,23413.0,0.312871,99.8,,,47.58401333238489,888.7765789119594,0.4474038,80.30000000000291,46,0,1
3836,pi4b-01,2026-07-27 23:02:30.803138+00:00,26.7,69.0,,80.6313,True,s01-poor-contact-0728-0431,s01,sitting,poor-contact,49564.2,23413.0,0.291697,99.8,,,47.23772400240496,916.1907918721599,0.4316828999999999,360.6999999999971,47,0,1
3837,pi4b-01,2026-07-27 23:02:31.827836+00:00,26.7,69.0,,80.4265,True,s01-poor-contact-0728-0431,s01,sitting,poor-contact,50250.3,20607.5,0.285488,99.8,,,41.00970541469404,903.3387370073324,0.4078092,686.1000000000058,48,0,1
3838,pi4b-01,2026-07-27 23:02:32.802106+00:00,26.7,69.0,,80.4265,True,s01-poor-contact-0728-0431,s01,sitting,poor-contact,51336.9,12521.4,0.292795,99.8,,,24.390642987792404,951.2472963315081,0.3775843,1086.5999999999985,49,0,1
3839,pi4b-01,2026-07-27 23:02:33.798104+00:00,26.7,69.0,152.388,80.4265,True,s01-poor-contact-0728-0431,s01,sitting,poor-contact,50941.2,13108.4,0.406909,99.8,,,25.732413056622143,944.5913707937433,0.3628098,395.70000000000437,50,1,1
3840,pi4b-01,2026-07-27 23:02:34.833814+00:00,26.7,69.0,142.461,80.4265,True,s01-poor-contact-0728-0431,s01,sitting,poor-contact,49052.3,13108.4,0.364857,99.8,,,26.723313687635443,986.7947372400553,0.3422005,1888.8999999999942,51,1,1
3841,pi4b-01,2026-07-27 23:02:35.798384+00:00,26.7,69.0,128.307,83.9321,True,s01-poor-contact-0728-0431,s01,sitting,poor-contact,40146.4,19278.7,0.35862,99.8,,,48.02099316501604,3260.5803044516483,0.3313163,8905.900000000001,52,1,1
3842,pi4b-01,2026-07-27 23:02:36.799753+00:00,26.7,69.0,114.979,84.1913,True,s01-poor-contact-0728-0431,s01,sitting,poor-contact,33088.6,19278.7,0.377828,99.8,,,58.26387335819588,5912.39989866873,0.3249086,7057.800000000003,53,1,1
3843,pi4b-01,2026-07-27 23:02:37.826938+00:00,26.7,69.0,,84.6836,True,s01-poor-contact-0728-0431,s01,sitting,poor-contact,29727.3,23801.0,0.296637,99.8,,,80.06445254025762,7979.452207938713,0.3307599,3361.2999999999993,54,0,1
3844,pi4b-01,2026-07-27 23:02:38.799606+00:00,26.7,69.0,,84.6836,True,s01-poor-contact-0728-0431,s01,sitting,poor-contact,27008.0,34101.7,0.137988,99.8,,,126.26518068720378,9670.190355250408,0.312569,2719.2999999999993,55,0,1
3845,pi4b-01,2026-07-27 23:02:39.803122+00:00,26.7,69.0,113.466,84.1913,True,s01-poor-contact-0728-0431,s01,sitting,poor-contact,26659.5,34101.7,0.356831,99.8,,,127.91575235844633,10649.754939908777,0.316965,348.5,56,1,1
3846,pi4b-01,2026-07-27 23:02:40.822335+00:00,26.7,69.0,112.481,84.1913,True,s01-poor-contact-0728-0431,s01,sitting,poor-contact,33064.6,34101.7,0.389514,99.8,,,103.1365871657301,10412.67167151534,0.3267467,6405.0999999999985,57,1,1
3847,pi4b-01,2026-07-27 23:02:41.799109+00:00,26.7,69.0,,84.0531,True,s01-poor-contact-0728-0431,s01,sitting,poor-contact,37158.5,35541.8,0.295473,99.8,,,95.6491785190468,9654.213831396819,0.3277452,4093.9000000000015,58,0,1
3848,pi4b-01,2026-07-27 23:02:42.802276+00:00,26.7,69.0,,82.2547,True,s01-poor-contact-0728-0431,s01,sitting,poor-contact,37571.4,31941.3,0.279142,99.8,,,85.01493157029016,8414.240197268771,0.3263799,412.90000000000146,59,0,1
3849,pi4b-01,2026-07-27 23:02:43.826759+00:00,26.7,69.0,,81.4397,True,s01-poor-contact-0728-0431,s01,sitting,poor-contact,38752.8,31255.6,0.26632,99.8,,,80.65378501682459,6810.50550027923,0.31232099999999996,1181.4000000000015,60,0,1
3850,pi4b-01,2026-07-27 23:02:44.797743+00:00,26.7,69.0,,80.2166,True,s01-poor-contact-0728-0431,s01,sitting,poor-contact,36159.9,39228.4,0.220978,99.8,,,108.4859194853968,4835.656508111877,0.2979331,2592.9000000000015,61,0,1
3851,pi4b-01,2026-07-27 23:02:45.806229+00:00,26.7,69.0,112.481,79.3434,True,s01-poor-contact-0728-0431,s01,sitting,poor-contact,34370.2,39228.4,0.375413,99.8,,,114.13491920326331,4329.595915145517,0.2996124,1789.7000000000044,62,1,1
3852,pi4b-01,2026-07-27 23:02:46.831971+00:00,26.7,69.0,112.481,79.2981,True,s01-poor-contact-0728-0431,s01,sitting,poor-contact,34629.8,40486.1,0.373983,99.8,,,116.91115744243396,4346.414798940013,0.2992279,259.6000000000058,63,1,1
3853,pi4b-01,2026-07-27 23:02:47.801554+00:00,26.7,69.0,112.481,79.0197,True,s01-poor-contact-0728-0431,s01,sitting,poor-contact,35259.8,40486.1,0.415303,99.8,,,114.82226217959261,4159.484564288688,0.3110945,630.0,64,1,1
3854,pi4b-01,2026-07-27 23:02:48.798460+00:00,26.7,69.0,149.464,79.0197,True,s01-poor-contact-0728-0431,s01,sitting,poor-contact,34335.5,47163.0,0.406286,99.8,,,137.35929286015931,3343.936759104332,0.33792429999999996,924.3000000000029,65,1,1
3855,pi4b-01,2026-07-27 23:02:49.827632+00:00,26.7,69.0,162.586,79.0197,True,s01-poor-contact-0728-0431,s01,sitting,poor-contact,35377.2,46211.4,0.387827,99.8,,,130.62480919914523,1737.4650187046957,0.34102390000000005,1041.699999999997,66,1,1
3856,pi4b-01,2026-07-27 23:02:50.803746+00:00,26.7,69.0,162.825,79.0197,True,s01-poor-contact-0728-0431,s01,sitting,poor-contact,34724.2,46211.4,0.480355,99.8,,,133.08125169190365,1527.772578371044,0.350108,653.0,67,1,1
3857,pi4b-01,2026-07-27 23:02:51.800975+00:00,26.7,69.0,163.327,79.4793,True,s01-poor-contact-0728-0431,s01,sitting,poor-contact,34943.7,46211.4,0.551789,99.8,,,132.24529743558926,1474.0078141283368,0.3757396,219.5,68,1,1
3858,pi4b-01,2026-07-27 23:02:52.834653+00:00,26.7,69.0,163.327,79.4793,True,s01-poor-contact-0728-0431,s01,sitting,poor-contact,35482.6,41875.3,0.454348,99.8,,,118.01643622507936,1303.7279326353414,0.3932602,538.9000000000015,69,1,1
3859,pi4b-01,2026-07-27 23:02:53.802216+00:00,26.7,69.0,163.327,79.4975,True,s01-poor-contact-0728-0431,s01,sitting,poor-contact,37227.8,39670.9,0.439114,99.8,,,106.5625688329689,892.8897966716199,0.4105396,1745.2000000000044,70,1,1
3860,pi4b-01,2026-07-27 23:02:54.799421+00:00,26.7,69.0,,79.7878,True,s01-poor-contact-0728-0431,s01,sitting,poor-contact,38730.2,35861.4,0.151827,99.8,,,92.59286035187013,1406.0582839192914,0.4036245,1502.3999999999942,71,0,1
3861,pi4b-01,2026-07-27 23:02:55.821912+00:00,26.7,69.0,,79.7878,True,s01-poor-contact-0728-0431,s01,sitting,poor-contact,39616.0,41111.2,0.191757,99.8,,,103.77423263327947,1844.5470180448267,0.3852589,885.8000000000029,72,0,1
3862,pi4b-01,2026-07-27 23:02:56.802343+00:00,26.7,69.0,163.327,79.4975,True,s01-poor-contact-0728-0431,s01,sitting,poor-contact,37805.5,41111.2,0.38385,99.8,,,108.74396582507835,1849.549336249917,0.38624559999999997,1810.5,73,1,1
3863,pi4b-01,2026-07-27 23:02:57.797955+00:00,26.7,69.0,159.769,79.4975,True,s01-poor-contact-0728-0431,s01,sitting,poor-contact,35426.9,46031.9,0.395485,99.8,,,129.93487999232224,1839.3294824172137,0.3842638,2378.5999999999985,74,1,1
3864,pi4b-01,2026-07-27 23:02:58.826203+00:00,26.7,69.0,157.547,79.4548,True,s01-poor-contact-0728-0431,s01,sitting,poor-contact,32321.7,47463.4,0.456614,99.8,,,146.84685520872972,2167.4346381533514,0.3892966,3105.2000000000007,75,1,1
3865,pi4b-01,2026-07-27 23:02:59.802088+00:00,26.7,69.0,130.209,79.4548,True,s01-poor-contact-0728-0431,s01,sitting,poor-contact,30489.8,47463.4,0.608769,99.8,,,155.66976497058033,2818.278117022727,0.41139080000000006,1831.9000000000015,76,1,1
3866,pi4b-01,2026-07-27 23:03:00.803258+00:00,26.7,69.0,124.523,79.3897,True,s01-poor-contact-0728-0431,s01,sitting,poor-contact,29421.5,47463.4,0.576027,99.8,,,161.32216236425742,3446.320368176962,0.420958,1068.2999999999993,77,1,1
3867,pi4b-01,2026-07-27 23:03:01.822789+00:00,26.7,69.0,120.418,79.3415,True,s01-poor-contact-0728-0431,s01,sitting,poor-contact,29740.5,43913.5,0.649285,99.8,,,147.65555387434642,3849.548664814884,0.43070759999999997,319.0,78,1,1
3868,pi4b-01,2026-07-27 23:03:02.802872+00:00,26.7,69.0,116.78,78.9084,True,s01-poor-contact-0728-0431,s01,sitting,poor-contact,31281.0,42879.2,0.736664,99.8,,,137.07745916051277,3973.009526640737,0.4589392,1540.5,79,1,1
3869,pi4b-01,2026-07-27 23:03:03.798334+00:00,26.7,69.0,116.78,78.9084,True,s01-poor-contact-0728-0431,s01,sitting,poor-contact,29943.2,42879.2,0.736785,99.8,,,143.2017953992893,4024.8975473641617,0.48870630000000004,1337.7999999999993,80,1,1
3870,pi4b-01,2026-07-27 23:03:04.827275+00:00,26.7,69.0,116.78,78.9084,True,s01-poor-contact-0728-0431,s01,sitting,poor-contact,29576.3,42879.2,0.700484,99.8,,,144.97824271460595,3727.5207435744805,0.5435719999999999,366.90000000000146,81,1,1
3871,pi4b-01,2026-07-27 23:03:05.801749+00:00,26.7,69.0,109.918,78.8122,True,s01-poor-contact-0728-0431,s01,sitting,poor-contact,29842.6,42879.2,0.412436,99.8,,,143.68453150864872,2850.70507613667,0.5656399000000001,266.2999999999993,82,1,1
3872,pi4b-01,2026-07-27 23:03:06.802452+00:00,26.7,69.0,,78.7512,True,s01-poor-contact-0728-0431,s01,sitting,poor-contact,29186.7,20282.4,0.109654,99.8,,,69.49192611703276,1908.0473560394537,0.5382203,655.8999999999978,83,0,1
3873,pi4b-01,2026-07-27 23:03:07.824365+00:00,26.7,69.0,,78.7512,True,s01-poor-contact-0728-0431,s01,sitting,poor-contact,28999.9,10296.4,0.237017,99.8,,,35.50495001706902,1026.2025463925115,0.5223734999999999,186.79999999999927,84,0,1
3874,pi4b-01,2026-07-27 23:03:08.798774+00:00,26.7,69.0,,78.7512,True,s01-poor-contact-0728-0431,s01,sitting,poor-contact,34454.7,15282.2,0.178995,99.8,,,44.35447123324249,1603.269997917529,0.4946116,5454.799999999996,85,0,1
3875,pi4b-01,2026-07-27 23:03:09.803618+00:00,26.7,69.0,,77.7685,True,s01-poor-contact-0728-0431,s01,sitting,poor-contact,38513.6,16339.0,0.237515,99.8,,,42.42397490756512,3059.1523905959875,0.45748619999999995,4058.9000000000015,86,0,1
3876,pi4b-01,2026-07-27 23:03:10.831154+00:00,26.7,69.0,,76.5973,True,s01-poor-contact-0728-0431,s01,sitting,poor-contact,42037.6,16865.5,0.346205,99.8,,,40.12003539688279,4536.564810624915,0.434504,3524.0,87,0,1
3877,pi4b-01,2026-07-27 23:03:11.804440+00:00,26.7,69.0,,75.7476,True,s01-poor-contact-0728-0431,s01,sitting,poor-contact,46187.5,16865.5,0.27989,99.8,,,36.51529093369418,6169.728917950956,0.3975645,4149.9000000000015,88,0,1
3878,pi4b-01,2026-07-27 23:03:12.798813+00:00,26.7,69.0,108.183,75.3425,True,s01-poor-contact-0728-0431,s01,sitting,poor-contact,47765.5,14680.6,0.440937,99.8,,,30.73473532151867,7434.4243677936975,0.36799180000000004,1578.0,89,1,1
3879,pi4b-01,2026-07-27 23:03:13.826960+00:00,26.7,69.0,108.067,75.3425,True,s01-poor-contact-0728-0431,s01,sitting,poor-contact,48029.2,14680.6,0.433736,99.8,,,30.565989023344137,8064.842680865598,0.3376869,263.6999999999971,90,1,1
3880,pi4b-01,2026-07-27 23:03:14.798226+00:00,26.7,69.0,107.933,75.3425,True,s01-poor-contact-0728-0431,s01,sitting,poor-contact,47852.0,15361.3,0.542257,99.8,,,32.10168853966396,8150.251511872385,0.3218642,177.1999999999971,91,1,1
3881,pi4b-01,2026-07-27 23:03:15.800551+00:00,26.7,69.0,98.8092,75.7476,True,s01-poor-contact-0728-0431,s01,sitting,poor-contact,46702.9,13337.7,0.494147,99.8,,,28.558611991974804,7711.56179342279,0.3300353,1149.0999999999985,92,1,1
3882,pi4b-01,2026-07-27 23:03:16.824511+00:00,26.7,69.0,96.8585,76.3043,True,s01-poor-contact-0728-0431,s01,sitting,poor-contact,45162.5,12766.9,0.370851,99.8,,,28.268807085524493,6568.674563613806,0.356155,1540.4000000000015,93,1,1
3883,pi4b-01,2026-07-27 23:03:17.803168+00:00,26.7,69.0,,76.3043,True,s01-poor-contact-0728-0431,s01,sitting,poor-contact,44453.8,15631.3,0.264879,99.8,,,35.16302318361985,4519.457506788511,0.3589412,708.6999999999971,94,0,1
3884,pi4b-01,2026-07-27 23:03:18.799138+00:00,26.7,69.0,,76.3043,True,s01-poor-contact-0728-0431,s01,sitting,poor-contact,43954.7,13976.4,0.0599571,99.8,,,31.797282201903325,3009.080616345632,0.34703741000000005,499.1000000000058,95,0,1
3885,pi4b-01,2026-07-27 23:03:19.825813+00:00,26.7,69.0,,76.6109,True,s01-poor-contact-0728-0431,s01,sitting,poor-contact,44438.4,13264.2,0.0672254,99.8,,,29.84850939727803,1984.4264597947872,0.33000845,483.70000000000437,96,0,1
3886,pi4b-01,2026-07-27 23:03:20.801535+00:00,26.7,69.0,,76.63,True,s01-poor-contact-0728-0431,s01,sitting,poor-contact,46711.9,13264.2,0.0620326,99.8,,,28.39576210772844,1536.8150125070358,0.30159121,2273.5,97,0,1
3887,pi4b-01,2026-07-27 23:03:21.802162+00:00,26.7,69.0,,77.1469,True,s01-poor-contact-0728-0431,s01,sitting,poor-contact,48970.3,12723.0,0.0745334,99.8,,,25.981053822418893,1781.664533706331,0.28105555000000004,2258.4000000000015,98,0,1
3888,pi4b-01,2026-07-27 23:03:22.827356+00:00,26.7,69.0,,79.2905,True,s01-poor-contact-0728-0431,s01,sitting,poor-contact,49180.7,21789.7,0.0240012,99.8,,,44.30538808923013,1950.0632036481663,0.23936196999999998,210.39999999999418,99,0,1
3889,pi4b-01,2026-07-27 23:03:23.804071+00:00,26.7,69.0,,79.4979,True,s01-poor-contact-0728-0431,s01,sitting,poor-contact,48436.6,21789.7,0.112699,99.8,,,44.98602296610415,1988.3801463056677,0.20725827,744.0999999999985,100,0,1
3890,pi4b-01,2026-07-27 23:03:24.801647+00:00,26.7,69.0,,82.3308,True,s01-poor-contact-0728-0431,s01,sitting,poor-contact,46748.2,21789.7,0.112077,99.8,,,46.61077859682298,1940.3738110650215,0.16424027,1688.4000000000015,101,0,1
3891,pi4b-01,2026-07-27 23:03:25.825144+00:00,26.7,69.0,,82.5319,True,s01-poor-contact-0728-0431,s01,sitting,poor-contact,44479.9,21789.7,0.112835,99.8,,,48.987745026405186,2036.451528189905,0.12610907,2268.2999999999956,102,0,1
3892,pi4b-01,2026-07-27 23:03:26.801895+00:00,26.7,69.0,,82.5319,True,s01-poor-contact-0728-0431,s01,sitting,poor-contact,41320.5,26166.8,0.135231,99.8,,,63.32643603054174,2560.2487257643784,0.10254707,3159.4000000000015,103,0,1
3893,pi4b-01,2026-07-27 23:03:27.801327+00:00,26.7,69.0,,82.5319,True,s01-poor-contact-0728-0431,s01,sitting,poor-contact,41113.6,26166.8,0.179221,99.8,,,63.6451198630137,2953.200647057043,0.09398126999999999,206.90000000000146,104,0,1
3894,pi4b-01,2026-07-27 23:03:28.821893+00:00,26.7,69.0,,82.5319,True,s01-poor-contact-0728-0431,s01,sitting,poor-contact,41569.3,26166.8,0.179424,99.8,,,62.9474155205885,3182.508647522567,0.10592796,455.70000000000437,105,0,1
3895,pi4b-01,2026-07-27 23:03:29.803365+00:00,26.7,69.0,,81.4753,True,s01-poor-contact-0728-0431,s01,sitting,poor-contact,43307.1,26166.8,0.180687,99.8,,,60.421501324263225,3236.075125295444,0.11727412,1737.7999999999956,106,0,1
3896,pi4b-01,2026-07-27 23:03:30.800378+00:00,26.7,69.0,,80.9413,True,s01-poor-contact-0728-0431,s01,sitting,poor-contact,45846.1,20221.8,0.0321933,99.8,,,44.108004824837884,3202.052258248751,0.11429019,2539.0,107,0,1
3897,pi4b-01,2026-07-27 23:03:31.823107+00:00,26.7,69.0,,80.7022,True,s01-poor-contact-0728-0431,s01,sitting,poor-contact,48812.3,6055.88,0.0614011,99.8,,,12.406463125072984,3181.1393043129715,0.11297695999999999,2966.2000000000044,108,0,1
3898,pi4b-01,2026-07-27 23:03:32.801775+00:00,26.7,69.0,,80.4886,True,s01-poor-contact-0728-0431,s01,sitting,poor-contact,50254.3,10521.3,0.172197,99.8,,,20.93611889927827,3348.567409588156,0.12779654,1442.0,109,0,1
3899,pi4b-01,2026-07-27 23:03:33.803258+00:00,26.7,69.0,,79.7196,True,s01-poor-contact-0728-0431,s01,sitting,poor-contact,51209.1,10521.3,0.170175,99.8,,,20.54576237426551,3739.3303075997046,0.13354414,954.7999999999956,110,0,1
3900,pi4b-01,2026-07-27 23:03:34.822194+00:00,26.7,69.0,,78.7731,True,s01-poor-contact-0728-0431,s01,sitting,poor-contact,51004.9,10521.3,0.173563,99.8,,,20.628018092379357,4124.000305649887,0.13969274,204.1999999999971,111,0,1
3901,pi4b-01,2026-07-27 23:03:35.807773+00:00,26.7,69.0,,78.7731,True,s01-poor-contact-0728-0431,s01,sitting,poor-contact,50047.7,6887.67,0.0328932,99.8,,,13.762210850848291,4284.927231444909,0.13169856,957.2000000000044,112,0,1
3902,pi4b-01,2026-07-27 23:03:36.808778+00:00,26.7,69.0,,78.3143,True,s01-poor-contact-0728-0431,s01,sitting,poor-contact,45266.5,16971.7,0.0186621,99.8,,,37.49284791181117,3926.9600870705062,0.12004166999999999,4781.199999999997,113,0,1
3903,pi4b-01,2026-07-27 23:03:37.825777+00:00,26.7,69.0,,78.3143,True,s01-poor-contact-0728-0431,s01,sitting,poor-contact,38825.1,17946.8,0.261499,99.8,,,46.224736059920005,4342.637760675509,0.12826947,6441.4000000000015,114,0,1
3904,pi4b-01,2026-07-27 23:03:38.801968+00:00,26.7,69.0,,78.501,True,s01-poor-contact-0728-0431,s01,sitting,poor-contact,37349.4,26662.6,0.208644,99.8,,,71.38695668471246,5036.881856256829,0.13119147,1475.699999999997,115,0,1
3905,pi4b-01,2026-07-27 23:03:39.799822+00:00,26.7,69.0,,78.501,True,s01-poor-contact-0728-0431,s01,sitting,poor-contact,37371.5,26662.6,0.196907,99.8,,,71.34474131356782,5718.294372829515,0.13281347,22.099999999998545,116,0,1
3906,pi4b-01,2026-07-27 23:03:40.826060+00:00,26.7,69.0,,79.5723,True,s01-poor-contact-0728-0431,s01,sitting,poor-contact,30671.8,26662.6,0.106422,99.8,,,86.9287097594533,7408.815395819611,0.14023634,6699.700000000001,117,0,1
3907,pi4b-01,2026-07-27 23:03:41.797975+00:00,26.7,69.0,,79.9106,True,s01-poor-contact-0728-0431,s01,sitting,poor-contact,29505.6,26662.6,0.089595,99.8,,,90.36454096849411,8477.467969656738,0.14305573,1166.2000000000007,118,0,1
3908,pi4b-01,2026-07-27 23:03:42.806247+00:00,26.7,69.0,,79.5723,True,s01-poor-contact-0728-0431,s01,sitting,poor-contact,35221.5,25881.2,0.275283,99.8,,,73.48125434748663,8209.417583002552,0.15336433,5715.9000000000015,119,0,1
3909,pi4b-01,2026-07-27 23:03:43.823829+00:00,26.7,69.0,,79.5723,True,s01-poor-contact-0728-0431,s01,sitting,poor-contact,35616.9,25881.2,0.276534,99.8,,,72.66550429711738,7423.631786763457,0.16400023000000002,395.40000000000146,120,0,1
3910,pi4b-01,2026-07-27 23:03:44.802919+00:00,26.7,69.0,,79.5723,True,s01-poor-contact-0728-0431,s01,sitting,poor-contact,33405.9,29289.0,0.296192,99.8,,,87.6761290670211,6283.109833947261,0.17626313,2211.0,121,0,1
3911,pi4b-01,2026-07-27 23:03:45.797739+00:00,26.7,69.0,,76.7941,True,s01-poor-contact-0728-0431,s01,sitting,poor-contact,39630.6,29289.0,0.199497,99.8,,,73.90501279314469,4569.9596715458965,0.19292351000000002,6224.699999999997,122,0,1
3912,pi4b-01,2026-07-27 23:03:46.824496+00:00,26.7,69.0,,76.7013,True,s01-poor-contact-0728-0431,s01,sitting,poor-contact,43702.6,23876.0,0.306396,99.8,,,54.63290513607886,4243.613252471987,0.22169689999999997,4072.0,123,0,1
3913,pi4b-01,2026-07-27 23:03:47.797770+00:00,26.7,69.0,,76.601,True,s01-poor-contact-0728-0431,s01,sitting,poor-contact,43097.5,23876.0,0.327359,99.8,,,55.399965195196934,4732.049872483064,0.2282829,605.0999999999985,124,0,1
3914,pi4b-01,2026-07-27 23:03:48.806489+00:00,26.7,69.0,96.8585,76.601,True,s01-poor-contact-0728-0431,s01,sitting,poor-contact,43759.4,23876.0,0.420509,99.8,,,54.56199125216524,5256.364304990484,0.2494694,661.9000000000015,125,1,1
3915,pi4b-01,2026-07-27 23:03:49.827499+00:00,26.7,69.0,96.461,76.5724,True,s01-poor-contact-0728-0431,s01,sitting,poor-contact,45662.4,23822.5,0.418843,99.8,,,52.1709327586811,5901.043996107834,0.27166300000000004,1903.0,126,1,1
3916,pi4b-01,2026-07-27 23:03:50.798319+00:00,26.7,69.0,96.8585,76.601,True,s01-poor-contact-0728-0431,s01,sitting,poor-contact,45655.9,17344.8,0.449117,99.8,,,37.9902706988582,5725.548187641104,0.3059325,6.5,127,1,1
3917,pi4b-01,2026-07-27 23:03:51.801524+00:00,26.7,69.0,,76.2067,True,s01-poor-contact-0728-0431,s01,sitting,poor-contact,46541.9,14524.7,0.276676,99.8,,,31.207793407660624,4885.736560688141,0.32464060000000006,886.0,128,0,1
3918,pi4b-01,2026-07-27 23:03:52.826166+00:00,26.7,69.0,,76.601,True,s01-poor-contact-0728-0431,s01,sitting,poor-contact,47063.4,834.968,0.247627,99.8,,,1.7741344654232376,4699.290829062556,0.321875,521.5,129,0,1
3919,pi4b-01,2026-07-27 23:03:53.798797+00:00,26.7,69.0,,76.601,True,s01-poor-contact-0728-0431,s01,sitting,poor-contact,46878.2,2004.54,0.202901,99.8,,,4.276060087631351,4213.796348978793,0.3145117,185.20000000000437,130,0,1
3920,pi4b-01,2026-07-27 23:03:54.809227+00:00,26.7,69.0,,76.0721,True,s01-poor-contact-0728-0431,s01,sitting,poor-contact,46240.3,12794.4,0.483201,99.8,,,27.66937065719729,2307.712169516311,0.33321259999999997,637.8999999999942,131,0,1
3921,pi4b-01,2026-07-27 23:03:55.827213+00:00,26.7,69.0,,72.3677,True,s01-poor-contact-0728-0431,s01,sitting,poor-contact,46121.4,12794.4,0.473549,99.8,,,27.74070171330445,1431.3451132880875,0.3606178,118.90000000000146,132,0,1
3922,pi4b-01,2026-07-27 23:03:56.799991+00:00,26.7,69.0,,70.7863,True,s01-poor-contact-0728-0431,s01,sitting,poor-contact,46263.6,12794.4,0.47256,99.8,,,27.655435374679016,1302.867990243202,0.3772342,142.1999999999971,133,0,1
3923,pi4b-01,2026-07-27 23:03:57.802158+00:00,26.7,69.0,,70.7613,True,s01-poor-contact-0728-0431,s01,sitting,poor-contact,46825.6,12794.4,0.484538,99.8,,,27.323515342035126,952.7460352407873,0.3929521,562.0,134,0,1
3924,pi4b-01,2026-07-27 23:03:58.826115+00:00,26.7,69.0,,70.7613,True,s01-poor-contact-0728-0431,s01,sitting,poor-contact,47441.9,2237.63,0.189749,99.8,,,4.716569108741429,589.4272214054259,0.36987610000000004,616.3000000000029,135,0,1
3925,pi4b-01,2026-07-27 23:03:59.798387+00:00,26.7,69.0,,70.7613,True,s01-poor-contact-0728-0431,s01,sitting,poor-contact,48060.6,2787.24,0.28053,99.8,,,5.7994282218698885,701.7489560617308,0.3560448,618.6999999999971,136,0,1
3926,pi4b-01,2026-07-27 23:04:00.806298+00:00,26.7,69.0,,70.7863,True,s01-poor-contact-0728-0431,s01,sitting,poor-contact,49040.5,2787.24,0.34479,99.8,,,5.683547272152608,919.630960041622,0.3456121,979.9000000000015,137,0,1
3927,pi4b-01,2026-07-27 23:04:01.821659+00:00,26.7,69.0,,85.0547,True,s01-poor-contact-0728-0431,s01,sitting,poor-contact,50017.6,2787.24,0.262842,99.8,,,5.572518473497329,1289.6009369397873,0.3442287,977.0999999999985,138,0,1
3928,pi4b-01,2026-07-27 23:04:02.801805+00:00,26.7,69.0,,85.4843,True,s01-poor-contact-0728-0431,s01,sitting,poor-contact,50678.7,2170.65,0.158306,99.8,,,4.283160380988463,1644.2182007130284,0.3352966,661.0999999999985,139,0,1
3929,pi4b-01,2026-07-27 23:04:03.799804+00:00,26.7,69.0,,85.4843,True,s01-poor-contact-0728-0431,s01,sitting,poor-contact,51045.2,3772.08,0.0430649,99.8,,,7.389686003777045,1904.264097113634,0.31931299,366.5,140,0,1
3930,pi4b-01,2026-07-27 23:04:04.826623+00:00,26.7,69.0,,85.4843,True,s01-poor-contact-0728-0431,s01,sitting,poor-contact,51098.6,3772.08,0.100836,99.8,,,7.381963498021473,1974.6799172694148,0.28107649,53.400000000001455,141,0,1
3931,pi4b-01,2026-07-27 23:04:05.801368+00:00,26.7,69.0,,85.0547,True,s01-poor-contact-0728-0431,s01,sitting,poor-contact,50395.1,3772.08,0.0995347,99.8,,,7.485013423924151,1820.8442097006816,0.24367506,703.5,142,0,1
3932,pi4b-01,2026-07-27 23:04:06.805997+00:00,26.7,69.0,,84.6682,True,s01-poor-contact-0728-0431,s01,sitting,poor-contact,49805.9,3772.08,0.0964585,99.8,,,7.57356056210208,1532.3020242253035,0.20606491,589.1999999999971,143,0,1
3933,pi4b-01,2026-07-27 23:04:07.827745+00:00,26.7,69.0,,83.9671,True,s01-poor-contact-0728-0431,s01,sitting,poor-contact,49177.1,3465.94,0.279396,99.8,,,7.04787390879088,1238.6398165373353,0.18555071,628.8000000000029,144,0,1
3934,pi4b-01,2026-07-27 23:04:08.801894+00:00,26.7,69.0,,83.9574,True,s01-poor-contact-0728-0431,s01,sitting,poor-contact,49017.4,3722.49,0.269521,99.8,,,7.594221643742833,1000.1116804862277,0.19352791,159.6999999999971,145,0,1
3935,pi4b-01,2026-07-27 23:04:09.798609+00:00,26.7,69.0,,83.6502,True,s01-poor-contact-0728-0431,s01,sitting,poor-contact,49349.9,3722.49,0.221005,99.8,,,7.543054798489966,811.4484374667404,0.18757541,332.5,146,0,1
3936,pi4b-01,2026-07-27 23:04:10.824716+00:00,26.7,69.0,,83.3912,True,s01-poor-contact-0728-0431,s01,sitting,poor-contact,49451.8,32558.2,0.0242161,99.8,,,65.838250579352,768.8207825411696,0.15551801999999998,101.90000000000146,147,0,1
3937,pi4b-01,2026-07-27 23:04:11.800168+00:00,26.7,69.0,,83.3912,True,s01-poor-contact-0728-0431,s01,sitting,poor-contact,50009.6,34275.1,0.131922,99.8,,,68.53704088814948,768.8089085653461,0.14242602,557.7999999999956,148,0,1
3938,pi4b-01,2026-07-27 23:04:12.806371+00:00,26.7,69.0,,83.3912,True,s01-poor-contact-0728-0431,s01,sitting,poor-contact,50147.0,34275.1,0.125941,99.8,,,68.34925319560492,734.500951062461,0.13918951999999998,137.40000000000146,149,0,1
3939,pi4b-01,2026-07-27 23:04:13.832295+00:00,26.7,69.0,,83.3912,True,s01-poor-contact-0728-0431,s01,sitting,poor-contact,49699.3,34275.1,0.126145,99.8,,,68.96495524081827,626.8990314773281,0.14749753000000002,447.6999999999971,150,0,1
3940,pi4b-01,2026-07-27 23:04:14.800003+00:00,26.7,69.0,,85.3346,True,s01-poor-contact-0728-0431,s01,sitting,poor-contact,49269.1,31280.4,0.0963627,99.8,,,63.48888045448364,453.78830306712393,0.14705019999999996,430.20000000000437,151,0,1
3941,pi4b-01,2026-07-27 23:04:15.800017+00:00,26.7,69.0,,85.3346,True,s01-poor-contact-0728-0431,s01,sitting,poor-contact,50290.4,11160.0,0.190599,99.8,,,22.1911140098309,435.05213289199435,0.15615663,1021.3000000000029,152,0,1
3942,pi4b-01,2026-07-27 23:04:16.824017+00:00,26.7,69.0,,85.3346,True,s01-poor-contact-0728-0431,s01,sitting,poor-contact,50451.2,4452.16,0.267363,99.8,,,8.824686033236077,507.2658842597985,0.17324707999999997,160.79999999999563,153,0,1
3943,pi4b-01,2026-07-27 23:04:17.799456+00:00,26.7,69.0,,85.3346,True,s01-poor-contact-0728-0431,s01,sitting,poor-contact,51221.5,4452.16,0.246949,99.8,,,8.691975049539744,666.2954913387363,0.17000238,770.3000000000029,154,0,1
3944,pi4b-01,2026-07-27 23:04:18.802587+00:00,26.7,69.0,,74.3425,True,s01-poor-contact-0728-0431,s01,sitting,poor-contact,52369.0,4452.16,0.246781,99.8,,,8.501518073669537,957.5088520626562,0.16772838,1147.5,155,0,1
3945,pi4b-01,2026-07-27 23:04:19.829099+00:00,26.7,69.0,,74.3425,True,s01-poor-contact-0728-0431,s01,sitting,poor-contact,53598.8,18706.7,0.22874,99.8,,,34.90134107480018,1376.6037944079517,0.16850188000000002,1229.800000000003,156,0,1
3946,pi4b-01,2026-07-27 23:04:20.797504+00:00,26.7,69.0,,74.3425,True,s01-poor-contact-0728-0431,s01,sitting,poor-contact,53207.1,18706.7,0.223215,99.8,,,35.15827774864633,1518.1278038720925,0.18840177,391.70000000000437,157,0,1
3947,pi4b-01,2026-07-27 23:04:21.797978+00:00,26.7,69.0,,74.3425,True,s01-poor-contact-0728-0431,s01,sitting,poor-contact,53113.4,18706.7,0.225488,99.8,,,35.220302221285024,1602.1290812195875,0.19775837,93.69999999999709,158,0,1
3948,pi4b-01,2026-07-27 23:04:22.827971+00:00,26.7,69.0,,78.4876,True,s01-poor-contact-0728-0431,s01,sitting,poor-contact,48105.5,45921.3,0.0111429,99.8,,,95.45956283585038,1877.0476759766939,0.18627856,5007.9000000000015,159,0,1
3949,pi4b-01,2026-07-27 23:04:23.802784+00:00,26.7,69.0,,79.3599,True,s01-poor-contact-0728-0431,s01,sitting,poor-contact,47038.9,45921.3,0.218659,99.8,,,97.62409410083994,2253.5319766733937,0.19552995999999997,1066.5999999999985,160,0,1
3950,pi4b-01,2026-07-27 23:04:24.797711+00:00,26.7,69.0,,79.4451,True,s01-poor-contact-0728-0431,s01,sitting,poor-contact,45850.6,45921.3,0.220688,99.8,,,100.15419645544443,2731.3924162514877,0.20796248999999997,1188.300000000003,161,0,1
3951,pi4b-01,2026-07-27 23:04:25.824561+00:00,26.7,69.0,,83.3765,True,s01-poor-contact-0728-0431,s01,sitting,poor-contact,44961.7,45921.3,0.220713,99.8,,,102.13426093764248,3252.289270327817,0.21097389,888.9000000000015,162,0,1
3952,pi4b-01,2026-07-27 23:04:26.799970+00:00,26.7,69.0,,83.7929,True,s01-poor-contact-0728-0431,s01,sitting,poor-contact,43807.3,36362.1,0.0147112,99.8,,,83.00465904084479,3783.280792821734,0.18570870999999997,1154.3999999999942,163,0,1
3953,pi4b-01,2026-07-27 23:04:27.797753+00:00,26.7,69.0,96.8585,84.2593,True,s01-poor-contact-0728-0431,s01,sitting,poor-contact,47256.2,607.836,0.7011,99.8,,,1.286256618179202,3770.479745853223,0.23112380999999999,3448.899999999994,164,1,1
3954,pi4b-01,2026-07-27 23:04:28.822046+00:00,26.7,69.0,96.1315,84.7744,True,s01-poor-contact-0728-0431,s01,sitting,poor-contact,46696.8,607.836,0.535373,99.8,,,1.3016652104641002,3619.4133398323024,0.25998301,559.3999999999942,165,1,1
3955,pi4b-01,2026-07-27 23:04:29.797499+00:00,26.7,69.0,,84.8005,True,s01-poor-contact-0728-0431,s01,sitting,poor-contact,46245.2,539.916,0.169817,99.8,,,1.1675071142518578,3154.794829761408,0.25409071,451.6000000000058,166,0,1
3956,pi4b-01,2026-07-27 23:04:30.807360+00:00,26.7,69.0,94.0187,89.6162,True,s01-poor-contact-0728-0431,s01,sitting,poor-contact,46035.3,250.992,0.354955,99.8,,,0.5452163882933314,2490.9906884388934,0.26726471,209.89999999999418,167,1,1
3957,pi4b-01,2026-07-27 23:04:31.828789+00:00,26.7,69.0,92.4079,92.2118,True,s01-poor-contact-0728-0431,s01,sitting,poor-contact,46017.9,266.436,0.537259,99.8,,,0.5789833955917153,1208.2971720567505,0.29844181000000003,17.400000000001455,168,1,1
3958,pi4b-01,2026-07-27 23:04:32.801751+00:00,26.7,69.0,86.6821,92.9198,True,s01-poor-contact-0728-0431,s01,sitting,poor-contact,46163.7,266.436,0.614847,99.8,,,0.5771547774550133,1007.7007913508936,0.35881222,145.79999999999563,169,1,1
3959,pi4b-01,2026-07-27 23:04:33.802292+00:00,26.7,69.0,87.7123,93.5967,True,s01-poor-contact-0728-0431,s01,sitting,poor-contact,46286.6,266.436,0.614921,99.8,,,0.5756223183383528,948.4755394844525,0.39843842,122.90000000000146,170,1,1
3960,pi4b-01,2026-07-27 23:04:34.821977+00:00,26.7,69.0,87.7123,93.5967,True,s01-poor-contact-0728-0431,s01,sitting,poor-contact,46400.2,195.708,0.710321,99.8,,,0.4217826647298934,959.0903681789636,0.44740171999999995,113.59999999999854,171,1,1
3961,pi4b-01,2026-07-27 23:04:35.801177+00:00,26.7,69.0,87.7123,93.5967,True,s01-poor-contact-0728-0431,s01,sitting,poor-contact,46402.7,208.48,0.745823,99.8,,,0.44928420113484774,893.9517715678096,0.49991272000000003,2.5,172,1,1
3962,pi4b-01,2026-07-27 23:04:36.798212+00:00,26.7,69.0,87.7123,93.6616,True,s01-poor-contact-0728-0431,s01,sitting,poor-contact,46389.6,236.416,0.825526,99.8,,,0.5096314691223895,363.9034664430192,0.5809942,13.099999999998545,173,1,1
3963,pi4b-01,2026-07-27 23:04:37.829096+00:00,26.7,69.0,91.4256,95.6046,True,s01-poor-contact-0728-0431,s01,sitting,poor-contact,46371.3,276.832,0.803049,99.8,,,0.5969899485241948,200.7064083024878,0.5911891,18.299999999995634,174,1,1
3964,pi4b-01,2026-07-27 23:04:38.803450+00:00,26.7,69.0,91.4256,95.6239,True,s01-poor-contact-0728-0431,s01,sitting,poor-contact,46358.2,291.184,0.772616,99.8,,,0.6281175714328857,148.19257778802591,0.6149134,13.10000000000582,175,1,1
3965,pi4b-01,2026-07-27 23:04:39.798882+00:00,26.7,69.0,91.4256,95.7109,True,s01-poor-contact-0728-0431,s01,sitting,poor-contact,46339.2,291.184,0.775939,99.8,,,0.6283751122160073,149.62553295297104,0.6755256000000001,19.0,176,1,1
3966,pi4b-01,2026-07-27 23:04:40.823390+00:00,26.7,69.0,91.4256,96.2324,True,s01-poor-contact-0728-0431,s01,sitting,poor-contact,46338.4,293.452,0.803047,99.8,,,0.6332803894825889,123.81688809742157,0.7203348,0.7999999999956344,177,1,1
3967,pi4b-01,2026-07-27 23:04:41.798909+00:00,26.7,69.0,91.1608,96.2324,True,s01-poor-contact-0728-0431,s01,sitting,poor-contact,46332.9,352.512,0.752966,99.8,,,0.7608243818107651,70.93322055378327,0.7419055,5.5,178,1,1
4147,pi4b-01,2026-07-27 23:08:56.187174+00:00,26.7,69.0,,,False,s01-post-excertion-0728-0438,s01,sitting,post-excertion,0.0,0.0,0.0,99.5,,,0.0,0.0,0.0,0.0,0,0,0
4148,pi4b-01,2026-07-27 23:08:57.162679+00:00,26.7,69.0,,,False,s01-post-excertion-0728-0438,s01,sitting,post-excertion,0.0,0.0,0.0,99.8,,,0.0,0.0,0.0,0.0,1,0,0
4149,pi4b-01,2026-07-27 23:08:58.158040+00:00,26.7,69.0,,,False,s01-post-excertion-0728-0438,s01,sitting,post-excertion,0.0,0.0,0.0,99.7,,,0.0,0.0,0.0,0.0,2,0,0
4150,pi4b-01,2026-07-27 23:08:59.208467+00:00,26.7,68.0,,93.9938,True,s01-post-excertion-0728-0438,s01,sitting,post-excertion,42611.3,3495.48,0.146351,99.7,,,8.203176152804536,21305.65,0.03658775,42611.3,3,0,0
4151,pi4b-01,2026-07-27 23:09:00.163538+00:00,26.7,68.0,,88.4538,True,s01-post-excertion-0728-0438,s01,sitting,post-excertion,43490.5,5531.82,0.0669638,99.7,,,12.719605431071152,23581.99782297929,0.04266296000000001,879.1999999999971,4,0,0
4152,pi4b-01,2026-07-27 23:09:01.165624+00:00,26.7,68.0,,82.9138,True,s01-post-excertion-0728-0438,s01,sitting,post-excertion,46148.3,5531.82,0.167549,99.7,,,11.987050443895008,24173.52785932717,0.0634773,2657.800000000003,5,0,0
4153,pi4b-01,2026-07-27 23:09:02.186403+00:00,26.7,68.0,,81.0925,True,s01-post-excertion-0728-0438,s01,sitting,post-excertion,46153.9,5531.82,0.16299,99.7,,,11.985596016804646,23875.15877597666,0.07769340000000001,5.599999999998545,6,0,0
4154,pi4b-01,2026-07-27 23:09:03.164922+00:00,26.7,68.0,,79.4022,True,s01-post-excertion-0728-0438,s01,sitting,post-excertion,46949.2,5531.82,0.128111,99.7,,,11.782564985132867,23370.35314514035,0.0839956,795.2999999999956,7,0,0
4155,pi4b-01,2026-07-27 23:09:04.165083+00:00,26.7,68.0,,80.1335,True,s01-post-excertion-0728-0438,s01,sitting,post-excertion,46118.8,5420.91,0.178536,99.7,,,11.754230378934404,22664.96441741698,0.09450008888888889,830.3999999999942,8,0,0
4156,pi4b-01,2026-07-27 23:09:05.187318+00:00,26.7,68.0,,79.4022,True,s01-post-excertion-0728-0438,s01,sitting,post-excertion,46394.2,5640.4,0.227924,99.8,,,12.15755417703075,21976.49080650604,0.10784248,275.3999999999942,9,0,0
4157,pi4b-01,2026-07-27 23:09:06.163406+00:00,26.7,68.0,,79.2711,True,s01-post-excertion-0728-0438,s01,sitting,post-excertion,47027.9,8329.21,0.17977,99.7,,,17.711209728692964,19285.689572809624,0.12581948,633.7000000000044,10,0,0
4158,pi4b-01,2026-07-27 23:09:07.160433+00:00,26.7,68.0,,79.2624,True,s01-post-excertion-0728-0438,s01,sitting,post-excertion,47689.0,8329.21,0.213038,99.7,,,17.465683910335713,14582.981339024382,0.14712328000000002,661.0999999999985,11,0,0
4159,pi4b-01,2026-07-27 23:09:08.187586+00:00,26.7,68.0,,79.2035,True,s01-post-excertion-0728-0438,s01,sitting,post-excertion,47790.5,8329.21,0.286448,99.7,,,17.428589363994934,1699.6168105389615,0.17576808000000002,101.5,12,0,0
4160,pi4b-01,2026-07-27 23:09:09.164752+00:00,26.7,68.0,,78.3418,True,s01-post-excertion-0728-0438,s01,sitting,post-excertion,48956.9,8329.21,0.179336,99.7,,,17.013352561130297,1443.6619516585683,0.17906658,1166.4000000000015,13,0,0
4161,pi4b-01,2026-07-27 23:09:10.165977+00:00,26.7,68.0,94.5845,78.3418,True,s01-post-excertion-0728-0438,s01,sitting,post-excertion,49101.0,1236.11,0.702224,99.7,,,2.517484368953789,1124.9031504484462,0.2425926,144.09999999999854,14,1,0
4162,pi4b-01,2026-07-27 23:09:11.190194+00:00,26.7,69.0,94.6992,78.3418,True,s01-post-excertion-0728-0438,s01,sitting,post-excertion,49012.3,1662.54,0.584015,99.7,,,3.392087292373547,1181.2385459056443,0.28423919999999997,88.69999999999709,15,1,0
4163,pi4b-01,2026-07-27 23:09:12.163687+00:00,26.7,69.0,94.814,78.3418,True,s01-post-excertion-0728-0438,s01,sitting,post-excertion,48788.2,1367.26,0.524199,99.7,,,2.802439934246396,1135.751739304534,0.3203601,224.10000000000582,16,1,0
4164,pi4b-01,2026-07-27 23:09:13.160284+00:00,26.7,69.0,95.88,94.3854,True,s01-post-excertion-0728-0438,s01,sitting,post-excertion,48453.5,1367.26,0.600594,99.7,,,2.8217982189109145,1112.4570304310603,0.3676084,334.6999999999971,17,1,0
4165,pi4b-01,2026-07-27 23:09:14.189836+00:00,26.7,69.0,95.484,94.6593,True,s01-post-excertion-0728-0438,s01,sitting,post-excertion,48203.1,1367.26,0.519876,99.8,,,2.8364565764442533,911.9142713118138,0.4017424,250.40000000000146,18,1,0
4166,pi4b-01,2026-07-27 23:09:15.165280+00:00,26.7,69.0,95.149,94.9065,True,s01-post-excertion-0728-0438,s01,sitting,post-excertion,47973.1,1019.93,0.784981,99.7,,,2.126045638076339,683.9259418159384,0.45744809999999997,230.0,19,1,0
4167,pi4b-01,2026-07-27 23:09:16.167713+00:00,26.7,69.0,94.814,95.0123,True,s01-post-excertion-0728-0438,s01,sitting,post-excertion,47834.6,998.568,0.788472,99.7,,,2.0875433263788135,552.1473772663876,0.5183183,138.5,20,1,0
4168,pi4b-01,2026-07-27 23:09:17.188665+00:00,26.7,69.0,94.814,95.153,True,s01-post-excertion-0728-0438,s01,sitting,post-excertion,47755.4,995.476,0.852054,99.7,,,2.084530754637172,543.2387017794655,0.5822199,79.19999999999709,21,1,0
4169,pi4b-01,2026-07-27 23:09:18.163526+00:00,26.7,69.0,93.8236,98.032,True,s01-post-excertion-0728-0438,s01,sitting,post-excertion,47649.7,995.476,0.797078,99.7,,,2.0891548110481284,561.9165355182363,0.6332829,105.70000000000437,22,1,0
4170,pi4b-01,2026-07-27 23:09:19.163653+00:00,26.7,69.0,93.8236,98.032,True,s01-post-excertion-0728-0438,s01,sitting,post-excertion,47601.5,986.392,0.732093,99.7,,,2.0721868008361084,568.7918467144367,0.6885586,48.19999999999709,23,1,0
4171,pi4b-01,2026-07-27 23:09:20.189267+00:00,26.7,69.0,93.8236,98.032,True,s01-post-excertion-0728-0438,s01,sitting,post-excertion,47514.3,983.52,0.762597,99.7,,,2.0699452585853098,520.3115200423881,0.6945959,87.19999999999709,24,1,0
4172,pi4b-01,2026-07-27 23:09:21.166163+00:00,26.7,69.0,93.8236,98.1554,True,s01-post-excertion-0728-0438,s01,sitting,post-excertion,47428.4,1033.26,0.759107,99.7,,,2.1785681153064407,439.2559486727277,0.7121050999999999,85.90000000000146,25,1,0
4173,pi4b-01,2026-07-27 23:09:22.163506+00:00,26.7,69.0,95.5696,98.1554,True,s01-post-excertion-0728-0438,s01,sitting,post-excertion,47310.6,1033.26,0.803521,99.7,,,2.1839925936259528,355.3262938638915,0.7400372999999999,117.80000000000291,26,1,0
4174,pi4b-01,2026-07-27 23:09:23.185884+00:00,26.7,69.0,97.7654,98.1554,True,s01-post-excertion-0728-0438,s01,sitting,post-excertion,47246.0,938.9,0.812896,99.7,,,1.9872581805867162,298.84098354205867,0.7612675,64.59999999999854,27,1,0
4175,pi4b-01,2026-07-27 23:09:24.165781+00:00,26.7,69.0,100.304,98.1539,True,s01-post-excertion-0728-0438,s01,sitting,post-excertion,47158.7,938.9,0.729673,99.7,,,1.990936985116214,265.33430506511684,0.7822471999999999,87.30000000000291,28,1,0
4176,pi4b-01,2026-07-27 23:09:25.164407+00:00,26.7,69.0,100.304,97.8976,True,s01-post-excertion-0728-0438,s01,sitting,post-excertion,47148.1,747.028,0.682792,99.8,,,1.584428640814794,245.7409749669838,0.7720283,10.599999999998545,29,1,0
4177,pi4b-01,2026-07-27 23:09:26.188560+00:00,26.7,69.0,100.304,98.0707,True,s01-post-excertion-0728-0438,s01,sitting,post-excertion,47211.8,687.876,0.717901,99.8,,,1.4570001567404758,219.05844603147648,0.7649712,63.700000000004366,30,1,0
4178,pi4b-01,2026-07-27 23:09:27.163766+00:00,26.7,69.0,100.304,98.0707,True,s01-post-excertion-0728-0438,s01,sitting,post-excertion,47322.9,752.88,0.776454,99.7,,,1.5909422288152248,181.0243384494459,0.7574112,111.09999999999854,31,1,0
4179,pi4b-01,2026-07-27 23:09:28.166254+00:00,26.7,69.0,95.1392,97.8929,True,s01-post-excertion-0728-0438,s01,sitting,post-excertion,47400.0,757.66,0.787005,99.7,,,1.5984388185654008,151.27887456230707,0.7564038999999999,77.09999999999854,32,1,0
4180,pi4b-01,2026-07-27 23:09:29.185724+00:00,26.7,69.0,90.9471,97.6318,True,s01-post-excertion-0728-0438,s01,sitting,post-excertion,47510.1,766.04,0.776809,99.7,,,1.6123729480678843,135.24844998066234,0.7608754999999999,110.09999999999854,33,1,0
4181,pi4b-01,2026-07-27 23:09:30.160842+00:00,26.7,69.0,88.3205,97.6287,True,s01-post-excertion-0728-0438,s01,sitting,post-excertion,47606.9,766.04,0.775958,99.7,,,1.6090944800018485,151.79967244860813,0.7622115999999999,96.80000000000291,34,1,0
4182,pi4b-01,2026-07-27 23:09:31.164404+00:00,26.7,69.0,88.3205,97.5332,True,s01-post-excertion-0728-0438,s01,sitting,post-excertion,47707.8,778.92,0.752189,99.7,,,1.632688994252512,191.54382411214402,0.7615198000000001,100.90000000000146,35,1,0
4183,pi4b-01,2026-07-27 23:09:32.189570+00:00,26.7,69.0,88.3205,97.5115,True,s01-post-excertion-0728-0438,s01,sitting,post-excertion,47710.9,769.932,0.776374,99.7,,,1.6137444483336094,219.35116340889596,0.7588051,3.099999999998545,36,1,0
4184,pi4b-01,2026-07-27 23:09:33.164201+00:00,26.7,69.0,88.3205,97.4616,True,s01-post-excertion-0728-0438,s01,sitting,post-excertion,47667.0,769.932,0.823243,99.8,,,1.6152306627226383,226.30605039280346,0.7598398,43.900000000001455,37,1,0
4185,pi4b-01,2026-07-27 23:09:34.167633+00:00,26.7,69.0,92.1606,97.4616,True,s01-post-excertion-0728-0438,s01,sitting,post-excertion,47516.5,762.876,0.82859,99.7,,,1.6054970378710554,203.2205643573547,0.7697315,150.5,38,1,0
4186,pi4b-01,2026-07-27 23:09:35.190257+00:00,26.7,69.0,94.2882,97.4616,True,s01-post-excertion-0728-0438,s01,sitting,post-excertion,47297.0,777.428,0.800828,99.7,,,1.643715246210119,180.35215212944092,0.7815350999999999,219.5,39,1,0
4187,pi4b-01,2026-07-27 23:09:36.165850+00:00,26.7,69.0,96.698,97.4616,True,s01-post-excertion-0728-0438,s01,sitting,post-excertion,47066.4,756.62,0.825437,99.7,,,1.6075586830520288,209.27118636923785,0.7922887000000001,230.59999999999854,40,1,0
4188,pi4b-01,2026-07-27 23:09:37.164122+00:00,26.7,69.0,96.698,97.8372,True,s01-post-excertion-0728-0438,s01,sitting,post-excertion,46888.6,760.228,0.833565,99.8,,,1.621349325848927,279.053857008028,0.7979998,177.8000000000029,41,1,0
4189,pi4b-01,2026-07-27 23:09:38.189781+00:00,26.7,69.0,96.698,97.8372,True,s01-post-excertion-0728-0438,s01,sitting,post-excertion,46801.2,812.532,0.796909,99.8,,,1.7361349708981824,344.4802371366555,0.7989902,87.40000000000146,42,1,0
4190,pi4b-01,2026-07-27 23:09:39.164974+00:00,26.7,69.0,96.698,97.8372,True,s01-post-excertion-0728-0438,s01,sitting,post-excertion,46778.1,812.864,0.818915,99.7,,,1.7377020443327114,388.12000778676264,0.8032008000000002,23.099999999998545,43,1,0
4191,pi4b-01,2026-07-27 23:09:40.169749+00:00,26.7,69.0,95.6661,97.8372,True,s01-post-excertion-0728-0438,s01,sitting,post-excertion,46823.4,850.96,0.823487,99.7,,,1.8173819073369297,399.1153646920765,0.8079537,45.30000000000291,44,1,0
4192,pi4b-01,2026-07-27 23:09:41.188711+00:00,26.7,69.0,93.0616,97.6166,True,s01-post-excertion-0728-0438,s01,sitting,post-excertion,46863.3,850.96,0.80854,99.8,,,1.8158345656409174,374.3462603881956,0.8135888,39.900000000001455,45,1,0
4193,pi4b-01,2026-07-27 23:09:42.162836+00:00,26.7,69.0,93.0616,97.6166,True,s01-post-excertion-0728-0438,s01,sitting,post-excertion,46928.8,832.036,0.797546,99.7,,,1.7729752305620425,319.83785840114547,0.8157059999999999,65.5,46,1,0
4194,pi4b-01,2026-07-27 23:09:43.165696+00:00,26.7,69.0,93.0616,97.6166,True,s01-post-excertion-0728-0438,s01,sitting,post-excertion,46991.9,832.036,0.841931,99.7,,,1.7705945067128588,239.29758693116767,0.8175748,63.099999999998545,47,1,0
4195,pi4b-01,2026-07-27 23:09:44.184879+00:00,26.7,69.0,93.0616,97.6166,True,s01-post-excertion-0728-0438,s01,sitting,post-excertion,47023.9,801.996,0.812758,99.8,,,1.7055071995304514,156.52113950224918,0.8159916,32.0,48,1,0
4196,pi4b-01,2026-07-27 23:09:45.160828+00:00,26.7,69.0,95.2462,97.9277,True,s01-post-excertion-0728-0438,s01,sitting,post-excertion,47006.4,785.66,0.804841,99.7,,,1.6713894278225943,101.45784017662842,0.8163929,17.5,49,1,0
4197,pi4b-01,2026-07-27 23:09:46.167852+00:00,26.7,69.0,96.6748,97.9277,True,s01-post-excertion-0728-0438,s01,sitting,post-excertion,47028.8,733.652,0.858199,99.7,,,1.5600057836899943,95.85624885430086,0.8196690999999999,22.400000000001455,50,1,0
4198,pi4b-01,2026-07-27 23:09:47.193182+00:00,26.7,68.0,97.4856,97.9277,True,s01-post-excertion-0728-0438,s01,sitting,post-excertion,47045.3,733.652,0.835671,99.7,,,1.5594586494293798,103.82160393876084,0.8198797000000001,16.5,51,1,0
4199,pi4b-01,2026-07-27 23:09:48.160835+00:00,26.7,68.0,97.4856,97.9277,True,s01-post-excertion-0728-0438,s01,sitting,post-excertion,47085.0,733.652,0.803225,99.8,,,1.558143782520973,103.76084093280153,0.8205112999999999,39.69999999999709,52,1,0
4200,pi4b-01,2026-07-27 23:09:49.166752+00:00,26.7,68.0,97.4856,97.7647,True,s01-post-excertion-0728-0438,s01,sitting,post-excertion,47201.9,655.012,0.789495,99.7,,,1.387681428078107,108.77685670915744,0.8175693,116.90000000000146,53,1,0
4201,pi4b-01,2026-07-27 23:09:50.188382+00:00,26.7,68.0,97.4856,97.5742,True,s01-post-excertion-0728-0438,s01,sitting,post-excertion,47356.8,655.58,0.80889,99.7,,,1.3843418474221232,139.1631532489414,0.8161096000000001,154.90000000000146,54,1,0
4202,pi4b-01,2026-07-27 23:09:51.164262+00:00,26.7,68.0,96.5435,97.5023,True,s01-post-excertion-0728-0438,s01,sitting,post-excertion,47432.3,676.296,0.813369,99.7,,,1.4258132116722149,166.52152646952464,0.8165924999999999,75.5,55,1,0
4203,pi4b-01,2026-07-27 23:09:52.161847+00:00,26.7,68.0,94.6105,97.4936,True,s01-post-excertion-0728-0438,s01,sitting,post-excertion,47463.0,709.868,0.810718,99.8,,,1.4956239597159895,186.3943969709973,0.8179096999999999,30.69999999999709,56,1,0
4204,pi4b-01,2026-07-27 23:09:53.188447+00:00,26.7,68.0,94.6105,97.4936,True,s01-post-excertion-0728-0438,s01,sitting,post-excertion,47418.3,762.452,0.828955,99.7,,,1.6079277409776394,191.4723771779612,0.8166121000000001,44.69999999999709,57,1,0
4205,pi4b-01,2026-07-27 23:09:54.161671+00:00,26.7,68.0,94.6105,97.4936,True,s01-post-excertion-0728-0438,s01,sitting,post-excertion,47328.1,802.284,0.825381,99.7,,,1.6951536190973227,183.28661495640546,0.8178744,90.20000000000437,58,1,0
4206,pi4b-01,2026-07-27 23:09:55.165718+00:00,26.7,68.0,94.6105,97.5023,True,s01-post-excertion-0728-0438,s01,sitting,post-excertion,47227.8,802.284,0.83226,99.7,,,1.6987537001511819,164.8345571237308,0.8206163,100.29999999999563,59,1,0
4207,pi4b-01,2026-07-27 23:09:56.189995+00:00,26.7,68.0,94.2306,97.5023,True,s01-post-excertion-0728-0438,s01,sitting,post-excertion,47166.0,802.284,0.752076,99.7,,,1.7009795191451471,148.4671849263456,0.810004,61.80000000000291,60,1,0
4208,pi4b-01,2026-07-27 23:09:57.163139+00:00,26.7,68.0,94.2306,97.4936,True,s01-post-excertion-0728-0438,s01,sitting,post-excertion,47156.2,802.284,0.68653,99.8,,,1.7013330166552862,132.94510312304743,0.7950899,9.80000000000291,61,1,0
4209,pi4b-01,2026-07-27 23:09:58.164678+00:00,26.7,68.0,94.2306,97.4936,True,s01-post-excertion-0728-0438,s01,sitting,post-excertion,47192.5,772.988,0.764924,99.7,,,1.6379467076336283,118.68919683103911,0.7912598,36.30000000000291,62,1,0
4210,pi4b-01,2026-07-27 23:09:59.189685+00:00,26.7,68.0,91.944,97.5315,True,s01-post-excertion-0728-0438,s01,sitting,post-excertion,47237.7,785.212,0.778566,99.7,,,1.6622570531588117,116.10458934348486,0.7901669,45.19999999999709,63,1,0
4211,pi4b-01,2026-07-27 23:10:00.161799+00:00,26.7,68.0,87.8302,97.5315,True,s01-post-excertion-0728-0438,s01,sitting,post-excertion,47316.1,785.212,0.797066,99.8,,,1.6595027908048212,114.51172671612419,0.7889845,78.40000000000146,64,1,0
4212,pi4b-01,2026-07-27 23:10:01.160395+00:00,26.7,68.0,86.1813,97.5315,True,s01-post-excertion-0728-0438,s01,sitting,post-excertion,47358.0,865.516,0.74572,99.7,,,1.827602516998184,106.66862550262734,0.7822196,41.900000000001455,65,1,0
4213,pi4b-01,2026-07-27 23:10:02.187378+00:00,26.7,68.0,86.1813,97.4864,True,s01-post-excertion-0728-0438,s01,sitting,post-excertion,47364.4,865.516,0.743285,99.7,,,1.8273555666281003,92.08817573969395,0.7754763,6.400000000001455,66,1,0
4214,pi4b-01,2026-07-27 23:10:03.161282+00:00,26.7,68.0,86.1813,97.4864,True,s01-post-excertion-0728-0438,s01,sitting,post-excertion,47334.8,865.516,0.758004,99.7,,,1.8284982718845328,80.91022734390818,0.7683812000000001,29.599999999998545,67,1,0
4215,pi4b-01,2026-07-27 23:10:04.162106+00:00,26.7,68.0,86.1813,97.5316,True,s01-post-excertion-0728-0438,s01,sitting,post-excertion,47335.5,865.516,0.793692,99.8,,,1.82847123195065,81.55065228949982,0.7652123000000001,0.6999999999970896,68,1,0
4216,pi4b-01,2026-07-27 23:10:05.195886+00:00,26.7,68.0,90.0985,97.557,True,s01-post-excertion-0728-0438,s01,sitting,post-excertion,47361.9,763.488,0.804221,99.7,,,1.612029922786037,84.99417561717009,0.7624084,26.400000000001455,69,1,0
4217,pi4b-01,2026-07-27 23:10:06.161995+00:00,26.7,68.0,93.1903,97.5316,True,s01-post-excertion-0728-0438,s01,sitting,post-excertion,47418.9,692.832,0.795581,99.7,,,1.4610883002347164,84.16192065798737,0.7667588999999999,57.0,70,1,0
4218,pi4b-01,2026-07-27 23:10:07.162528+00:00,26.7,68.0,96.9857,97.5044,True,s01-post-excertion-0728-0438,s01,sitting,post-excertion,47479.2,660.388,0.796539,99.7,,,1.3908995939274462,81.54123701100005,0.7777598,60.299999999995634,71,1,0
4219,pi4b-01,2026-07-27 23:10:08.187359+00:00,26.7,68.0,97.0159,97.4638,True,s01-post-excertion-0728-0438,s01,sitting,post-excertion,47612.2,654.8,0.686006,99.7,,,1.3752777649425987,102.54889402921462,0.769868,133.0,72,1,0
4220,pi4b-01,2026-07-27 23:10:09.163628+00:00,26.7,68.0,97.0159,97.4535,True,s01-post-excertion-0728-0438,s01,sitting,post-excertion,47778.6,544.912,0.57031,99.8,,,1.140493861268434,149.8142939328941,0.7490424,166.40000000000146,73,1,0
4221,pi4b-01,2026-07-27 23:10:10.166257+00:00,26.7,68.0,97.0159,97.3655,True,s01-post-excertion-0728-0438,s01,sitting,post-excertion,47926.1,528.552,0.568534,99.8,,,1.102847926286512,208.3425875276551,0.7261892,147.5,74,1,0
4222,pi4b-01,2026-07-27 23:10:11.187028+00:00,26.7,68.0,97.0159,97.2722,True,s01-post-excertion-0728-0438,s01,sitting,post-excertion,48121.9,528.552,0.604053,99.7,,,1.098360621671214,279.59206494053814,0.7120225,195.8000000000029,75,1,0
4223,pi4b-01,2026-07-27 23:10:12.165779+00:00,26.7,68.0,93.2058,96.4045,True,s01-post-excertion-0728-0438,s01,sitting,post-excertion,48318.6,503.988,0.492247,99.7,,,1.0430517440488756,353.4328792161841,0.6869186999999999,196.6999999999971,76,1,0
4224,pi4b-01,2026-07-27 23:10:13.161670+00:00,26.7,68.0,93.2058,96.4045,True,s01-post-excertion-0728-0438,s01,sitting,post-excertion,48410.3,521.128,0.631073,99.7,,,1.0764816578290157,400.9563506306339,0.6742256,91.70000000000437,77,1,0
4225,pi4b-01,2026-07-27 23:10:14.185437+00:00,26.7,68.0,93.2058,96.4045,True,s01-post-excertion-0728-0438,s01,sitting,post-excertion,48423.6,525.564,0.752094,99.7,,,1.0853468143632443,415.41771761809684,0.6700657999999999,13.299999999995634,78,1,0
4226,pi4b-01,2026-07-27 23:10:15.162171+00:00,26.7,68.0,93.2058,96.4045,True,s01-post-excertion-0728-0438,s01,sitting,post-excertion,48334.0,543.016,0.790665,99.7,,,1.1234658832291968,392.479825949933,0.6687101999999999,89.59999999999854,79,1,0
4227,pi4b-01,2026-07-27 23:10:16.170512+00:00,26.7,68.0,95.2744,96.7998,True,s01-post-excertion-0728-0438,s01,sitting,post-excertion,48287.0,543.016,0.759286,99.7,,,1.1245594052229377,347.42817722982755,0.6650807000000001,47.0,80,1,0
4228,pi4b-01,2026-07-27 23:10:17.189677+00:00,26.7,68.0,95.2744,96.7998,True,s01-post-excertion-0728-0438,s01,sitting,post-excertion,48351.7,543.016,0.740366,99.7,,,1.1230546185552939,287.13622783138214,0.6594634,64.69999999999709,81,1,0
4229,pi4b-01,2026-07-27 23:10:18.162146+00:00,26.7,68.0,95.2744,96.7998,True,s01-post-excertion-0728-0438,s01,sitting,post-excertion,48465.2,539.708,0.713515,99.7,,,1.1135990360093428,228.14903024097518,0.6622143,113.5,82,1,0
4230,pi4b-01,2026-07-27 23:10:19.160549+00:00,26.7,68.0,95.2744,96.7998,True,s01-post-excertion-0728-0438,s01,sitting,post-excertion,48519.5,470.244,0.582918,99.7,,,0.9691855851770937,175.2096423650026,0.6634751,54.30000000000291,83,1,0
4231,pi4b-01,2026-07-27 23:10:20.187181+00:00,26.7,68.0,94.3293,96.7292,True,s01-post-excertion-0728-0438,s01,sitting,post-excertion,48597.4,464.596,0.531431,99.7,,,0.956009992304115,132.77687884359676,0.6597648,77.90000000000146,84,1,0
4232,pi4b-01,2026-07-27 23:10:21.166805+00:00,26.7,68.0,91.4549,96.7292,True,s01-post-excertion-0728-0438,s01,sitting,post-excertion,48613.5,607.284,0.626337,99.7,,,1.2492085531796724,115.24656466270945,0.6619932000000001,16.099999999998545,85,1,0
4233,pi4b-01,2026-07-27 23:10:22.166580+00:00,26.7,68.0,87.396,96.7292,True,s01-post-excertion-0728-0438,s01,sitting,post-excertion,48414.0,622.32,0.685174,99.7,,,1.285413310199529,108.56385524913684,0.6812859,199.5,86,1,0
4234,pi4b-01,2026-07-27 23:10:23.195695+00:00,26.7,68.0,85.3276,96.7292,True,s01-post-excertion-0728-0438,s01,sitting,post-excertion,48166.2,673.056,0.755832,99.7,,,1.3973616353376435,139.44005043945214,0.6937618000000001,247.8000000000029,87,1,0
4235,pi4b-01,2026-07-27 23:10:24.167430+00:00,26.7,68.0,85.3276,96.9068,True,s01-post-excertion-0728-0438,s01,sitting,post-excertion,47940.9,673.056,0.75644,99.7,,,1.4039285870728335,205.08052727296848,0.6941963999999999,225.29999999999563,88,1,0
4236,pi4b-01,2026-07-27 23:10:25.161663+00:00,26.7,68.0,85.3276,96.9068,True,s01-post-excertion-0728-0438,s01,sitting,post-excertion,47699.7,804.488,0.74036,99.7,,,1.6865682593391575,295.3246667274384,0.6891659,241.20000000000437,89,1,0
4237,pi4b-01,2026-07-27 23:10:26.189216+00:00,26.7,68.0,85.3276,96.9068,True,s01-post-excertion-0728-0438,s01,sitting,post-excertion,47408.3,804.488,0.795267,99.7,,,1.6969349248971173,409.92976688412847,0.6927639999999999,291.3999999999942,90,1,0
4238,pi4b-01,2026-07-27 23:10:27.163878+00:00,26.7,68.0,87.228,96.9068,True,s01-post-excertion-0728-0438,s01,sitting,post-excertion,47305.3,804.488,0.83306,99.7,,,1.7006297391624194,496.3509757329122,0.7020334,103.0,91,1,0
4239,pi4b-01,2026-07-27 23:10:28.163731+00:00,26.7,68.0,89.4551,96.8862,True,s01-post-excertion-0728-0438,s01,sitting,post-excertion,47250.1,804.488,0.797435,99.7,,,1.7026165023989368,546.7259509519861,0.7104254,55.200000000004366,92,1,0
4240,pi4b-01,2026-07-27 23:10:29.195329+00:00,26.7,68.0,90.5474,96.8862,True,s01-post-excertion-0728-0438,s01,sitting,post-excertion,47419.1,718.54,0.761416,99.7,,,1.5152965788047432,539.3340672635331,0.7282751999999999,169.0,93,1,0
4241,pi4b-01,2026-07-27 23:10:30.165082+00:00,26.7,68.0,90.9152,96.8366,True,s01-post-excertion-0728-0438,s01,sitting,post-excertion,47779.9,689.252,0.797352,99.7,,,1.4425563887743589,477.12431410590335,0.7548673,360.8000000000029,94,1,0
4242,pi4b-01,2026-07-27 23:10:31.161903+00:00,26.7,68.0,91.9803,96.8336,True,s01-post-excertion-0728-0438,s01,sitting,post-excertion,48236.5,673.444,0.655308,99.7,,,1.3961294870067273,416.75191127993025,0.7577643999999999,456.59999999999854,95,1,0
4243,pi4b-01,2026-07-27 23:10:32.188771+00:00,26.7,68.0,92.5978,96.8336,True,s01-post-excertion-0728-0438,s01,sitting,post-excertion,48732.3,660.22,0.450534,99.7,,,1.3547893286382955,479.51202058843916,0.7343004,495.8000000000029,96,1,0
4244,pi4b-01,2026-07-27 23:10:33.164056+00:00,26.7,68.0,92.5978,96.3708,True,s01-post-excertion-0728-0438,s01,sitting,post-excertion,49312.2,647.424,0.466423,99.8,,,1.3129083675033764,675.347025280685,0.7053594999999999,579.8999999999942,97,1,0
4245,pi4b-01,2026-07-27 23:10:34.165798+00:00,26.7,68.0,92.5978,94.7337,True,s01-post-excertion-0728-0438,s01,sitting,post-excertion,49638.2,629.268,0.397129,99.7,,,1.267709143361363,869.7259890332743,0.6694283999999999,326.0,98,1,0
4246,pi4b-01,2026-07-27 23:10:35.185896+00:00,26.7,68.0,,93.3146,True,s01-post-excertion-0728-0438,s01,sitting,post-excertion,49758.4,604.888,0.318743,99.7,,,1.2156500209009937,1003.5470193822566,0.6272667000000001,120.20000000000437,99,0,0
4247,pi4b-01,2026-07-27 23:10:36.171073+00:00,26.7,68.0,94.263,92.1532,True,s01-post-excertion-0728-0438,s01,sitting,post-excertion,49775.8,533.332,0.365931,99.7,,,1.071468464595245,1052.0841039468621,0.5843331,17.400000000001455,100,1,0
4248,pi4b-01,2026-07-27 23:10:37.162253+00:00,26.7,68.0,94.263,92.1532,True,s01-post-excertion-0728-0438,s01,sitting,post-excertion,49687.9,568.16,0.4623,99.7,,,1.1434574614745239,1015.3832250818729,0.5472570999999999,87.90000000000146,101,1,0
4249,pi4b-01,2026-07-27 23:10:38.184955+00:00,26.7,68.0,63.213,92.1532,True,s01-post-excertion-0728-0438,s01,sitting,post-excertion,49466.5,568.16,0.523758,99.7,,,1.1485752984342938,882.6339795054669,0.5198894,221.40000000000146,102,1,0
4250,pi4b-01,2026-07-27 23:10:39.162381+00:00,26.7,68.0,63.213,92.1532,True,s01-post-excertion-0728-0438,s01,sitting,post-excertion,49238.4,685.704,0.463627,99.7,,,1.3926203938389548,691.8804431883725,0.49011049999999995,228.09999999999854,103,1,0
4251,pi4b-01,2026-07-27 23:10:40.162192+00:00,26.7,68.0,47.8017,93.2784,True,s01-post-excertion-0728-0438,s01,sitting,post-excertion,49136.5,685.704,0.592288,99.8,,,1.3955084305963996,495.8769292877698,0.4696041,101.90000000000146,104,1,0
4252,pi4b-01,2026-07-27 23:10:41.188972+00:00,26.7,68.0,63.213,93.7071,True,s01-post-excertion-0728-0438,s01,sitting,post-excertion,49075.7,685.704,0.659537,99.8,,,1.3972373292688642,343.96407580488574,0.470027,60.80000000000291,105,1,0
4253,pi4b-01,2026-07-27 23:10:42.164350+00:00,26.7,68.0,89.3052,94.2446,True,s01-post-excertion-0728-0438,s01,sitting,post-excertion,48969.6,685.704,0.647464,99.7,,,1.400264653989414,299.4520803806658,0.48972,106.09999999999854,106,1,0
4254,pi4b-01,2026-07-27 23:10:43.165489+00:00,26.7,68.0,89.3052,94.8777,True,s01-post-excertion-0728-0438,s01,sitting,post-excertion,48839.8,684.164,0.685198,99.7,,,1.4008329272437643,349.0361611318278,0.5115974999999999,129.79999999999563,107,1,0
4255,pi4b-01,2026-07-27 23:10:44.189552+00:00,26.7,68.0,90.3497,94.9741,True,s01-post-excertion-0728-0438,s01,sitting,post-excertion,48753.3,665.376,0.702098,99.7,,,1.3647814609472588,381.0052331222438,0.5420944,86.5,108,1,0
4256,pi4b-01,2026-07-27 23:10:45.161828+00:00,26.7,68.0,90.5673,95.2875,True,s01-post-excertion-0728-0438,s01,sitting,post-excertion,48599.2,665.376,0.778389,99.7,,,1.3691089565260333,392.14353962106674,0.588059,154.10000000000582,109,1,0
4257,pi4b-01,2026-07-27 23:10:46.165910+00:00,26.7,68.0,92.108,95.3133,True,s01-post-excertion-0728-0438,s01,sitting,post-excertion,48405.1,682.388,0.791394,99.7,,,1.4097440145769766,390.3080407403135,0.6306053,194.09999999999854,110,1,0
4258,pi4b-01,2026-07-27 23:10:47.187917+00:00,26.7,69.0,93.2635,96.1914,True,s01-post-excertion-0728-0438,s01,sitting,post-excertion,48282.9,657.8,0.782965,99.7,,,1.362387097709541,374.61369732312363,0.6626718,122.19999999999709,111,1,0
4259,pi4b-01,2026-07-27 23:10:48.171286+00:00,26.7,69.0,93.2635,97.0305,True,s01-post-excertion-0728-0438,s01,sitting,post-excertion,48212.6,657.8,0.811405,99.7,,,1.3643736284705656,364.98965723533996,0.6914365,70.30000000000291,112,1,0
4260,pi4b-01,2026-07-27 23:10:49.160613+00:00,26.7,69.0,93.2635,97.0733,True,s01-post-excertion-0728-0438,s01,sitting,post-excertion,48181.9,657.8,0.807695,99.7,,,1.3652429646817579,361.2184479106728,0.7258433,30.69999999999709,113,1,0
4261,pi4b-01,2026-07-27 23:10:50.186946+00:00,26.7,69.0,93.3485,97.4374,True,s01-post-excertion-0728-0438,s01,sitting,post-excertion,48129.5,649.52,0.826177,99.7,,,1.349525758630362,349.34879800359073,0.7492322,52.400000000001455,114,1,0
4262,pi4b-01,2026-07-27 23:10:51.161882+00:00,26.7,69.0,93.3946,97.5915,True,s01-post-excertion-0728-0438,s01,sitting,post-excertion,48100.4,639.844,0.799016,99.7,,,1.3302259440669932,319.58808227658227,0.7631801,29.099999999998545,115,1,0
4263,pi4b-01,2026-07-27 23:10:52.160969+00:00,26.7,69.0,93.3946,97.6105,True,s01-post-excertion-0728-0438,s01,sitting,post-excertion,48079.8,639.844,0.813213,99.7,,,1.3307958851742312,279.3931489255948,0.779755,20.599999999998545,116,1,0
4264,pi4b-01,2026-07-27 23:10:53.191097+00:00,26.7,69.0,93.3946,97.6105,True,s01-post-excertion-0728-0438,s01,sitting,post-excertion,48073.3,624.048,0.775942,99.7,,,1.2981176661473208,234.14270577270054,0.7888294,6.5,117,1,0
4265,pi4b-01,2026-07-27 23:10:54.169430+00:00,26.7,69.0,95.2995,97.5915,True,s01-post-excertion-0728-0438,s01,sitting,post-excertion,48091.3,574.32,0.80227,99.7,,,1.194228477915964,171.12661329458487,0.7988466,18.0,118,1,0
4266,pi4b-01,2026-07-27 23:10:55.166061+00:00,26.7,69.0,95.2995,97.5915,True,s01-post-excertion-0728-0438,s01,sitting,post-excertion,48213.1,574.32,0.775887,99.7,,,1.1912115172017563,106.20150082591006,0.7985964,121.79999999999563,119,1,0
4267,pi4b-01,2026-07-27 23:10:56.186538+00:00,26.7,69.0,95.2995,97.5762,True,s01-post-excertion-0728-0438,s01,sitting,post-excertion,48422.1,570.176,0.669931,99.7,,,1.1775119212095306,110.3150382611759,0.7864500999999999,209.0,120,1,0
4268,pi4b-01,2026-07-27 23:10:57.166397+00:00,26.7,69.0,96.0882,97.5122,True,s01-post-excertion-0728-0438,s01,sitting,post-excertion,48666.0,570.176,0.600334,99.7,,,1.1716105700078085,188.99130491435355,0.768187,243.90000000000146,121,1,0
4269,pi4b-01,2026-07-27 23:10:58.165804+00:00,26.7,69.0,96.0882,97.2954,True,s01-post-excertion-0728-0438,s01,sitting,post-excertion,48873.5,448.984,0.515461,99.7,,,0.9186655344921071,280.62498285059195,0.7385926,207.5,122,1,0
4270,pi4b-01,2026-07-27 23:10:59.186802+00:00,26.7,69.0,94.9806,96.8464,True,s01-post-excertion-0728-0438,s01,sitting,post-excertion,49070.2,479.456,0.591822,99.7,,,0.9770818134020242,371.05682044653634,0.7170053,196.6999999999971,123,1,0
4271,pi4b-01,2026-07-27 23:11:00.171059+00:00,26.7,69.0,94.5513,96.4824,True,s01-post-excertion-0728-0438,s01,sitting,post-excertion,49249.5,498.92,0.601344,99.7,,,1.0130458177240378,450.31935285466795,0.694522,179.3000000000029,124,1,0
4272,pi4b-01,2026-07-27 23:11:01.166146+00:00,26.7,69.0,49.4597,95.6248,True,s01-post-excertion-0728-0438,s01,sitting,post-excertion,49291.9,498.92,0.515183,99.7,,,1.0121744140518016,493.160390970435,0.6661387000000001,42.400000000001455,125,1,0
4273,pi4b-01,2026-07-27 23:11:02.186222+00:00,26.7,69.0,49.419,95.6248,True,s01-post-excertion-0728-0438,s01,sitting,post-excertion,49221.2,498.92,0.566134,99.7,,,1.013628273995758,490.67508473292844,0.6414308,70.70000000000437,126,1,0
4274,pi4b-01,2026-07-27 23:11:03.165235+00:00,26.7,69.0,49.419,95.6248,True,s01-post-excertion-0728-0438,s01,sitting,post-excertion,49127.7,519.832,0.593353,99.7,,,1.0581240318598266,448.40016416378603,0.6231719,93.5,127,1,0
4275,pi4b-01,2026-07-27 23:11:04.164638+00:00,26.7,69.0,48.8372,95.531,True,s01-post-excertion-0728-0438,s01,sitting,post-excertion,49006.3,656.16,0.564942,99.7,,,1.3389298926872666,368.8866680821865,0.5994391,121.39999999999418,128,1,0
4276,pi4b-01,2026-07-27 23:11:05.187916+00:00,26.7,69.0,48.676,95.6248,True,s01-post-excertion-0728-0438,s01,sitting,post-excertion,48802.7,656.16,0.668047,99.7,,,1.3445157747419711,281.0463680603045,0.5886551000000001,203.60000000000582,129,1,0
4277,pi4b-01,2026-07-27 23:11:06.163670+00:00,26.7,69.0,48.155,95.6248,True,s01-post-excertion-0728-0438,s01,sitting,post-excertion,48602.3,656.16,0.612225,99.7,,,1.3500595650823108,245.294467256305,0.5828845,200.39999999999418,130,1,0
4278,pi4b-01,2026-07-27 23:11:07.162442+00:00,26.7,69.0,48.155,95.634,True,s01-post-excertion-0728-0438,s01,sitting,post-excertion,48467.1,656.16,0.64322,99.7,,,1.3538255847781278,280.17180919313574,0.5871731,135.20000000000437,131,1,0
4279,pi4b-01,2026-07-27 23:11:08.184984+00:00,26.7,69.0,48.155,95.6877,True,s01-post-excertion-0728-0438,s01,sitting,post-excertion,48376.6,666.504,0.720977,99.7,,,1.377740477834325,337.60905151751405,0.6077247,90.5,132,1,0
4280,pi4b-01,2026-07-27 23:11:09.162806+00:00,26.7,69.0,47.9907,95.6877,True,s01-post-excertion-0728-0438,s01,sitting,post-excertion,48355.0,738.948,0.6699,99.7,,,1.528172888015717,376.1722154367019,0.6155325,21.599999999998545,133,1,0
4281,pi4b-01,2026-07-27 23:11:10.165540+00:00,26.7,69.0,47.7613,95.6877,True,s01-post-excertion-0728-0438,s01,sitting,post-excertion,48328.2,738.948,0.622474,99.7,,,1.5290203235378104,380.2631720268096,0.6176455000000001,26.80000000000291,134,1,0
4282,pi4b-01,2026-07-27 23:11:11.188432+00:00,26.7,69.0,47.2814,96.9671,True,s01-post-excertion-0728-0438,s01,sitting,post-excertion,48351.4,738.948,0.629954,99.7,,,1.5282866680178857,348.49405303375073,0.6291226,23.200000000004366,135,1,0
4283,pi4b-01,2026-07-27 23:11:12.173276+00:00,26.7,69.0,46.8545,96.9671,True,s01-post-excertion-0728-0438,s01,sitting,post-excertion,48317.9,738.948,0.591394,99.7,,,1.529346267118397,301.93454699083003,0.6316486,33.5,136,1,0
4284,pi4b-01,2026-07-27 23:11:13.163630+00:00,26.7,69.0,46.8545,96.9671,True,s01-post-excertion-0728-0438,s01,sitting,post-excertion,48261.9,678.256,0.637936,99.7,,,1.4053653088668285,243.92868356665088,0.6361069,56.0,137,1,0
4285,pi4b-01,2026-07-27 23:11:14.189029+00:00,26.7,68.0,46.8545,96.9783,True,s01-post-excertion-0728-0438,s01,sitting,post-excertion,48168.0,683.188,0.672066,99.7,,,1.4183441288822456,181.72752772551382,0.6468193,93.90000000000146,138,1,0
4286,pi4b-01,2026-07-27 23:11:15.160972+00:00,26.7,68.0,46.8545,96.9671,True,s01-post-excertion-0728-0438,s01,sitting,post-excertion,48157.1,668.84,0.608755,99.7,,,1.388871007598049,131.82179258338036,0.6408900999999999,10.900000000001455,139,1,0
4287,pi4b-01,2026-07-27 23:11:16.166790+00:00,26.7,68.0,47.9492,96.8903,True,s01-post-excertion-0728-0438,s01,sitting,post-excertion,48178.0,668.84,0.553092,99.7,,,1.388268504296567,102.52482409373872,0.6349768,20.900000000001455,140,1,0
4288,pi4b-01,2026-07-27 23:11:17.184623+00:00,26.7,68.0,47.9492,96.752,True,s01-post-excertion-0728-0438,s01,sitting,post-excertion,48251.1,631.66,0.571384,99.7,,,1.309110051377067,83.4859242953724,0.6277931999999999,73.09999999999854,141,1,0
4289,pi4b-01,2026-07-27 23:11:18.160559+00:00,26.7,68.0,47.9492,96.5772,True,s01-post-excertion-0728-0438,s01,sitting,post-excertion,48392.2,599.892,0.558943,99.7,,,1.2396460586623466,85.72113443478182,0.6115898000000001,141.09999999999854,142,1,0
4290,pi4b-01,2026-07-27 23:11:19.164759+00:00,26.7,68.0,47.9492,96.3354,True,s01-post-excertion-0728-0438,s01,sitting,post-excertion,48541.3,577.824,0.593216,99.7,,,1.1903760303082116,118.68517130958615,0.6039214,149.10000000000582,143,1,0
4291,pi4b-01,2026-07-27 23:11:20.184682+00:00,26.7,68.0,47.248,96.2787,True,s01-post-excertion-0728-0438,s01,sitting,post-excertion,48721.4,640.752,0.666693,99.7,,,1.3151346225683167,180.20287363569756,0.6083433,180.09999999999854,144,1,0
4292,pi4b-01,2026-07-27 23:11:21.165423+00:00,26.7,68.0,47.246,96.2769,True,s01-post-excertion-0728-0438,s01,sitting,post-excertion,49150.1,1063.94,0.360943,99.7,,,2.1646751481685693,315.1955371932821,0.5814421999999999,428.6999999999971,145,1,0
4293,pi4b-01,2026-07-27 23:11:22.160894+00:00,26.7,68.0,,96.0725,True,s01-post-excertion-0728-0438,s01,sitting,post-excertion,49551.0,1915.95,0.271177,99.7,,,3.866622267966338,474.4424668315714,0.5494205,400.90000000000146,146,0,0
4294,pi4b-01,2026-07-27 23:11:23.187103+00:00,26.7,68.0,,95.8971,True,s01-post-excertion-0728-0438,s01,sitting,post-excertion,50063.1,1915.95,0.288696,99.7,,,3.8270702373604513,662.8200225802045,0.5144965,512.0999999999985,147,0,0
4295,pi4b-01,2026-07-27 23:11:24.160215+00:00,26.7,68.0,,90.1826,True,s01-post-excertion-0728-0438,s01,sitting,post-excertion,50571.3,2284.69,0.23157,99.7,,,4.517760073401316,850.6095633915827,0.47044689999999995,508.20000000000437,148,0,0
4296,pi4b-01,2026-07-27 23:11:25.164900+00:00,26.7,68.0,,85.9894,True,s01-post-excertion-0728-0438,s01,sitting,post-excertion,50108.0,2284.69,0.195256,99.7,,,4.559531412149757,870.096698648995,0.42909700000000006,463.3000000000029,149,0,0
4297,pi4b-01,2026-07-27 23:11:26.183608+00:00,26.7,68.0,,85.7245,True,s01-post-excertion-0728-0438,s01,sitting,post-excertion,49430.8,2130.3,0.267292,99.7,,,4.309661182906204,801.6536964299961,0.40051699999999996,677.1999999999971,150,0,0
4298,pi4b-01,2026-07-27 23:11:27.163059+00:00,26.7,68.0,,85.7245,True,s01-post-excertion-0728-0438,s01,sitting,post-excertion,48791.7,2130.3,0.280567,99.7,,,4.366111449283383,740.6112077195934,0.3714353,639.1000000000058,151,0,0
4299,pi4b-01,2026-07-27 23:11:28.166542+00:00,26.7,68.0,,85.7245,True,s01-post-excertion-0728-0438,s01,sitting,post-excertion,47903.2,875.796,0.309366,99.7,,,1.8282619950232972,821.3110095044442,0.3464776,888.5,152,0,0
4300,pi4b-01,2026-07-27 23:11:29.188626+00:00,26.7,68.0,,85.7245,True,s01-post-excertion-0728-0438,s01,sitting,post-excertion,46886.9,2225.8,0.146552,99.7,,,4.747168185569957,1104.9920575380183,0.3018112,1016.2999999999956,153,0,0
4301,pi4b-01,2026-07-27 23:11:30.161945+00:00,26.7,68.0,,86.4576,True,s01-post-excertion-0728-0438,s01,sitting,post-excertion,46897.5,2225.8,0.181561,99.7,,,4.74609520763367,1309.3180007587914,0.253298,10.599999999998545,154,0,0
4302,pi4b-01,2026-07-27 23:11:31.166601+00:00,26.7,68.0,,87.8786,True,s01-post-excertion-0728-0438,s01,sitting,post-excertion,46784.5,2225.8,0.251137,99.7,,,4.757558593123791,1470.0454180436075,0.2423174,113.0,155,0,0
4303,pi4b-01,2026-07-27 23:11:32.184741+00:00,26.7,68.0,,89.9308,True,s01-post-excertion-0728-0438,s01,sitting,post-excertion,46701.1,2225.8,0.240318,99.7,,,4.76605476102276,1559.9739751746258,0.23923149999999999,83.40000000000146,156,0,0
4304,pi4b-01,2026-07-27 23:11:33.165692+00:00,26.7,68.0,47.246,89.9308,True,s01-post-excertion-0728-0438,s01,sitting,post-excertion,46653.6,1075.2,0.466767,99.7,,,2.3046453006841916,1531.788422581744,0.25703859999999995,47.5,157,1,0
4305,pi4b-01,2026-07-27 23:11:34.160629+00:00,26.7,68.0,47.246,90.2475,True,s01-post-excertion-0728-0438,s01,sitting,post-excertion,46611.5,1143.06,0.633918,99.7,,,2.4523132703302832,1309.908858407049,0.29727339999999997,42.099999999998545,158,1,0
4306,pi4b-01,2026-07-27 23:11:35.186583+00:00,26.7,68.0,47.246,90.8386,True,s01-post-excertion-0728-0438,s01,sitting,post-excertion,46451.1,1143.06,0.61378,99.7,,,2.460781337793938,1038.0350748194858,0.33912580000000003,160.40000000000146,159,1,0
4307,pi4b-01,2026-07-27 23:11:36.168919+00:00,26.7,68.0,89.695,90.8386,True,s01-post-excertion-0728-0438,s01,sitting,post-excertion,46281.2,1041.13,0.736453,99.7,,,2.2495743412011793,765.4908505875718,0.38604190000000005,169.90000000000146,160,1,0
4308,pi4b-01,2026-07-27 23:11:37.167719+00:00,26.7,68.0,91.1847,90.9438,True,s01-post-excertion-0728-0438,s01,sitting,post-excertion,46095.7,923.388,0.758996,99.7,,,2.0031976952297073,486.9618215698532,0.43388479999999996,185.5,161,1,0
4309,pi4b-01,2026-07-27 23:11:38.192864+00:00,26.7,68.0,91.5209,91.8971,True,s01-post-excertion-0728-0438,s01,sitting,post-excertion,46055.6,843.704,0.772073,99.7,,,1.8319248907841825,308.90272848688,0.48015549999999996,40.099999999998545,162,1,0
4310,pi4b-01,2026-07-27 23:11:39.164120+00:00,26.7,68.0,91.6207,93.3861,True,s01-post-excertion-0728-0438,s01,sitting,post-excertion,46166.4,843.704,0.78795,99.7,,,1.8275282456505164,303.46298621080035,0.5442953,110.80000000000291,163,1,0
4311,pi4b-01,2026-07-27 23:11:40.160283+00:00,26.7,68.0,91.7816,94.1094,True,s01-post-excertion-0728-0438,s01,sitting,post-excertion,46232.8,827.992,0.762214,99.7,,,1.7909190012285647,270.368831413646,0.6023606,66.40000000000146,164,1,0
4312,pi4b-01,2026-07-27 23:11:41.188180+00:00,26.7,68.0,91.871,94.5902,True,s01-post-excertion-0728-0438,s01,sitting,post-excertion,46429.0,790.428,0.769398,99.7,,,1.7024445928191432,235.85266587423317,0.6541867,196.1999999999971,165,1,0
4313,pi4b-01,2026-07-27 23:11:42.166143+00:00,26.7,68.0,91.871,94.7674,True,s01-post-excertion-0728-0438,s01,sitting,post-excertion,46617.9,655.336,0.746727,99.7,,,1.4057604482398391,223.95615046994496,0.7048276,188.90000000000146,166,1,0
4314,pi4b-01,2026-07-27 23:11:43.161722+00:00,26.7,68.0,91.871,94.8149,True,s01-post-excertion-0728-0438,s01,sitting,post-excertion,46730.4,655.336,0.768519,99.7,,,1.4023761833838357,236.14789716047957,0.7350028,112.5,167,1,0
4315,pi4b-01,2026-07-27 23:11:44.185713+00:00,26.7,68.0,92.0937,94.8149,True,s01-post-excertion-0728-0438,s01,sitting,post-excertion,46801.0,777.636,0.743021,99.7,,,1.6615798807717783,263.9058226379328,0.7459131,70.59999999999854,168,1,0
4316,pi4b-01,2026-07-27 23:11:45.165345+00:00,26.7,68.0,92.0937,94.8149,True,s01-post-excertion-0728-0438,s01,sitting,post-excertion,46886.0,777.636,0.827004,99.7,,,1.6585675894723368,307.9626708980259,0.7672355,85.0,169,1,0
4317,pi4b-01,2026-07-27 23:11:46.161304+00:00,26.7,68.0,92.7536,95.0138,True,s01-post-excertion-0728-0438,s01,sitting,post-excertion,46908.0,777.636,0.795142,99.7,,,1.6577897160399078,336.83580503790114,0.7731044,22.0,170,1,0
4318,pi4b-01,2026-07-27 23:11:47.184725+00:00,26.7,68.0,92.7536,95.1769,True,s01-post-excertion-0728-0438,s01,sitting,post-excertion,46896.7,777.636,0.816182,99.7,,,1.6581891689607158,327.150148334867,0.778823,11.30000000000291,171,1,0
4319,pi4b-01,2026-07-27 23:11:48.165221+00:00,26.7,68.0,93.8934,95.2253,True,s01-post-excertion-0728-0438,s01,sitting,post-excertion,46844.8,727.432,0.804889,99.7,,,1.5528553862968781,280.49804911179064,0.7821046,51.89999999999418,172,1,0
4320,pi4b-01,2026-07-27 23:11:49.165807+00:00,26.7,68.0,95.0792,95.2253,True,s01-post-excertion-0728-0438,s01,sitting,post-excertion,46816.1,727.432,0.847227,99.7,,,1.5538073440547162,225.5690140756741,0.7880323,28.700000000004366,173,1,0
4321,pi4b-01,2026-07-27 23:11:50.192812+00:00,26.7,68.0,95.0792,95.2253,True,s01-post-excertion-0728-0438,s01,sitting,post-excertion,46872.1,738.32,0.737823,99.7,,,1.5751801178099551,151.87777249398255,0.7855931999999999,56.0,174,1,0
4322,pi4b-01,2026-07-27 23:11:51.161491+00:00,26.7,68.0,95.0792,95.2253,True,s01-post-excertion-0728-0438,s01,sitting,post-excertion,47003.5,738.32,0.734408,99.7,,,1.5707766442924462,105.99693129707126,0.7820942,131.40000000000146,175,1,0
4323,pi4b-01,2026-07-27 23:11:52.161965+00:00,26.7,68.0,95.0792,95.2253,True,s01-post-excertion-0728-0438,s01,sitting,post-excertion,47205.6,628.06,0.690104,99.7,,,1.330477739929161,130.67183493159834,0.7764319000000001,202.09999999999854,176,1,0
4324,pi4b-01,2026-07-27 23:11:53.186702+00:00,26.7,68.0,94.2047,94.2715,True,s01-post-excertion-0728-0438,s01,sitting,post-excertion,47436.7,595.184,0.603396,99.7,,,1.2546909882011186,202.2457319971201,0.7599195999999999,231.09999999999854,177,1,0
4325,pi4b-01,2026-07-27 23:11:54.161974+00:00,26.7,68.0,92.5933,94.1931,True,s01-post-excertion-0728-0438,s01,sitting,post-excertion,47646.4,556.024,0.541834,99.7,,,1.166980086638235,284.91786906237326,0.7398009,209.70000000000437,178,1,0
428,pi4b-01,2026-07-27 22:13:40.363989+00:00,26.2,68.0,,,False,s01-rest-0728-0343,s01,sitting,rest,0.0,0.0,0.0,99.6,,,0.0,0.0,0.0,0.0,0,0,0
429,pi4b-01,2026-07-27 22:13:41.336037+00:00,26.2,68.0,,,False,s01-rest-0728-0343,s01,sitting,rest,0.0,0.0,0.0,99.5,,,0.0,0.0,0.0,0.0,1,0,0
430,pi4b-01,2026-07-27 22:13:42.364622+00:00,26.2,68.0,102.387,94.5326,True,s01-rest-0728-0343,s01,sitting,rest,51633.5,401.44,0.613591,99.8,,,0.7774797369924564,29810.61512420254,0.20453033333333334,51633.5,2,1,0
431,pi4b-01,2026-07-27 22:13:43.367052+00:00,29.3,74.0,103.601,94.7367,True,s01-rest-0728-0343,s01,sitting,rest,51774.8,685.46,0.48383,99.6,,,1.3239259253536468,29851.460656990188,0.27435525,141.3000000000029,3,1,0
432,pi4b-01,2026-07-27 22:13:44.341386+00:00,29.3,74.0,103.556,92.3566,True,s01-rest-0728-0343,s01,sitting,rest,51807.1,1443.06,0.498925,99.7,,,2.7854483265807195,28338.400485330854,0.31926920000000003,32.299999999995634,4,1,0
433,pi4b-01,2026-07-27 22:13:45.338254+00:00,29.3,74.0,102.971,92.2183,True,s01-rest-0728-0343,s01,sitting,rest,52000.6,1443.06,0.580639,99.7,,,2.775083364422718,26751.72694261064,0.3628308333333334,193.5,5,1,0
434,pi4b-01,2026-07-27 22:13:46.366586+00:00,29.8,75.0,102.387,92.2586,True,s01-rest-0728-0343,s01,sitting,rest,51936.5,1443.06,0.565073,99.8,,,2.778508370798956,25290.966628385228,0.3917225714285714,64.09999999999854,6,1,0
435,pi4b-01,2026-07-27 22:13:47.342651+00:00,29.8,75.0,102.305,92.0559,True,s01-rest-0728-0343,s01,sitting,rest,51961.4,1443.06,0.474543,99.7,,,2.7771769043944157,24003.246874474382,0.402075125,24.900000000001455,7,1,0
436,pi4b-01,2026-07-27 22:13:48.342925+00:00,29.8,75.0,102.223,94.4308,True,s01-rest-0728-0343,s01,sitting,rest,51858.9,531.704,0.53924,99.7,,,1.025289776682498,22865.402168475215,0.4173156666666667,102.5,8,1,0
437,pi4b-01,2026-07-27 22:13:49.363407+00:00,29.8,75.0,101.642,97.4449,True,s01-rest-0728-0343,s01,sitting,rest,51834.9,347.96,0.78265,99.8,,,0.6712851765895178,21862.53248408996,0.45384909999999995,24.0,9,1,0
438,pi4b-01,2026-07-27 22:13:50.342444+00:00,29.8,75.0,99.7795,97.838,True,s01-rest-0728-0343,s01,sitting,rest,51788.0,347.96,0.805845,99.8,,,0.6718931026492623,16394.84321242844,0.5344336000000001,46.900000000001455,10,1,0
439,pi4b-01,2026-07-27 22:13:51.340242+00:00,29.8,75.0,94.6191,97.8983,True,s01-rest-0728-0343,s01,sitting,rest,51807.0,357.024,0.801947,99.7,,,0.6891423938849962,106.45487358899474,0.6146283,19.0,11,1,0
440,pi4b-01,2026-07-27 22:13:52.367194+00:00,29.8,75.0,94.6191,98.3184,True,s01-rest-0728-0343,s01,sitting,rest,51848.0,346.228,0.808508,99.7,,,0.6677750347168647,77.95914599443738,0.63412,41.0,12,1,0
441,pi4b-01,2026-07-27 22:13:53.350148+00:00,29.8,75.0,94.6191,98.4435,True,s01-rest-0728-0343,s01,sitting,rest,51867.7,346.228,0.826442,99.7,,,0.6675214054218715,71.73739842697758,0.6683812,19.69999999999709,13,1,0
442,pi4b-01,2026-07-27 22:13:54.343385+00:00,29.8,75.0,94.6191,98.4232,True,s01-rest-0728-0343,s01,sitting,rest,51852.9,376.06,0.820057,99.8,,,0.7252439111409391,68.59705937788505,0.7004944,14.799999999995634,14,1,0
443,pi4b-01,2026-07-27 22:13:55.365883+00:00,30.2,75.0,94.5764,98.2335,True,s01-rest-0728-0343,s01,sitting,rest,51799.1,376.06,0.795868,99.7,,,0.7259971698349971,56.285980095342666,0.7220173,53.80000000000291,15,1,0
444,pi4b-01,2026-07-27 22:13:56.343055+00:00,30.2,75.0,94.3277,98.2095,True,s01-rest-0728-0343,s01,sitting,rest,51696.0,390.248,0.820856,99.7,,,0.7548901268956979,67.97006612198255,0.7475956,103.09999999999854,16,1,0
445,pi4b-01,2026-07-27 22:13:57.337940+00:00,30.2,75.0,94.3277,98.2589,True,s01-rest-0728-0343,s01,sitting,rest,51597.3,390.248,0.805795,99.8,,,0.7563341492675003,85.77620493511616,0.7807208,98.69999999999709,17,1,0
446,pi4b-01,2026-07-27 22:13:58.365377+00:00,30.2,75.0,94.2788,98.4742,True,s01-rest-0728-0343,s01,sitting,rest,51550.4,385.896,0.821786,99.8,,,0.7485800304168347,111.77079771550368,0.8089753999999999,46.900000000001455,18,1,0
447,pi4b-01,2026-07-27 22:13:59.349538+00:00,30.2,75.0,94.0965,98.5194,True,s01-rest-0728-0343,s01,sitting,rest,51526.5,381.856,0.786044,99.8,,,0.7410866253287143,130.97199403674125,0.8093148000000001,23.900000000001455,19,1,0
448,pi4b-01,2026-07-27 22:14:00.342665+00:00,30.2,75.0,94.0588,98.5038,True,s01-rest-0728-0343,s01,sitting,rest,51559.9,366.3,0.787821,99.7,,,0.7104358231881753,139.94082717652194,0.8075124,33.400000000001455,20,1,0
449,pi4b-01,2026-07-27 22:14:01.366953+00:00,30.2,75.0,93.9906,98.3487,True,s01-rest-0728-0343,s01,sitting,rest,51600.8,345.76,0.792907,99.8,,,0.670067130742159,139.32881332287428,0.8066084,40.900000000001455,21,1,0
450,pi4b-01,2026-07-27 22:14:02.341609+00:00,30.2,75.0,93.9811,98.3922,True,s01-rest-0728-0343,s01,sitting,rest,51631.9,370.836,0.792512,99.8,,,0.7182303963247527,128.40640560243946,0.8050088000000001,31.099999999998545,22,1,0
451,pi4b-01,2026-07-27 22:14:03.343837+00:00,30.2,75.0,92.3368,98.603,True,s01-rest-0728-0343,s01,sitting,rest,51588.6,392.88,0.791137,99.8,,,0.7615636012607437,109.12173833620902,0.8014783,43.30000000000291,23,1,0
452,pi4b-01,2026-07-27 22:14:04.364889+00:00,30.8,75.0,91.5841,98.9286,True,s01-rest-0728-0343,s01,sitting,rest,51513.1,443.508,0.818733,99.7,,,0.8609615806464764,86.04252436869838,0.8013459,75.5,24,1,0
453,pi4b-01,2026-07-27 22:14:05.340035+00:00,30.8,75.0,90.6607,98.7091,True,s01-rest-0728-0343,s01,sitting,rest,51462.0,592.052,0.756574,99.8,,,1.1504644203489953,65.79201656874963,0.7974165,51.099999999998545,25,1,0
454,pi4b-01,2026-07-27 22:14:06.346541+00:00,30.8,75.0,90.3796,98.3546,True,s01-rest-0728-0343,s01,sitting,rest,51467.5,592.052,0.798433,99.7,,,1.150341477631515,57.32691824347274,0.7951741999999999,5.5,26,1,0
455,pi4b-01,2026-07-27 22:14:07.367459+00:00,30.8,75.0,90.2881,98.3571,True,s01-rest-0728-0343,s01,sitting,rest,51452.1,592.052,0.779203,99.8,,,1.1506857834762818,62.1450954511065,0.7925150000000001,15.400000000001455,27,1,0
456,pi4b-01,2026-07-27 22:14:08.339735+00:00,30.8,75.0,89.9513,98.037,True,s01-rest-0728-0343,s01,sitting,rest,51492.3,592.052,0.723194,99.8,,,1.14978744394793,63.27999595944283,0.7826557999999999,40.200000000004366,28,1,0
457,pi4b-01,2026-07-27 22:14:09.342251+00:00,30.8,75.0,89.7193,98.112,True,s01-rest-0728-0343,s01,sitting,rest,51551.1,484.396,0.790978,99.8,,,0.9396424130619909,63.62890764917378,0.7831492,58.799999999995634,29,1,0
458,pi4b-01,2026-07-27 22:14:10.363957+00:00,30.8,75.0,89.0174,98.539,True,s01-rest-0728-0343,s01,sitting,rest,51555.1,433.144,0.779548,99.8,,,0.8401574238048224,63.41220089194501,0.7823219,4.0,30,1,0
459,pi4b-01,2026-07-27 22:14:11.342675+00:00,30.8,75.0,87.5741,98.0785,True,s01-rest-0728-0343,s01,sitting,rest,51489.9,534.404,0.762198,99.8,,,1.0378812155393582,59.513830323196245,0.779251,65.19999999999709,31,1,0
460,pi4b-01,2026-07-27 22:14:12.342227+00:00,30.8,75.0,87.5741,98.0661,True,s01-rest-0728-0343,s01,sitting,rest,51448.2,534.404,0.779469,99.8,,,1.0387224431564175,48.6122858243832,0.7779467,41.700000000004366,32,1,0
461,pi4b-01,2026-07-27 22:14:13.367724+00:00,30.8,75.0,87.5741,98.0116,True,s01-rest-0728-0343,s01,sitting,rest,51407.9,534.404,0.803914,99.7,,,1.0395367249002585,46.37381444743068,0.7792244,40.299999999995634,33,1,0
462,pi4b-01,2026-07-27 22:14:14.338875+00:00,30.8,75.0,87.5741,97.8536,True,s01-rest-0728-0343,s01,sitting,rest,51338.2,534.404,0.801515,99.8,,,1.0409480659625776,63.83887791206428,0.7775026,69.70000000000437,34,1,0
463,pi4b-01,2026-07-27 22:14:15.340814+00:00,30.8,75.0,86.9591,98.1309,True,s01-rest-0728-0343,s01,sitting,rest,51279.2,462.456,0.758725,99.8,,,0.9018393422674301,87.16044273359365,0.7777177,59.0,35,1,0
464,pi4b-01,2026-07-27 22:14:16.368369+00:00,30.8,75.0,86.9591,98.1847,True,s01-rest-0728-0343,s01,sitting,rest,51227.9,462.456,0.768825,99.8,,,0.9027424508910185,110.93907687337249,0.7747569000000001,51.299999999995634,36,1,0
465,pi4b-01,2026-07-27 22:14:17.338881+00:00,30.8,75.0,86.9591,98.1252,True,s01-rest-0728-0343,s01,sitting,rest,51184.3,512.088,0.77976,99.8,,,1.000478662402338,133.4848593152237,0.7748126,43.599999999998545,37,1,0
466,pi4b-01,2026-07-27 22:14:18.344281+00:00,30.8,75.0,86.2185,98.3158,True,s01-rest-0728-0343,s01,sitting,rest,51124.9,540.256,0.79612,99.8,,,1.0567375192909911,153.52277463969847,0.7821052,59.400000000001455,38,1,0
467,pi4b-01,2026-07-27 22:14:19.366945+00:00,31.3,75.0,86.2185,97.6648,True,s01-rest-0728-0343,s01,sitting,rest,51058.4,685.312,0.779078,99.8,,,1.3422120552152046,164.3003415150453,0.7809152,66.5,39,1,0
468,pi4b-01,2026-07-27 22:14:20.340273+00:00,31.3,75.0,86.1535,97.5234,True,s01-rest-0728-0343,s01,sitting,rest,51011.3,685.312,0.80492,99.7,,,1.3434513529355259,164.67135485824372,0.7834524,47.099999999998545,40,1,0
469,pi4b-01,2026-07-27 22:14:21.338160+00:00,31.3,75.0,,76.7576,True,s01-rest-0728-0343,s01,sitting,rest,51784.7,3457.64,0.151299,99.8,,,6.676952845145381,225.97253520373727,0.7223625,773.3999999999942,41,0,0
470,pi4b-01,2026-07-27 22:14:22.362553+00:00,31.3,75.0,,77.6258,True,s01-rest-0728-0343,s01,sitting,rest,51709.4,5756.61,0.272104,99.8,,,11.132618053970845,259.36830441106457,0.6716260000000001,75.29999999999563,42,0,0
471,pi4b-01,2026-07-27 22:14:23.342855+00:00,31.3,75.0,,78.0177,True,s01-rest-0728-0343,s01,sitting,rest,51568.7,5756.61,0.290867,99.8,,,11.162992280200974,270.6700081890678,0.6203213,140.70000000000437,43,0,0
472,pi4b-01,2026-07-27 22:14:24.343589+00:00,31.3,75.0,,78.4309,True,s01-rest-0728-0343,s01,sitting,rest,51477.6,5756.61,0.291249,99.8,,,11.182747447433448,274.77222971391865,0.5692947,91.09999999999854,44,0,0
473,pi4b-01,2026-07-27 22:14:25.366345+00:00,31.3,75.0,,79.4444,True,s01-rest-0728-0343,s01,sitting,rest,51372.6,5756.61,0.199647,99.8,,,11.205603765431379,273.9624094242012,0.5133869,105.0,45,0,0
474,pi4b-01,2026-07-27 22:14:26.341492+00:00,31.3,75.0,,88.3069,True,s01-rest-0728-0343,s01,sitting,rest,50989.9,2580.67,0.305358,99.8,,,5.061139559010706,295.4357038525433,0.4670402,382.6999999999971,46,0,0
475,pi4b-01,2026-07-27 22:14:27.340242+00:00,31.3,75.0,,73.6269,True,s01-rest-0728-0343,s01,sitting,rest,50525.0,2990.68,0.255337,99.8,,,5.919208312716476,389.6535933075901,0.41459789999999996,464.90000000000146,47,0,0
476,pi4b-01,2026-07-27 22:14:28.364676+00:00,31.3,75.0,,73.6211,True,s01-rest-0728-0343,s01,sitting,rest,49850.2,2990.68,0.284399,99.8,,,5.9993340046780155,594.3253388878755,0.3634258,674.8000000000029,48,0,0
477,pi4b-01,2026-07-27 22:14:29.341020+00:00,31.3,75.0,,73.4176,True,s01-rest-0728-0343,s01,sitting,rest,49190.2,2990.68,0.29237,99.8,,,6.079828909010331,856.7084181782789,0.314755,660.0,49,0,0
478,pi4b-01,2026-07-27 22:14:30.347210+00:00,31.3,75.0,,70.4502,True,s01-rest-0728-0343,s01,sitting,rest,48533.2,2990.68,0.335894,99.8,,,6.1621323135503125,1145.9348325953429,0.26785240000000005,657.0,50,0,0
479,pi4b-01,2026-07-27 22:14:31.365577+00:00,31.3,75.0,86.1535,92.3983,True,s01-rest-0728-0343,s01,sitting,rest,47600.8,871.604,0.357621,99.8,,,1.83107006604931,1433.6325100169686,0.2884846,932.3999999999942,51,1,0
480,pi4b-01,2026-07-27 22:14:32.343328+00:00,31.3,75.0,86.1535,94.0635,True,s01-rest-0728-0343,s01,sitting,rest,47607.9,757.136,0.462391,99.8,,,1.5903579027850419,1560.8708633679153,0.3075133,7.099999999998545,52,1,0
481,pi4b-01,2026-07-27 22:14:33.343199+00:00,31.3,75.0,86.1535,92.7661,True,s01-rest-0728-0343,s01,sitting,rest,47903.5,757.136,0.36479,99.8,,,1.5805442191071633,1548.3623631651824,0.3149056,295.59999999999854,53,1,0
482,pi4b-01,2026-07-27 22:14:34.364185+00:00,31.3,75.0,,91.5954,True,s01-rest-0728-0343,s01,sitting,rest,48121.0,741.764,0.309484,99.8,,,1.541455913218761,1432.754423440633,0.3167291,217.5,54,0,0
483,pi4b-01,2026-07-27 22:14:35.338451+00:00,31.3,75.0,,91.3747,True,s01-rest-0728-0343,s01,sitting,rest,48294.3,741.764,0.261563,99.8,,,1.5359245293958086,1221.9914766023178,0.32292069999999995,173.3000000000029,55,0,0
484,pi4b-01,2026-07-27 22:14:36.343864+00:00,31.3,75.0,86.6224,92.9737,True,s01-rest-0728-0343,s01,sitting,rest,48515.2,359.836,0.491787,99.8,,,0.741697447397929,967.0853450215184,0.3415636,220.89999999999418,56,1,0
485,pi4b-01,2026-07-27 22:14:37.364032+00:00,31.3,75.0,,77.3995,True,s01-rest-0728-0343,s01,sitting,rest,49355.5,7703.28,0.0827169,99.8,,,15.60774381781159,758.5599570530225,0.32430159000000003,840.3000000000029,57,0,0
486,pi4b-01,2026-07-27 22:14:38.340285+00:00,31.3,75.0,,77.3517,True,s01-rest-0728-0343,s01,sitting,rest,49794.9,7703.28,0.0567074,99.8,,,15.47001801389299,747.7244846865992,0.30153243,439.40000000000146,58,0,0
487,pi4b-01,2026-07-27 22:14:39.340103+00:00,31.3,75.0,,77.3621,True,s01-rest-0728-0343,s01,sitting,rest,50133.7,7703.28,0.0613228,99.8,,,15.365472725930863,891.3886806549843,0.27842771,338.79999999999563,59,0,0
488,pi4b-01,2026-07-27 22:14:40.360985+00:00,31.8,75.0,,77.4246,True,s01-rest-0728-0343,s01,sitting,rest,50436.8,7703.28,0.0739127,99.8,,,15.273133902230116,1065.1795635790659,0.25222958,303.1000000000058,60,0,0
489,pi4b-01,2026-07-27 22:14:41.338141+00:00,31.8,75.0,,92.9,True,s01-rest-0728-0343,s01,sitting,rest,51083.7,924.812,0.294849,99.8,,,1.8103857003310255,1199.0869139566255,0.24595238,646.8999999999942,61,0,0
490,pi4b-01,2026-07-27 22:14:42.348860+00:00,31.8,75.0,,80.5192,True,s01-rest-0728-0343,s01,sitting,rest,51252.6,5462.98,0.0509089,99.8,,,10.658932424891615,1240.051149303395,0.20480417,168.90000000000146,62,0,0
491,pi4b-01,2026-07-27 22:14:43.364984+00:00,31.8,75.0,,80.3787,True,s01-rest-0728-0343,s01,sitting,rest,50948.1,8275.57,0.101278,99.8,,,16.243137624366756,1179.7840958788415,0.17845297,304.5,63,0,0
492,pi4b-01,2026-07-27 22:14:44.337870+00:00,31.8,75.0,,80.3236,True,s01-rest-0728-0343,s01,sitting,rest,50725.1,8275.57,0.109371,99.8,,,16.314546447419524,1049.8193807083505,0.15844167,223.0,64,0,0
493,pi4b-01,2026-07-27 22:14:45.342071+00:00,31.8,75.0,,80.2392,True,s01-rest-0728-0343,s01,sitting,rest,50615.9,8275.57,0.110929,99.8,,,16.349743855191747,856.3058828477966,0.14337827,109.19999999999709,65,0,0
494,pi4b-01,2026-07-27 22:14:46.362195+00:00,31.8,75.0,,80.5872,True,s01-rest-0728-0343,s01,sitting,rest,49977.8,7049.87,0.0394755,99.8,,,14.106003065361019,609.57488182773,0.09814712,638.0999999999985,66,0,0
495,pi4b-01,2026-07-27 22:14:47.341938+00:00,31.8,75.0,88.1562,91.7315,True,s01-rest-0728-0343,s01,sitting,rest,49088.3,613.78,0.699154,99.8,,,1.2503590468604533,665.3312282028837,0.15979083000000002,889.5,67,1,0
496,pi4b-01,2026-07-27 22:14:48.337808+00:00,31.8,75.0,88.1562,91.4079,True,s01-rest-0728-0343,s01,sitting,rest,49088.5,461.432,0.721402,99.8,,,0.9400002037137009,767.1024678039106,0.22626029,0.19999999999708962,68,1,0
497,pi4b-01,2026-07-27 22:14:49.374891+00:00,31.8,75.0,88.1562,97.2178,True,s01-rest-0728-0343,s01,sitting,rest,49154.6,335.916,0.781551,99.8,,,0.6833867023635631,853.2989878503373,0.29828310999999996,66.09999999999854,69,1,0
498,pi4b-01,2026-07-27 22:14:50.337718+00:00,31.8,75.0,88.1503,96.9964,True,s01-rest-0728-0343,s01,sitting,rest,49206.3,318.684,0.806299,99.8,,,0.6476487766810347,908.2600232800279,0.37152174000000004,51.700000000004366,70,1,0
499,pi4b-01,2026-07-27 22:14:51.340425+00:00,31.8,75.0,88.1503,97.5294,True,s01-rest-0728-0343,s01,sitting,rest,49208.0,318.684,0.810931,99.8,,,0.6476264022110226,878.9802750914022,0.42312994000000004,1.6999999999970896,71,1,0
500,pi4b-01,2026-07-27 22:14:52.366761+00:00,31.8,75.0,88.1562,97.4239,True,s01-rest-0728-0343,s01,sitting,rest,49174.1,326.436,0.783985,99.8,,,0.6638372639255218,769.4939448897492,0.4964375500000001,33.900000000001455,72,1,0
501,pi4b-01,2026-07-27 22:14:53.343402+00:00,31.8,75.0,88.1503,97.27,True,s01-rest-0728-0343,s01,sitting,rest,49197.4,326.848,0.75785,99.8,,,0.6643603117237903,648.3155627382878,0.56209475,23.30000000000291,73,1,0
502,pi4b-01,2026-07-27 22:14:54.341776+00:00,31.8,75.0,87.7226,97.385,True,s01-rest-0728-0343,s01,sitting,rest,49289.7,326.848,0.754639,99.8,,,0.6631162291513237,499.4778678222145,0.6266215500000001,92.29999999999563,74,1,0
503,pi4b-01,2026-07-27 22:14:55.373127+00:00,31.8,75.0,87.653,97.3576,True,s01-rest-0728-0343,s01,sitting,rest,49390.2,326.848,0.751359,99.8,,,0.661766909224907,261.8098395990822,0.6906645499999999,100.5,75,1,0
504,pi4b-01,2026-07-27 22:14:56.340241+00:00,31.8,75.0,87.7226,97.6409,True,s01-rest-0728-0343,s01,sitting,rest,49503.5,312.5,0.695731,99.8,,,0.6312684961669377,131.25458891367808,0.7562901,113.30000000000291,76,1,0
505,pi4b-01,2026-07-27 22:14:57.342666+00:00,31.8,75.0,88.5365,97.6879,True,s01-rest-0728-0343,s01,sitting,rest,49653.6,283.992,0.702666,99.8,,,0.5719464449707574,177.13263360734373,0.7566413,150.09999999999854,77,1,0
506,pi4b-01,2026-07-27 22:14:58.363884+00:00,31.8,75.0,88.5365,97.7919,True,s01-rest-0728-0343,s01,sitting,rest,49797.4,272.836,0.797697,99.8,,,0.5478920586215345,224.55314045603922,0.7642708,143.8000000000029,78,1,0
507,pi4b-01,2026-07-27 22:14:59.339094+00:00,31.8,75.0,88.7485,96.4116,True,s01-rest-0728-0343,s01,sitting,rest,49876.2,388.744,0.691662,99.8,,,0.7794178385682953,264.5029938914755,0.7552819000000001,78.79999999999563,79,1,0
508,pi4b-01,2026-07-27 22:15:00.338435+00:00,31.8,75.0,90.3684,96.6727,True,s01-rest-0728-0343,s01,sitting,rest,49908.9,388.744,0.780168,99.8,,,0.778907168861666,290.6126134751957,0.7526688,32.700000000004366,80,1,0
509,pi4b-01,2026-07-27 22:15:01.370530+00:00,31.8,75.0,92.1195,96.2766,True,s01-rest-0728-0343,s01,sitting,rest,49920.1,388.744,0.786984,99.8,,,0.7787324143982084,298.2830514419928,0.7502741,11.19999999999709,81,1,0
510,pi4b-01,2026-07-27 22:15:02.338488+00:00,31.8,75.0,92.1195,96.2046,True,s01-rest-0728-0343,s01,sitting,rest,49913.4,388.744,0.740207,99.8,,,0.7788369455897615,280.00874272023174,0.7458963000000001,6.69999999999709,82,1,0
511,pi4b-01,2026-07-27 22:15:03.343930+00:00,31.8,75.0,92.1195,96.9844,True,s01-rest-0728-0343,s01,sitting,rest,49897.8,342.232,0.802602,99.8,,,0.6858659099198763,240.39183199237564,0.7503715,15.599999999998545,83,1,0
512,pi4b-01,2026-07-27 22:15:04.362413+00:00,31.8,75.0,92.1195,97.1724,True,s01-rest-0728-0343,s01,sitting,rest,49890.3,346.464,0.780372,99.8,,,0.6944516268693514,192.5778238063269,0.7529448000000001,7.5,84,1,0
513,pi4b-01,2026-07-27 22:15:05.343364+00:00,31.8,75.0,89.8714,97.6398,True,s01-rest-0728-0343,s01,sitting,rest,49878.6,346.464,0.767768,99.8,,,0.6946145240644285,138.42273255735424,0.7545857,11.700000000004366,85,1,0
514,pi4b-01,2026-07-27 22:15:06.340358+00:00,31.8,75.0,87.9585,97.784,True,s01-rest-0728-0343,s01,sitting,rest,49861.9,340.456,0.810966,99.8,,,0.6827978877660098,80.50749861402862,0.7661092,16.69999999999709,86,1,0
515,pi4b-01,2026-07-27 22:15:07.366792+00:00,31.8,75.0,87.7709,98.1541,True,s01-rest-0728-0343,s01,sitting,rest,49858.4,347.08,0.824428,99.8,,,0.6961314442501163,35.92297314746374,0.7782854,3.5,87,1,0
516,pi4b-01,2026-07-27 22:15:08.338353+00:00,31.8,75.0,87.7709,98.1392,True,s01-rest-0728-0343,s01,sitting,rest,49819.1,357.124,0.804443,99.8,,,0.7168415326651827,30.623304484184793,0.77896,39.30000000000291,88,1,0
517,pi4b-01,2026-07-27 22:15:09.338019+00:00,31.8,75.0,87.7709,98.4396,True,s01-rest-0728-0343,s01,sitting,rest,49798.5,367.744,0.82476,99.8,,,0.7384640099601394,40.617456561576134,0.7922697999999999,20.599999999998545,89,1,0
518,pi4b-01,2026-07-27 22:15:10.364227+00:00,31.8,75.0,87.7709,98.9564,True,s01-rest-0728-0343,s01,sitting,rest,49764.3,367.744,0.830144,99.8,,,0.7389715117061829,51.397799345228,0.7972674,34.19999999999709,90,1,0
519,pi4b-01,2026-07-27 22:15:11.343678+00:00,31.8,75.0,88.3515,99.287,True,s01-rest-0728-0343,s01,sitting,rest,49722.9,366.36,0.827588,99.8,,,0.7368033642446439,62.50855585686813,0.8013277999999999,41.400000000001455,91,1,0
520,pi4b-01,2026-07-27 22:15:12.340202+00:00,31.8,75.0,89.0318,99.577,True,s01-rest-0728-0343,s01,sitting,rest,49655.5,366.36,0.815424,99.8,,,0.7378034658799126,79.88571072184878,0.8088495,67.40000000000146,92,1,0
521,pi4b-01,2026-07-27 22:15:13.367865+00:00,31.8,75.0,90.1798,99.567,True,s01-rest-0728-0343,s01,sitting,rest,49630.2,338.508,0.811091,99.8,,,0.6820605196029836,92.7513168506865,0.8096984,25.30000000000291,93,1,0
522,pi4b-01,2026-07-27 22:15:14.339779+00:00,31.8,75.0,90.4587,98.9609,True,s01-rest-0728-0343,s01,sitting,rest,49591.9,338.508,0.817208,99.8,,,0.6825872773577942,103.54441934521614,0.813382,38.299999999995634,94,1,0
523,pi4b-01,2026-07-27 22:15:15.342643+00:00,31.8,75.0,90.4587,98.7506,True,s01-rest-0728-0343,s01,sitting,rest,49604.7,318.196,0.803335,99.8,,,0.6414634097172245,104.35976448903322,0.8169387,12.799999999995634,95,1,0
524,pi4b-01,2026-07-27 22:15:16.362653+00:00,32.2,75.0,90.4587,98.4883,True,s01-rest-0728-0343,s01,sitting,rest,49639.9,319.68,0.756329,99.8,,,0.6439980741298834,96.68919507477365,0.8114750000000001,35.200000000004366,96,1,0
525,pi4b-01,2026-07-27 22:15:17.340663+00:00,32.2,75.0,90.4587,97.9689,True,s01-rest-0728-0343,s01,sitting,rest,49708.0,347.128,0.716062,99.8,,,0.6983342721493522,81.2536905130228,0.8006384000000001,68.09999999999854,97,1,0
526,pi4b-01,2026-07-27 22:15:18.340182+00:00,32.2,75.0,88.6281,98.383,True,s01-rest-0728-0343,s01,sitting,rest,49735.1,347.128,0.760396,99.8,,,0.6979537590152628,70.45018728614691,0.7962337,27.099999999998545,98,1,0
527,pi4b-01,2026-07-27 22:15:19.371840+00:00,32.3,75.0,88.6281,98.044,True,s01-rest-0728-0343,s01,sitting,rest,49769.0,347.128,0.799164,99.8,,,0.6974783499768932,65.62662484581449,0.7936741,33.900000000001455,99,1,0
528,pi4b-01,2026-07-27 22:15:20.342621+00:00,32.3,75.0,88.6281,98.1142,True,s01-rest-0728-0343,s01,sitting,rest,49764.8,347.128,0.84233,99.8,,,0.6975372150596405,65.69632155936145,0.7948927,4.19999999999709,100,1,0
529,pi4b-01,2026-07-27 22:15:21.339425+00:00,32.3,75.0,88.6281,98.1006,True,s01-rest-0728-0343,s01,sitting,rest,49732.5,340.348,0.796282,99.8,,,0.6843573116171519,66.42325897678934,0.7917621,32.30000000000291,101,1,0
530,pi4b-01,2026-07-27 22:15:22.364145+00:00,32.3,75.0,87.6715,97.7751,True,s01-rest-0728-0343,s01,sitting,rest,49658.6,388.284,0.753805,99.8,,,0.7819068600403555,66.28691927093115,0.7856002,73.90000000000146,102,1,0
531,pi4b-01,2026-07-27 22:15:23.337839+00:00,32.3,75.0,87.6676,97.4706,True,s01-rest-0728-0343,s01,sitting,rest,49609.1,388.284,0.72491,99.8,,,0.7826870473360734,68.47082427970427,0.7769821,49.5,103,1,0
532,pi4b-01,2026-07-27 22:15:24.337730+00:00,32.3,75.0,87.6676,97.5518,True,s01-rest-0728-0343,s01,sitting,rest,49548.2,388.284,0.758365,99.8,,,0.7836490528414756,75.81542572288595,0.7710977999999999,60.900000000001455,104,1,0
533,pi4b-01,2026-07-27 22:15:25.366453+00:00,32.3,75.0,87.6676,97.8421,True,s01-rest-0728-0343,s01,sitting,rest,49464.2,391.568,0.702541,99.8,,,0.7916189890870569,99.89523623270284,0.7610184,84.0,105,1,0
534,pi4b-01,2026-07-27 22:15:26.344736+00:00,32.3,75.0,87.6676,97.7281,True,s01-rest-0728-0343,s01,sitting,rest,49430.7,390.78,0.771163,99.8,,,0.7905613313183911,124.20397023440336,0.7625018,33.5,106,1,0
535,pi4b-01,2026-07-27 22:15:27.337909+00:00,32.3,75.0,87.6676,98.2202,True,s01-rest-0728-0343,s01,sitting,rest,49438.4,386.508,0.84119,99.8,,,0.7817971455386905,136.90181558649422,0.7750146,7.700000000004366,107,1,0
536,pi4b-01,2026-07-27 22:15:28.364387+00:00,32.3,75.0,87.6676,98.2848,True,s01-rest-0728-0343,s01,sitting,rest,49512.2,386.508,0.742549,99.8,,,0.7806318442727247,133.28378287528506,0.7732299,73.79999999999563,108,1,0
537,pi4b-01,2026-07-27 22:15:29.344033+00:00,32.3,75.0,90.688,98.3278,True,s01-rest-0728-0343,s01,sitting,rest,49610.2,375.26,0.628029,99.8,,,0.7564170271436116,118.60585941958291,0.7561164,98.0,109,1,0
538,pi4b-01,2026-07-27 22:15:30.338576+00:00,32.3,75.0,90.688,98.6186,True,s01-rest-0728-0343,s01,sitting,rest,49756.2,283.568,0.735158,99.8,,,0.5699149050771563,117.11374385514607,0.7453992,146.0,110,1,0
539,pi4b-01,2026-07-27 22:15:31.365294+00:00,32.3,75.0,90.688,97.5828,True,s01-rest-0728-0343,s01,sitting,rest,49869.6,300.048,0.759373,99.8,,,0.6016651426921411,142.6968441595737,0.7417083,113.40000000000146,111,1,0
540,pi4b-01,2026-07-27 22:15:32.349505+00:00,32.3,75.0,90.688,97.1714,True,s01-rest-0728-0343,s01,sitting,rest,49988.4,301.18,0.780394,99.8,,,0.6024997799489481,190.48849367347535,0.7443672,118.80000000000291,112,1,0
541,pi4b-01,2026-07-27 22:15:33.340853+00:00,32.3,75.0,85.0534,96.7326,True,s01-rest-0728-0343,s01,sitting,rest,50073.9,305.244,0.747055,99.8,,,0.6095870303691144,237.66147259352175,0.7465817,85.5,113,1,0
542,pi4b-01,2026-07-27 22:15:34.368040+00:00,32.3,75.0,83.8275,96.7648,True,s01-rest-0728-0343,s01,sitting,rest,50129.0,326.564,0.715948,99.8,,,0.6514472660535818,273.127759278789,0.74234,55.099999999998545,114,1,0
543,pi4b-01,2026-07-27 22:15:35.340898+00:00,32.3,75.0,83.3533,96.9629,True,s01-rest-0728-0343,s01,sitting,rest,50114.6,342.856,0.696919,99.8,,,0.6841439420847418,280.85042203157815,0.7417778,14.400000000001455,115,1,0
544,pi4b-01,2026-07-27 22:15:36.343318+00:00,32.3,75.0,83.3533,97.3101,True,s01-rest-0728-0343,s01,sitting,rest,50068.2,369.256,0.723743,99.8,,,0.7375060417590407,261.3198893220955,0.7370358,46.400000000001455,116,1,0
545,pi4b-01,2026-07-27 22:15:37.362864+00:00,32.3,75.0,83.3533,97.5182,True,s01-rest-0728-0343,s01,sitting,rest,49971.7,369.256,0.786195,99.8,,,0.7389302345127342,217.32564914784476,0.7315362999999999,96.5,117,1,0
546,pi4b-01,2026-07-27 22:15:38.349071+00:00,32.3,75.0,83.3533,97.512,True,s01-rest-0728-0343,s01,sitting,rest,49911.4,370.592,0.769187,99.8,,,0.7424997094852077,167.12405106446033,0.7342001,60.299999999995634,118,1,0
547,pi4b-01,2026-07-27 22:15:39.340051+00:00,32.3,75.0,81.8707,97.6059,True,s01-rest-0728-0343,s01,sitting,rest,49894.5,370.592,0.739374,99.8,,,0.7427512050426399,120.78182580253694,0.7453346,16.900000000001455,119,1,0
548,pi4b-01,2026-07-27 22:15:40.364403+00:00,32.3,75.0,81.8707,97.5715,True,s01-rest-0728-0343,s01,sitting,rest,49916.6,346.612,0.740086,99.8,,,0.6943822295589044,96.24987676629294,0.7458273999999999,22.099999999998545,120,1,0
549,pi4b-01,2026-07-27 22:15:41.339773+00:00,32.3,75.0,81.8707,97.319,True,s01-rest-0728-0343,s01,sitting,rest,49959.2,351.58,0.765119,99.8,,,0.7037342471456709,87.14409841542374,0.746402,42.599999999998545,121,1,0
550,pi4b-01,2026-07-27 22:15:42.338236+00:00,32.3,75.0,81.8707,97.7905,True,s01-rest-0728-0343,s01,sitting,rest,50024.0,349.796,0.70466,99.8,,,0.6992563569486646,87.21986840274639,0.7388286,64.80000000000291,122,1,0
551,pi4b-01,2026-07-27 22:15:43.364251+00:00,32.3,75.0,79.6694,98.12,True,s01-rest-0728-0343,s01,sitting,rest,49996.9,384.384,0.712717,99.8,,,0.7688156665713274,83.92654791061557,0.7353948,27.099999999998545,123,1,0
552,pi4b-01,2026-07-27 22:15:44.344616+00:00,32.3,75.0,79.6694,97.9124,True,s01-rest-0728-0343,s01,sitting,rest,49923.1,393.232,0.767695,99.8,,,0.787675444834155,72.91830740839637,0.7405695,73.80000000000291,124,1,0
553,pi4b-01,2026-07-27 22:15:45.340657+00:00,32.3,75.0,79.6694,97.8078,True,s01-rest-0728-0343,s01,sitting,rest,49864.2,393.232,0.781201,99.8,,,0.7886058534981009,63.144099748790154,0.7489977000000001,58.900000000001455,125,1,0
554,pi4b-01,2026-07-27 22:15:46.367928+00:00,32.3,75.0,79.6694,97.5803,True,s01-rest-0728-0343,s01,sitting,rest,49883.6,393.232,0.757358,99.8,,,0.7882991604455172,51.655714965936774,0.7523592000000001,19.400000000001455,126,1,0
555,pi4b-01,2026-07-27 22:15:47.339795+00:00,32.3,75.0,81.3253,97.0817,True,s01-rest-0728-0343,s01,sitting,rest,50023.4,384.148,0.75175,99.8,,,0.7679366056685472,57.98929881909832,0.7489147,139.8000000000029,127,1,0
556,pi4b-01,2026-07-27 22:15:48.342321+00:00,32.3,75.0,81.8962,96.7669,True,s01-rest-0728-0343,s01,sitting,rest,50151.9,384.148,0.673958,99.8,,,0.7659689862198641,87.37757403473687,0.7393917999999999,128.5,128,1,0
557,pi4b-01,2026-07-27 22:15:49.363193+00:00,32.3,75.0,83.4993,96.9528,True,s01-rest-0728-0343,s01,sitting,rest,50296.6,384.148,0.692106,99.8,,,0.7637653439795137,132.72642079679076,0.734665,144.6999999999971,129,1,0
558,pi4b-01,2026-07-27 22:15:50.343038+00:00,32.3,75.0,83.4993,96.8459,True,s01-rest-0728-0343,s01,sitting,rest,50439.5,368.292,0.675328,99.8,,,0.7301658422466519,186.5708277773451,0.7281892,142.90000000000146,130,1,0
559,pi4b-01,2026-07-27 22:15:51.344727+00:00,32.3,75.0,83.4993,97.2828,True,s01-rest-0728-0343,s01,sitting,rest,50544.9,328.328,0.740571,99.8,,,0.6495769108258201,237.66116145977514,0.7257344,105.40000000000146,131,1,0
560,pi4b-01,2026-07-27 22:15:52.363595+00:00,32.3,75.0,83.4993,97.4173,True,s01-rest-0728-0343,s01,sitting,rest,50539.5,330.164,0.689878,99.8,,,0.6532791183133985,269.54417572339804,0.7242562,5.400000000001455,132,1,0
561,pi4b-01,2026-07-27 22:15:53.339918+00:00,32.3,75.0,83.8402,97.2572,True,s01-rest-0728-0343,s01,sitting,rest,50558.4,330.164,0.651123,99.8,,,0.6530349061679166,288.16218600673517,0.7180968,18.900000000001455,133,1,0
562,pi4b-01,2026-07-27 22:15:54.338455+00:00,32.3,75.0,84.3912,97.037,True,s01-rest-0728-0343,s01,sitting,rest,50584.3,328.824,0.779834,99.8,,,0.6500514981921268,287.6850362998443,0.7193107000000001,25.900000000001455,134,1,0
563,pi4b-01,2026-07-27 22:15:55.362192+00:00,32.3,75.0,84.3912,97.2355,True,s01-rest-0728-0343,s01,sitting,rest,50594.3,340.432,0.813828,99.8,,,0.6728663110271315,259.2409526970661,0.7225734,10.0,135,1,0
564,pi4b-01,2026-07-27 22:15:56.345174+00:00,32.3,75.0,88.729,97.188,True,s01-rest-0728-0343,s01,sitting,rest,50572.4,340.32,0.783079,99.8,,,0.6729362260837927,203.66253023554557,0.7251455,21.900000000001455,136,1,0
565,pi4b-01,2026-07-27 22:15:57.338924+00:00,32.3,75.0,91.9824,97.1474,True,s01-rest-0728-0343,s01,sitting,rest,50525.5,351.28,0.778921,99.8,,,0.6952528921039871,145.8194854367957,0.7278626,46.900000000001455,137,1,0
566,pi4b-01,2026-07-27 22:15:58.368127+00:00,32.3,75.0,91.9824,97.4116,True,s01-rest-0728-0343,s01,sitting,rest,50483.5,362.62,0.773556,99.8,,,0.718294096090802,89.59944754135287,0.7378224,42.0,138,1,0
567,pi4b-01,2026-07-27 22:15:59.339472+00:00,32.3,75.0,92.1508,97.2276,True,s01-rest-0728-0343,s01,sitting,rest,50442.7,362.62,0.827308,99.8,,,0.7188750800413143,55.74854257928363,0.7513426000000001,40.80000000000291,139,1,0
568,pi4b-01,2026-07-27 22:16:00.343728+00:00,32.3,75.0,92.1508,97.3833,True,s01-rest-0728-0343,s01,sitting,rest,50449.7,362.62,0.819395,99.8,,,0.7187753346402457,54.00528368947611,0.7657493000000001,7.0,140,1,0
569,pi4b-01,2026-07-27 22:16:01.367421+00:00,32.3,75.0,93.0149,97.6138,True,s01-rest-0728-0343,s01,sitting,rest,50481.0,359.792,0.754591,99.8,,,0.7127275608644836,55.73594590909332,0.7671513,31.30000000000291,141,1,0
570,pi4b-01,2026-07-27 22:16:02.344958+00:00,32.3,75.0,93.0149,97.4843,True,s01-rest-0728-0343,s01,sitting,rest,50469.1,335.824,0.769291,99.8,,,0.6654051687071891,57.84472413994624,0.7750926,11.900000000001455,142,1,0
571,pi4b-01,2026-07-27 22:16:03.343056+00:00,32.3,75.0,93.1284,97.2056,True,s01-rest-0728-0343,s01,sitting,rest,50432.6,357.172,0.793014,99.8,,,0.7082165107489997,61.20274957280962,0.7892817,36.5,143,1,0
572,pi4b-01,2026-07-27 22:16:04.366263+00:00,32.3,75.0,93.1284,97.2401,True,s01-rest-0728-0343,s01,sitting,rest,50317.5,392.524,0.810573,99.8,,,0.7800944005564665,77.93619968885412,0.7923555999999999,115.09999999999854,144,1,0
573,pi4b-01,2026-07-27 22:16:05.342737+00:00,32.3,75.0,93.1284,97.5334,True,s01-rest-0728-0343,s01,sitting,rest,50186.7,415.456,0.733247,99.8,,,0.8278209166970533,109.7618133340952,0.7842975000000001,130.8000000000029,145,1,0
574,pi4b-01,2026-07-27 22:16:06.341751+00:00,32.3,75.0,93.1284,97.6034,True,s01-rest-0728-0343,s01,sitting,rest,50030.2,415.456,0.717843,99.8,,,0.8304104320990123,158.1755020354634,0.7777738999999999,156.5,146,1,0
575,pi4b-01,2026-07-27 22:16:07.365119+00:00,32.3,75.0,93.1284,97.4379,True,s01-rest-0728-0343,s01,sitting,rest,49926.6,460.512,0.767758,99.8,,,0.9223780509788371,204.375613895804,0.7766576000000001,103.59999999999854,147,1,0
576,pi4b-01,2026-07-27 22:16:08.341867+00:00,32.3,75.0,90.4866,97.4733,True,s01-rest-0728-0343,s01,sitting,rest,49857.6,481.812,0.801566,99.8,,,0.966376239530182,241.81822397036237,0.7794586,69.0,148,1,0
577,pi4b-01,2026-07-27 22:16:09.341428+00:00,32.3,75.0,87.9714,97.1934,True,s01-rest-0728-0343,s01,sitting,rest,49858.9,481.812,0.821087,99.8,,,0.9663510426423367,262.2485184785314,0.7788364999999999,1.3000000000029104,149,1,0
578,pi4b-01,2026-07-27 22:16:10.363524+00:00,32.3,75.0,86.1832,97.0156,True,s01-rest-0728-0343,s01,sitting,rest,49844.7,489.136,0.804225,99.8,,,0.9813199798574374,268.21466713513615,0.7773195,14.200000000004366,150,1,0
579,pi4b-01,2026-07-27 22:16:11.343200+00:00,32.3,75.0,86.1832,97.215,True,s01-rest-0728-0343,s01,sitting,rest,49851.4,493.912,0.799897,99.8,,,0.9907685641727213,252.85883655109308,0.7818501,6.700000000004366,151,1,0
580,pi4b-01,2026-07-27 22:16:12.338094+00:00,32.3,75.0,86.0553,96.8722,True,s01-rest-0728-0343,s01,sitting,rest,49937.2,529.148,0.838853,99.8,,,1.0596268913755678,214.34966345197878,0.7888063,85.79999999999563,152,1,0
581,pi4b-01,2026-07-27 22:16:13.364096+00:00,32.3,75.0,86.0148,96.8174,True,s01-rest-0728-0343,s01,sitting,rest,50084.3,529.148,0.819261,99.8,,,1.0565147161885062,162.71983045092978,0.791431,147.10000000000582,153,1,0
582,pi4b-01,2026-07-27 22:16:14.337697+00:00,32.3,75.0,85.4291,96.8356,True,s01-rest-0728-0343,s01,sitting,rest,50276.1,529.148,0.806824,99.8,,,1.0524841823450906,153.72583134261953,0.7910560999999999,191.79999999999563,154,1,0
583,pi4b-01,2026-07-27 22:16:15.341509+00:00,32.3,75.0,85.2857,96.8117,True,s01-rest-0728-0343,s01,sitting,rest,50458.7,529.148,0.794251,99.8,,,1.048675451408776,207.8444399592569,0.7971565,182.59999999999854,155,1,0
584,pi4b-01,2026-07-27 22:16:16.366787+00:00,32.3,75.0,85.2857,97.1306,True,s01-rest-0728-0343,s01,sitting,rest,50635.0,386.008,0.79603,99.8,,,0.7623343537079095,286.61313162863274,0.8049752,176.3000000000029,156,1,0
585,pi4b-01,2026-07-27 22:16:17.341801+00:00,32.3,75.0,85.2857,97.2352,True,s01-rest-0728-0343,s01,sitting,rest,50786.4,386.008,0.771322,99.8,,,0.7600617488146433,357.89799928000554,0.8053315999999999,151.40000000000146,157,1,0
586,pi4b-01,2026-07-27 22:16:18.340028+00:00,32.3,75.0,85.2857,97.7886,True,s01-rest-0728-0343,s01,sitting,rest,50917.4,350.056,0.804968,99.8,,,0.6874977905391869,411.6047468948799,0.8056718,131.0,158,1,0
587,pi4b-01,2026-07-27 22:16:19.362903+00:00,32.3,75.0,86.6209,97.3464,True,s01-rest-0728-0343,s01,sitting,rest,51023.6,336.952,0.763173,99.8,,,0.6603846063390275,447.1697485292578,0.7998803999999999,106.19999999999709,159,1,0
588,pi4b-01,2026-07-27 22:16:20.349045+00:00,32.3,75.0,86.6209,97.0791,True,s01-rest-0728-0343,s01,sitting,rest,51114.0,289.016,0.773827,99.8,,,0.565434127636264,457.89222276248927,0.7968406,90.40000000000146,160,1,0
589,pi4b-01,2026-07-27 22:16:21.345606+00:00,32.3,75.0,86.6209,96.6186,True,s01-rest-0728-0343,s01,sitting,rest,51207.0,321.352,0.787569,99.8,,,0.627554826488566,442.16491405573424,0.7956078000000001,93.0,161,1,0
590,pi4b-01,2026-07-27 22:16:22.365430+00:00,32.3,75.0,86.6209,96.4369,True,s01-rest-0728-0343,s01,sitting,rest,51257.8,334.8,0.811844,99.8,,,0.6531688835650379,403.10645147640776,0.7929069,50.80000000000291,162,1,0
591,pi4b-01,2026-07-27 22:16:23.338983+00:00,32.3,75.0,85.2277,96.6679,True,s01-rest-0728-0343,s01,sitting,rest,51271.3,334.8,0.799313,99.8,,,0.6529969008002527,347.74805391212357,0.7909121000000001,13.5,163,1,0
592,pi4b-01,2026-07-27 22:16:24.340803+00:00,32.3,75.0,83.6821,97.28,True,s01-rest-0728-0343,s01,sitting,rest,51269.8,361.144,0.801536,99.8,,,0.7043990809404367,288.2107330866201,0.7903833,1.5,164,1,0
593,pi4b-01,2026-07-27 22:16:25.362996+00:00,32.3,75.0,83.5853,97.5582,True,s01-rest-0728-0343,s01,sitting,rest,51273.2,365.144,0.777714,99.8,,,0.7121537177316806,229.12671530469444,0.7887296000000001,3.3999999999941792,165,1,0
594,pi4b-01,2026-07-27 22:16:26.342589+00:00,32.3,75.0,83.4924,97.55,True,s01-rest-0728-0343,s01,sitting,rest,51253.8,396.516,0.774422,99.8,,,0.7736323940859019,173.80988368419176,0.7865688000000001,19.39999999999418,166,1,0
595,pi4b-01,2026-07-27 22:16:27.347814+00:00,32.3,75.0,83.4924,97.7878,True,s01-rest-0728-0343,s01,sitting,rest,51198.2,410.444,0.798685,99.8,,,0.8016766214437226,122.656652216563,0.7893051,55.60000000000582,167,1,0
596,pi4b-01,2026-07-27 22:16:28.363633+00:00,32.3,75.0,83.5853,97.354,True,s01-rest-0728-0343,s01,sitting,rest,51088.7,418.016,0.810472,99.8,,,0.8182161613037718,89.64167185507718,0.7898555,109.5,168,1,0
597,pi4b-01,2026-07-27 22:16:29.338137+00:00,32.3,75.0,83.6821,97.4843,True,s01-rest-0728-0343,s01,sitting,rest,50944.8,422.252,0.836806,99.8,,,0.8288421978298078,108.03210633714674,0.7972188,143.89999999999418,169,1,0
598,pi4b-01,2026-07-27 22:16:30.342623+00:00,32.3,75.0,84.0303,97.4693,True,s01-rest-0728-0343,s01,sitting,rest,50783.5,440.436,0.783645,99.8,,,0.8672816958264002,167.38747762694314,0.7982006,161.3000000000029,170,1,0
599,pi4b-01,2026-07-27 22:16:31.363547+00:00,32.3,75.0,84.0303,97.2142,True,s01-rest-0728-0343,s01,sitting,rest,50642.2,444.072,0.790648,99.8,,,0.876881336118889,231.01525226146148,0.7985085,141.3000000000029,171,1,0
600,pi4b-01,2026-07-27 22:16:32.339939+00:00,32.3,75.0,84.0303,97.1977,True,s01-rest-0728-0343,s01,sitting,rest,50534.7,484.588,0.801067,99.8,,,0.9589212956641675,282.89636029175426,0.7974308000000001,107.5,172,1,0
601,pi4b-01,2026-07-27 22:16:33.349462+00:00,32.3,75.0,84.0303,96.8418,True,s01-rest-0728-0343,s01,sitting,rest,50454.4,484.588,0.77745,99.8,,,0.9604474535422083,319.74429731635485,0.7952445000000001,80.29999999999563,173,1,0
602,pi4b-01,2026-07-27 22:16:34.372341+00:00,32.3,75.0,83.7107,96.9835,True,s01-rest-0728-0343,s01,sitting,rest,50411.8,498.768,0.810515,99.8,,,0.9893874053297045,337.3374210880514,0.7961424,42.599999999998545,174,1,0
603,pi4b-01,2026-07-27 22:16:35.340190+00:00,32.3,75.0,83.7105,96.927,True,s01-rest-0728-0343,s01,sitting,rest,50396.0,535.236,0.788512,99.8,,,1.0620604809905547,331.52905503592325,0.7972222,15.80000000000291,175,1,0
604,pi4b-01,2026-07-27 22:16:36.343782+00:00,32.3,75.0,83.7105,96.7924,True,s01-rest-0728-0343,s01,sitting,rest,50383.0,535.236,0.805065,99.8,,,1.0623345175952206,303.7710433492054,0.8002865,13.0,176,1,0
605,pi4b-01,2026-07-27 22:16:37.364506+00:00,32.3,75.0,83.7105,96.936,True,s01-rest-0728-0343,s01,sitting,rest,50407.3,538.12,0.818521,99.8,,,1.0675437883005041,253.78764176138748,0.8022701,24.30000000000291,177,1,0
606,pi4b-01,2026-07-27 22:16:38.341309+00:00,32.3,75.0,83.7105,96.6873,True,s01-rest-0728-0343,s01,sitting,rest,50476.8,538.12,0.785714,99.8,,,1.0660739191073918,189.81286837225034,0.7997943000000001,69.5,178,1,0
607,pi4b-01,2026-07-27 22:16:39.343247+00:00,32.3,75.0,83.7105,96.4832,True,s01-rest-0728-0343,s01,sitting,rest,50589.1,514.372,0.787906,99.8,,,1.0167644808861989,130.21784141171435,0.7949043,112.29999999999563,179,1,0
608,pi4b-01,2026-07-27 22:16:40.368824+00:00,32.3,75.0,83.7105,96.9308,True,s01-rest-0728-0343,s01,sitting,rest,50733.0,514.372,0.790303,99.8,,,1.0138805116985,118.82189332373828,0.7955701000000001,143.90000000000146,180,1,0
609,pi4b-01,2026-07-27 22:16:41.343989+00:00,32.3,75.0,83.6302,97.1438,True,s01-rest-0728-0343,s01,sitting,rest,50895.7,514.372,0.760406,99.8,,,1.0106394056865313,168.5112577832753,0.7925459,162.6999999999971,181,1,0
610,pi4b-01,2026-07-27 22:16:42.342318+00:00,32.3,75.0,82.7147,97.3266,True,s01-rest-0728-0343,s01,sitting,rest,51051.0,505.86,0.792279,99.8,,,0.9908914614796969,236.22166355571318,0.7916671000000001,155.3000000000029,182,1,0
611,pi4b-01,2026-07-27 22:16:43.363000+00:00,32.3,75.0,82.7147,97.6746,True,s01-rest-0728-0343,s01,sitting,rest,51193.8,493.78,0.774388,99.8,,,0.9645308611589684,299.7760061922488,0.7913609000000001,142.8000000000029,183,1,0
612,pi4b-01,2026-07-27 22:16:44.340883+00:00,32.3,75.0,82.7147,97.3189,True,s01-rest-0728-0343,s01,sitting,rest,51287.5,500.964,0.774803,99.8,,,0.9767760175481356,345.64032300726166,0.7877897,93.69999999999709,184,1,0
613,pi4b-01,2026-07-27 22:16:45.339423+00:00,32.3,75.0,82.7147,96.7477,True,s01-rest-0728-0343,s01,sitting,rest,51338.4,612.408,0.789893,99.8,,,1.1928848581179001,368.72934126642906,0.7879278000000001,50.900000000001455,185,1,0
614,pi4b-01,2026-07-27 22:16:46.368957+00:00,32.3,75.0,82.8528,96.6015,True,s01-rest-0728-0343,s01,sitting,rest,51329.0,612.408,0.803504,99.8,,,1.1931033139161098,360.9913547744243,0.7877717000000001,9.400000000001455,186,1,0
615,pi4b-01,2026-07-27 22:16:47.339769+00:00,32.3,75.0,84.2397,96.6109,True,s01-rest-0728-0343,s01,sitting,rest,51314.7,612.408,0.813719,99.8,,,1.193435799098504,327.4452931401537,0.7872915,14.30000000000291,187,1,0
616,pi4b-01,2026-07-27 22:16:48.343425+00:00,32.3,75.0,84.6713,96.6594,True,s01-rest-0728-0343,s01,sitting,rest,51311.5,612.408,0.730531,99.8,,,1.1935102267522875,275.62351959727096,0.7817732000000001,3.1999999999970896,188,1,0
617,pi4b-01,2026-07-27 22:16:49.363010+00:00,32.3,75.0,84.6713,97.0152,True,s01-rest-0728-0343,s01,sitting,rest,51323.7,565.052,0.731028,99.8,,,1.1009572575632702,214.0492365468504,0.7760854,12.19999999999709,189,1,0
618,pi4b-01,2026-07-27 22:16:50.342497+00:00,32.3,75.0,84.6713,97.2096,True,s01-rest-0728-0343,s01,sitting,rest,51356.5,582.912,0.76288,99.8,,,1.1350306192984336,151.85069274950368,0.7733431,32.80000000000291,190,1,0
619,pi4b-01,2026-07-27 22:16:51.339057+00:00,32.3,75.0,84.6713,97.4536,True,s01-rest-0728-0343,s01,sitting,rest,51427.9,574.54,0.78957,99.8,,,1.1171756964604813,103.15917581661674,0.7762595,71.40000000000146,191,1,0
620,pi4b-01,2026-07-27 22:16:52.372085+00:00,32.3,75.0,81.338,97.4442,True,s01-rest-0728-0343,s01,sitting,rest,51427.1,574.54,0.759925,99.8,,,1.1171930752463195,67.28806151038403,0.7730241,0.8000000000029104,192,1,0
621,pi4b-01,2026-07-27 22:16:53.342544+00:00,32.3,75.0,81.338,97.5463,True,s01-rest-0728-0343,s01,sitting,rest,51354.9,635.736,0.74716,99.8,,,1.2379266632784796,47.02006190790405,0.7703013000000001,72.19999999999709,193,1,0
622,pi4b-01,2026-07-27 22:16:54.339120+00:00,32.3,75.0,81.338,97.6343,True,s01-rest-0728-0343,s01,sitting,rest,51170.9,664.848,0.792767,99.8,,,1.2992697021158508,71.52106449340076,0.7720977,184.0,194,1,0
623,pi4b-01,2026-07-27 22:16:55.361931+00:00,32.3,75.0,81.338,97.3545,True,s01-rest-0728-0343,s01,sitting,rest,50947.9,672.176,0.830684,99.8,,,1.319339953167844,141.80677346166453,0.7761768,223.0,195,1,0
624,pi4b-01,2026-07-27 22:16:56.339400+00:00,32.3,75.0,82.1005,97.5333,True,s01-rest-0728-0343,s01,sitting,rest,50767.8,672.176,0.826868,99.8,,,1.3240203436036226,218.0352491880704,0.7785132,180.09999999999854,196,1,0
625,pi4b-01,2026-07-27 22:16:57.340193+00:00,32.3,75.0,84.285,97.5736,True,s01-rest-0728-0343,s01,sitting,rest,50656.0,664.136,0.805429,99.8,,,1.3110707517372078,282.9062891560879,0.7776842,111.80000000000291,197,1,0
626,pi4b-01,2026-07-27 22:16:58.374841+00:00,32.3,75.0,84.285,97.4697,True,s01-rest-0728-0343,s01,sitting,rest,50644.9,664.136,0.794256,99.8,,,1.3113581031851183,322.7466608824059,0.7840567,11.099999999998545,198,1,0
627,pi4b-01,2026-07-27 22:16:59.341403+00:00,32.3,75.0,84.285,97.6797,True,s01-rest-0728-0343,s01,sitting,rest,50788.3,620.576,0.711404,99.8,,,1.2218877182343177,327.3204267646857,0.7820943,143.40000000000146,199,1,0
628,pi4b-01,2026-07-27 22:17:00.342356+00:00,32.3,75.0,84.285,97.2118,True,s01-rest-0728-0343,s01,sitting,rest,50964.1,594.748,0.741779,99.8,,,1.1669940212816474,310.1251711445252,0.7799842,175.79999999999563,200,1,0
629,pi4b-01,2026-07-27 22:17:01.366025+00:00,32.3,75.0,83.3454,97.1155,True,s01-rest-0728-0343,s01,sitting,rest,51092.8,528.656,0.694477,99.8,,,1.0346976482009207,276.87189596892085,0.7704749,128.70000000000437,201,1,0
630,pi4b-01,2026-07-27 22:17:02.342926+00:00,32.3,75.0,83.3454,97.2174,True,s01-rest-0728-0343,s01,sitting,rest,51131.1,579.476,0.66939,99.8,,,1.1333141669160256,236.86936413626256,0.7614214,38.299999999995634,202,1,0
631,pi4b-01,2026-07-27 22:17:03.340532+00:00,32.3,75.0,83.3454,96.973,True,s01-rest-0728-0343,s01,sitting,rest,51125.3,579.476,0.802979,99.8,,,1.1334427377443261,202.02778384197003,0.7670033,5.799999999995634,203,1,0
632,pi4b-01,2026-07-27 22:17:04.372848+00:00,32.3,75.0,83.3454,97.2706,True,s01-rest-0728-0343,s01,sitting,rest,51087.9,579.476,0.844874,99.8,,,1.1342724989674657,192.4597473057358,0.7722140000000001,37.400000000001455,204,1,0
633,pi4b-01,2026-07-27 22:17:05.345285+00:00,32.3,75.0,84.4332,97.2198,True,s01-rest-0728-0343,s01,sitting,rest,51086.9,579.476,0.773089,99.8,,,1.1342947017728615,199.53899897204022,0.7664545,1.0,205,1,0
634,pi4b-01,2026-07-27 22:17:06.339922+00:00,32.3,75.0,84.4332,97.2337,True,s01-rest-0728-0343,s01,sitting,rest,51123.3,547.98,0.757443,99.8,,,1.0718791627301054,198.20127928638576,0.759512,36.400000000001455,206,1,0
635,pi4b-01,2026-07-27 22:17:07.367095+00:00,32.3,75.0,84.4332,97.536,True,s01-rest-0728-0343,s01,sitting,rest,51212.7,489.644,0.721955,99.8,,,0.9560987801853839,177.26399678219352,0.7511646000000001,89.39999999999418,207,1,0
636,pi4b-01,2026-07-27 22:17:08.340040+00:00,32.3,75.0,84.4332,97.3657,True,s01-rest-0728-0343,s01,sitting,rest,51311.1,477.848,0.772147,99.8,,,0.9312760786652401,139.3736086115735,0.7489536999999999,98.40000000000146,208,1,0
637,pi4b-01,2026-07-27 22:17:09.342823+00:00,32.3,75.0,83.3936,97.6463,True,s01-rest-0728-0343,s01,sitting,rest,51428.4,468.892,0.782031,99.8,,,0.9117374835693897,130.9518248978297,0.7560164,117.30000000000291,209,1,0
638,pi4b-01,2026-07-27 22:17:10.363523+00:00,32.3,75.0,81.4803,97.7116,True,s01-rest-0728-0343,s01,sitting,rest,51485.8,468.892,0.742939,99.8,,,0.9107210143379338,148.58037144050866,0.7561324,57.400000000001455,210,1,0
639,pi4b-01,2026-07-27 22:17:11.344663+00:00,32.3,75.0,81.4803,97.7216,True,s01-rest-0728-0343,s01,sitting,rest,51465.4,466.036,0.609599,99.8,,,0.9055326491196027,162.4092324265951,0.7476446000000001,20.400000000001455,211,1,0
640,pi4b-01,2026-07-27 22:17:12.343274+00:00,32.3,75.0,81.4803,97.812,True,s01-rest-0728-0343,s01,sitting,rest,51448.1,443.392,0.732783,99.8,,,0.8618238574407996,168.3638483881237,0.7539839,17.30000000000291,212,1,0
641,pi4b-01,2026-07-27 22:17:13.366098+00:00,32.3,75.0,81.4803,97.6518,True,s01-rest-0728-0343,s01,sitting,rest,51484.7,443.392,0.860486,99.8,,,0.8612111947821391,170.611586488302,0.7597346,36.599999999998545,213,1,0
642,pi4b-01,2026-07-27 22:17:14.338341+00:00,32.3,75.0,83.6395,97.628,True,s01-rest-0728-0343,s01,sitting,rest,51528.2,443.392,0.818461,99.8,,,0.860484162070478,162.56649374485318,0.7570933,43.5,214,1,0
643,pi4b-01,2026-07-27 22:17:15.340956+00:00,32.3,75.0,87.5934,97.6917,True,s01-rest-0728-0343,s01,sitting,rest,51624.4,443.392,0.682362,99.8,,,0.858880684327566,151.66278712855498,0.7480206,96.20000000000437,215,1,0
644,pi4b-01,2026-07-27 22:17:16.367437+00:00,32.3,75.0,87.5934,97.579,True,s01-rest-0728-0343,s01,sitting,rest,51797.1,339.192,0.510913,99.8,,,0.6548474721557771,159.0362254318026,0.7233676,172.6999999999971,216,1,0
645,pi4b-01,2026-07-27 22:17:17.341738+00:00,32.3,75.0,87.5934,97.3631,True,s01-rest-0728-0343,s01,sitting,rest,51997.7,291.928,0.6306,99.8,,,0.5614248322521957,201.3255762844218,0.7142321,200.59999999999854,217,1,0
646,pi4b-01,2026-07-27 22:17:18.339009+00:00,32.3,75.0,87.5934,97.1568,True,s01-rest-0728-0343,s01,sitting,rest,52148.2,287.124,0.663919,99.8,,,0.5505923502632881,254.64882136346566,0.7034093,150.5,218,1,0
647,pi4b-01,2026-07-27 22:17:19.367451+00:00,32.8,75.0,82.4168,96.1132,True,s01-rest-0728-0343,s01,sitting,rest,52168.6,349.356,0.67752,99.8,,,0.669667194442634,291.02952809258954,0.6929582000000001,20.400000000001455,219,1,0
648,pi4b-01,2026-07-27 22:17:20.342538+00:00,32.8,75.0,79.7201,96.577,True,s01-rest-0728-0343,s01,sitting,rest,52095.1,381.524,0.693474,99.8,,,0.7323606250875803,301.35282846157196,0.6880117,73.5,220,1,0
649,pi4b-01,2026-07-27 22:17:21.343617+00:00,32.8,75.0,79.7201,96.3645,True,s01-rest-0728-0343,s01,sitting,rest,51915.2,394.036,0.709297,99.8,,,0.7589992911517244,282.8857093511772,0.6979815,179.90000000000146,221,1,0
650,pi4b-01,2026-07-27 22:17:22.364650+00:00,32.8,75.0,79.7201,96.6809,True,s01-rest-0728-0343,s01,sitting,rest,51659.3,398.616,0.784066,99.8,,,0.7716248574796792,258.8360495663549,0.7031098,255.89999999999418,222,1,0
651,pi4b-01,2026-07-27 22:17:23.345128+00:00,32.8,75.0,79.7201,97.5154,True,s01-rest-0728-0343,s01,sitting,rest,51402.9,412.856,0.822046,99.8,,,0.8031764744790664,272.31859629568095,0.6992658,256.40000000000146,223,1,0
652,pi4b-01,2026-07-27 22:17:24.340778+00:00,32.8,75.0,82.8358,97.4218,True,s01-rest-0728-0343,s01,sitting,rest,51192.3,433.544,0.768156,99.8,,,0.8468929897660389,329.00142451499636,0.6942353,210.59999999999854,224,1,0
653,pi4b-01,2026-07-27 22:17:25.362445+00:00,32.8,75.0,84.861,97.8164,True,s01-rest-0728-0343,s01,sitting,rest,51049.9,437.964,0.790664,99.8,,,0.857913531662158,404.5682171561451,0.7050655,142.40000000000146,225,1,0
654,pi4b-01,2026-07-27 22:17:26.338771+00:00,32.8,75.0,84.9094,97.7089,True,s01-rest-0728-0343,s01,sitting,rest,50982.6,437.964,0.772372,99.8,,,0.859046027468195,469.2093321033895,0.7312114000000001,67.30000000000291,226,1,0
655,pi4b-01,2026-07-27 22:17:27.341917+00:00,32.8,75.0,84.9094,97.4532,True,s01-rest-0728-0343,s01,sitting,rest,50956.9,446.716,0.793143,99.8,,,0.8766545845606778,500.65010181166264,0.7474657,25.69999999999709,227,1,0
656,pi4b-01,2026-07-27 22:17:28.364053+00:00,32.8,75.0,84.9094,97.7828,True,s01-rest-0728-0343,s01,sitting,rest,50922.4,462.288,0.820759,99.8,,,0.9078283820087034,489.7891877573837,0.7631497,34.5,228,1,0
657,pi4b-01,2026-07-27 22:17:29.346955+00:00,32.8,75.0,84.9094,97.5064,True,s01-rest-0728-0343,s01,sitting,rest,50883.8,492.608,0.730611,99.8,,,0.9681037972792912,442.0142033912518,0.7684588,38.599999999998545,229,1,0
658,pi4b-01,2026-07-27 22:17:30.338083+00:00,32.8,75.0,85.317,97.6185,True,s01-rest-0728-0343,s01,sitting,rest,50865.4,517.888,0.789662,99.8,,,1.0181537941311776,361.8963511830601,0.7780776,18.400000000001455,230,1,0
659,pi4b-01,2026-07-27 22:17:31.367356+00:00,32.8,75.0,85.317,97.4308,True,s01-rest-0728-0343,s01,sitting,rest,50845.4,517.888,0.83267,99.8,,,1.018554284163366,267.1412878352738,0.7904149,20.0,231,1,0
660,pi4b-01,2026-07-27 22:17:32.339988+00:00,32.8,75.0,85.8869,97.2033,True,s01-rest-0728-0343,s01,sitting,rest,50906.7,517.888,0.79609,99.8,,,1.0173277780724346,174.54658753997674,0.7916173,61.299999999995634,232,1,0
661,pi4b-01,2026-07-27 22:17:33.339665+00:00,32.8,75.0,87.9651,97.1581,True,s01-rest-0728-0343,s01,sitting,rest,51018.9,517.888,0.710358,99.8,,,1.0150904860747683,104.41330321621439,0.7804485,112.20000000000437,233,1,0
662,pi4b-01,2026-07-27 22:17:34.368193+00:00,32.8,75.0,87.9651,97.0578,True,s01-rest-0728-0343,s01,sitting,rest,51162.3,430.772,0.757794,99.8,,,0.8419715298178541,97.26084115333738,0.7794123000000001,143.40000000000146,234,1,0
663,pi4b-01,2026-07-27 22:17:35.339175+00:00,32.8,75.0,87.9651,97.4614,True,s01-rest-0728-0343,s01,sitting,rest,51268.8,403.88,0.796896,99.8,,,0.7877695596542146,136.57325913494827,0.7800355,106.5,235,1,0
664,pi4b-01,2026-07-27 22:17:36.340204+00:00,32.8,75.0,87.9651,97.5727,True,s01-rest-0728-0343,s01,sitting,rest,51350.7,397.028,0.799194,99.8,,,0.773169596519619,179.74070243197016,0.7827177,81.89999999999418,236,1,0
665,pi4b-01,2026-07-27 22:17:37.364561+00:00,32.8,75.0,86.5048,97.4956,True,s01-rest-0728-0343,s01,sitting,rest,51296.2,412.16,0.79218,99.8,,,0.8034903170215337,197.99602801757118,0.7826214,54.5,237,1,0
666,pi4b-01,2026-07-27 22:17:38.341413+00:00,32.8,75.0,86.5048,97.5136,True,s01-rest-0728-0343,s01,sitting,rest,51119.1,432.728,0.76378,99.8,,,0.846509426026671,193.40096546828931,0.7769235,177.09999999999854,238,1,0
667,pi4b-01,2026-07-27 22:17:39.340928+00:00,32.8,75.0,86.5048,97.3609,True,s01-rest-0728-0343,s01,sitting,rest,50937.9,436.108,0.809336,99.8,,,0.8561562215953151,188.24791691236257,0.784796,181.1999999999971,239,1,0
668,pi4b-01,2026-07-27 22:17:40.369261+00:00,32.8,75.0,86.5048,97.1256,True,s01-rest-0728-0343,s01,sitting,rest,50799.4,436.108,0.843085,99.8,,,0.8584904546116686,197.42947657795256,0.7901383,138.5,240,1,0
669,pi4b-01,2026-07-27 22:17:41.343638+00:00,32.8,75.0,89.3749,97.214,True,s01-rest-0728-0343,s01,sitting,rest,50737.6,436.108,0.790595,99.8,,,0.859536123111854,213.38658814373326,0.7859308,61.80000000000291,241,1,0
670,pi4b-01,2026-07-27 22:17:42.346371+00:00,32.8,75.0,91.902,96.6975,True,s01-rest-0728-0343,s01,sitting,rest,50753.0,395.34,0.748986,99.8,,,0.778949027643686,230.48655998334837,0.7812204,15.400000000001455,242,1,0
671,pi4b-01,2026-07-27 22:17:43.363109+00:00,32.8,75.0,91.902,96.6885,True,s01-rest-0728-0343,s01,sitting,rest,50819.8,302.184,0.77684,99.8,,,0.5946186328950528,241.27976753521645,0.7878686,66.80000000000291,243,1,0
672,pi4b-01,2026-07-27 22:17:44.342908+00:00,32.8,75.0,91.902,96.923,True,s01-rest-0728-0343,s01,sitting,rest,50907.5,303.376,0.797681,99.8,,,0.5959357658498257,238.54675758681665,0.7918573,87.69999999999709,244,1,0
673,pi4b-01,2026-07-27 22:17:45.343198+00:00,32.8,75.0,91.902,97.0017,True,s01-rest-0728-0343,s01,sitting,rest,50952.2,303.376,0.802745,99.8,,,0.595412955672179,218.9661678577242,0.7924422,44.69999999999709,245,1,0
674,pi4b-01,2026-07-27 22:17:46.367695+00:00,32.8,75.0,90.3722,96.955,True,s01-rest-0728-0343,s01,sitting,rest,51004.6,307.924,0.786769,99.8,,,0.6037180960148691,174.47080016651762,0.7911997000000001,52.400000000001455,246,1,0
675,pi4b-01,2026-07-27 22:17:47.339469+00:00,32.8,75.0,88.8248,97.0456,True,s01-rest-0728-0343,s01,sitting,rest,51067.6,314.076,0.744711,99.8,,,0.6150200910166134,131.15479446344,0.7864528,63.0,247,1,0
676,pi4b-01,2026-07-27 22:17:48.345954+00:00,32.8,75.0,88.3939,97.102,True,s01-rest-0728-0343,s01,sitting,rest,51144.9,325.752,0.763862,99.8,,,0.6369198101863529,135.89602438658903,0.7864610000000001,77.30000000000291,248,1,0
677,pi4b-01,2026-07-27 22:17:49.363916+00:00,32.8,75.0,87.3918,97.5095,True,s01-rest-0728-0343,s01,sitting,rest,51232.0,325.752,0.776117,99.8,,,0.6358369768894441,169.64819283731512,0.7831391000000001,87.09999999999854,249,1,0
678,pi4b-01,2026-07-27 22:17:50.339428+00:00,32.8,75.0,87.3918,97.9718,True,s01-rest-0728-0343,s01,sitting,rest,51256.7,354.716,0.741848,99.8,,,0.6920383091381225,187.6585637672448,0.7730154,24.69999999999709,250,1,0
679,pi4b-01,2026-07-27 22:17:51.340526+00:00,32.8,75.0,87.3918,97.9169,True,s01-rest-0728-0343,s01,sitting,rest,51152.9,404.4,0.728442,99.8,,,0.7905710135691231,171.4405034460876,0.7668001,103.79999999999563,251,1,0
680,pi4b-01,2026-07-27 22:17:52.362328+00:00,32.8,75.0,87.3918,97.5135,True,s01-rest-0728-0343,s01,sitting,rest,51031.0,404.4,0.83157,99.8,,,0.7924594854108286,141.64097649284082,0.7750585,121.90000000000146,252,1,0
681,pi4b-01,2026-07-27 22:17:53.343207+00:00,32.8,75.0,89.7846,97.2924,True,s01-rest-0728-0343,s01,sitting,rest,50966.1,404.4,0.740612,99.8,,,0.7934685997162819,120.38895528734191,0.7714357000000001,64.90000000000146,253,1,0
682,pi4b-01,2026-07-27 22:17:54.344627+00:00,32.8,75.0,89.7846,97.214,True,s01-rest-0728-0343,s01,sitting,rest,50911.8,404.4,0.676567,99.8,,,0.7943148739584929,119.7438543988316,0.7593243000000001,54.299999999995634,254,1,0
683,pi4b-01,2026-07-27 22:17:55.368091+00:00,32.8,75.0,89.7846,97.3009,True,s01-rest-0728-0343,s01,sitting,rest,50953.1,378.084,0.777333,99.8,,,0.7420235471443347,119.64412090148261,0.7567831,41.299999999995634,255,1,0
684,pi4b-01,2026-07-27 22:17:56.343409+00:00,32.8,75.0,89.7846,97.5197,True,s01-rest-0728-0343,s01,sitting,rest,51112.1,358.92,0.766869,99.8,,,0.7022211961551179,117.72237396924243,0.7547931,159.0,256,1,0
685,pi4b-01,2026-07-27 22:17:57.340625+00:00,32.8,75.0,86.8256,97.5085,True,s01-rest-0728-0343,s01,sitting,rest,51308.1,315.232,0.771743,99.8,,,0.6143903204367342,137.21937869159441,0.7574963,196.0,257,1,0
686,pi4b-01,2026-07-27 22:17:58.364466+00:00,32.8,75.0,82.1801,97.5178,True,s01-rest-0728-0343,s01,sitting,rest,51457.2,315.232,0.732814,99.8,,,0.6126100914935132,176.6962616709929,0.7543915,149.09999999999854,258,1,0
687,pi4b-01,2026-07-27 22:17:59.343861+00:00,32.8,75.0,82.1801,97.1971,True,s01-rest-0728-0343,s01,sitting,rest,51567.5,317.892,0.761532,99.8,,,0.6164580404324429,222.43731826104926,0.7529330000000001,110.30000000000291,259,1,0
688,pi4b-01,2026-07-27 22:18:00.341555+00:00,32.8,75.0,82.1801,97.1114,True,s01-rest-0728-0343,s01,sitting,rest,51649.7,301.832,0.784637,99.8,,,0.584382871536524,268.9813386745695,0.7572119,82.19999999999709,260,1,0
689,pi4b-01,2026-07-27 22:18:01.364613+00:00,32.8,75.0,82.1801,97.1298,True,s01-rest-0728-0343,s01,sitting,rest,51682.6,329.104,0.793952,99.8,,,0.6367791094101303,305.9020097272303,0.7637629,32.900000000001455,261,1,0
690,pi4b-01,2026-07-27 22:18:02.343291+00:00,32.8,75.0,84.1567,96.9918,True,s01-rest-0728-0343,s01,sitting,rest,51669.0,331.104,0.817935,99.8,,,0.640817511467224,318.2099300071455,0.7623994,13.599999999998545,262,1,0
691,pi4b-01,2026-07-27 22:18:03.339917+00:00,32.8,75.0,87.331,96.771,True,s01-rest-0728-0343,s01,sitting,rest,51673.6,331.104,0.850324,99.8,,,0.6407604656923458,307.3409906848499,0.7733706,4.599999999998545,263,1,0
692,pi4b-01,2026-07-27 22:18:04.365538+00:00,32.8,75.0,88.3094,96.989,True,s01-rest-0728-0343,s01,sitting,rest,51690.8,331.104,0.828129,99.8,,,0.6405472540568147,266.2603990658265,0.7885268,17.200000000004366,264,1,0
693,pi4b-01,2026-07-27 22:18:05.339545+00:00,32.8,75.0,89.8676,96.5952,True,s01-rest-0728-0343,s01,sitting,rest,51737.4,323.556,0.787208,99.8,,,0.6253812522469238,202.99532561563123,0.7895143,46.599999999998545,265,1,0
694,pi4b-01,2026-07-27 22:18:06.341959+00:00,32.8,75.0,90.0611,96.5135,True,s01-rest-0728-0343,s01,sitting,rest,51824.9,306.816,0.779118,99.8,,,0.5920242972007663,147.9587990684865,0.7907392,87.5,266,1,0
695,pi4b-01,2026-07-27 22:18:07.364886+00:00,33.2,74.0,90.0611,96.8742,True,s01-rest-0728-0343,s01,sitting,rest,51987.2,286.38,0.690052,99.8,,,0.5508663671057491,141.50184490200203,0.7825701,162.29999999999563,267,1,0
696,pi4b-01,2026-07-27 22:18:08.340047+00:00,33.2,74.0,90.0611,96.3451,True,s01-rest-0728-0343,s01,sitting,rest,52170.1,262.516,0.664933,99.8,,,0.5031924416476105,182.57221889066852,0.775782,182.90000000000146,268,1,0
697,pi4b-01,2026-07-27 22:18:09.342472+00:00,33.2,74.0,90.0611,96.2726,True,s01-rest-0728-0343,s01,sitting,rest,52379.9,260.872,0.640825,99.8,,,0.4980383696799727,252.24216230437548,0.7637113,209.8000000000029,269,1,0
698,pi4b-01,2026-07-27 22:18:10.364093+00:00,33.3,74.0,86.7063,96.5061,True,s01-rest-0728-0343,s01,sitting,rest,52556.9,221.496,0.675202,99.8,,,0.421440381757676,325.9576359651317,0.7527678,177.0,270,1,0
699,pi4b-01,2026-07-27 22:18:11.338175+00:00,33.3,74.0,86.7063,95.9075,True,s01-rest-0728-0343,s01,sitting,rest,52628.4,234.092,0.638562,99.8,,,0.44480166602062765,377.0709152276709,0.7372287999999999,71.5,271,1,0
700,pi4b-01,2026-07-27 22:18:12.346705+00:00,33.3,74.0,86.7063,96.31,True,s01-rest-0728-0343,s01,sitting,rest,52560.8,234.092,0.643018,99.8,,,0.4453737386036742,387.05340429621634,0.7197371,67.59999999999854,272,1,0
701,pi4b-01,2026-07-27 22:18:13.364665+00:00,33.3,74.0,86.7063,96.1825,True,s01-rest-0728-0343,s01,sitting,rest,52409.5,251.108,0.709473,99.8,,,0.4791268758526603,361.663386927608,0.705652,151.3000000000029,273,1,0
702,pi4b-01,2026-07-27 22:18:14.337846+00:00,33.3,74.0,92.2601,95.8929,True,s01-rest-0728-0343,s01,sitting,rest,52218.8,262.792,0.66034,99.8,,,0.5032517024519904,315.54309601692063,0.6888731,190.6999999999971,274,1,0
703,pi4b-01,2026-07-27 22:18:15.337623+00:00,33.3,74.0,92.611,95.7099,True,s01-rest-0728-0343,s01,sitting,rest,52053.7,262.792,0.552837,99.8,,,0.5048478782488084,271.5241867670291,0.665436,165.10000000000582,275,1,0
704,pi4b-01,2026-07-27 22:18:16.363887+00:00,33.3,74.0,92.611,95.5732,True,s01-rest-0728-0343,s01,sitting,rest,51981.9,262.792,0.459065,99.8,,,0.5055451993867095,245.65533126165323,0.6334307,71.79999999999563,276,1,0
705,pi4b-01,2026-07-27 22:18:17.338770+00:00,33.3,74.0,92.611,96.0082,True,s01-rest-0728-0343,s01,sitting,rest,51994.4,269.076,0.585249,99.8,,,0.517509577954549,244.66240777298057,0.6229504,12.5,277,1,0
706,pi4b-01,2026-07-27 22:18:18.350097+00:00,33.3,74.0,92.611,96.3117,True,s01-rest-0728-0343,s01,sitting,rest,52051.1,279.804,0.607311,99.8,,,0.5375563628818603,254.14629732486785,0.6171882,56.69999999999709,278,1,0
707,pi4b-01,2026-07-27 22:18:19.369645+00:00,33.3,74.0,86.1754,96.2576,True,s01-rest-0728-0343,s01,sitting,rest,52142.4,306.556,0.673955,99.8,,,0.5879207708122373,255.23577095947124,0.6205012,91.30000000000291,279,1,0
708,pi4b-01,2026-07-27 22:18:20.338397+00:00,33.3,74.0,81.5946,96.7562,True,s01-rest-0728-0343,s01,sitting,rest,52179.4,314.832,0.639961,99.8,,,0.6033645461618953,233.39172221718022,0.6169771,37.0,280,1,0
709,pi4b-01,2026-07-27 22:18:21.342952+00:00,33.3,74.0,81.5946,96.9157,True,s01-rest-0728-0343,s01,sitting,rest,52131.3,348.008,0.645867,99.8,,,0.6675605634235094,185.18450889002474,0.6177076,48.099999999998545,281,1,0
710,pi4b-01,2026-07-27 22:18:22.365073+00:00,33.3,74.0,81.5946,96.6826,True,s01-rest-0728-0343,s01,sitting,rest,52054.9,374.168,0.734128,99.8,,,0.7187949645470455,127.33468759995318,0.6268186,76.40000000000146,282,1,0
711,pi4b-01,2026-07-27 22:18:23.341139+00:00,33.3,74.0,81.5946,96.678,True,s01-rest-0728-0343,s01,sitting,rest,52029.1,374.168,0.77755,99.8,,,0.7191513979676758,79.74475949039683,0.6336263,25.80000000000291,283,1,0
712,pi4b-01,2026-07-27 22:18:24.337821+00:00,33.3,74.0,86.5023,96.0979,True,s01-rest-0728-0343,s01,sitting,rest,52045.0,374.168,0.677918,99.8,,,0.7189316937265827,64.51362990841976,0.6353841,15.900000000001455,284,1,0
713,pi4b-01,2026-07-27 22:18:25.367207+00:00,33.3,74.0,86.5023,95.7006,True,s01-rest-0728-0343,s01,sitting,rest,52140.7,374.168,0.679285,99.8,,,0.7176121532699025,68.37339963240836,0.6480289,95.69999999999709,285,1,0
714,pi4b-01,2026-07-27 22:18:26.340223+00:00,33.3,74.0,86.5023,95.1802,True,s01-rest-0728-0343,s01,sitting,rest,52291.9,339.708,0.630798,99.8,,,0.6496378980300965,88.71295533323742,0.6652022000000001,151.20000000000437,286,1,0
715,pi4b-01,2026-07-27 22:18:27.340396+00:00,33.3,74.0,87.0782,95.58,True,s01-rest-0728-0343,s01,sitting,rest,52416.9,327.08,0.593115,99.8,,,0.6239972222699167,123.45337446248901,0.6659887999999999,125.0,287,1,0
716,pi4b-01,2026-07-27 22:18:28.364311+00:00,33.3,74.0,87.6035,95.7946,True,s01-rest-0728-0343,s01,sitting,rest,52506.1,359.444,0.706937,99.8,,,0.6845756969190246,161.61147545735957,0.6759514,89.19999999999709,288,1,0
717,pi4b-01,2026-07-27 22:18:29.342231+00:00,33.3,74.0,87.6035,96.2119,True,s01-rest-0728-0343,s01,sitting,rest,52634.5,359.444,0.799129,99.8,,,0.6829056987337203,211.46374419888514,0.6884688000000001,128.40000000000146,289,1,0
718,pi4b-01,2026-07-27 22:18:30.345408+00:00,33.3,74.0,87.6035,96.9192,True,s01-rest-0728-0343,s01,sitting,rest,52807.9,359.444,0.786944,99.8,,,0.680663309845686,274.4779288830701,0.7031671,173.40000000000146,290,1,0
719,pi4b-01,2026-07-27 22:18:31.367013+00:00,33.3,74.0,88.9631,96.4643,True,s01-rest-0728-0343,s01,sitting,rest,53053.6,331.232,0.68469,99.8,,,0.6243346351614217,353.0311166637031,0.7070494,245.6999999999971,291,1,0
720,pi4b-01,2026-07-27 22:18:32.339400+00:00,33.3,74.0,88.9631,97.52,True,s01-rest-0728-0343,s01,sitting,rest,53390.1,206.58,0.553646,99.8,,,0.3869256659942574,448.4277962436329,0.6890012,336.5,292,1,0
728,pi4b-01,2026-07-27 22:18:32.339400+00:00,33.3,74.0,88.9631,97.52,True,s01-rest-0728-0343,s01,sitting,rest,53390.1,206.58,0.553646,99.8,,,0.3869256659942574,484.09431312448254,0.6666108000000001,0.0,293,1,0
721,pi4b-01,2026-07-27 22:18:33.338824+00:00,33.3,74.0,88.9631,95.3743,True,s01-rest-0728-0343,s01,sitting,rest,53694.0,174.772,0.420427,99.8,,,0.32549633106119863,527.3421823946815,0.6408617,303.90000000000146,294,1,0
729,pi4b-01,2026-07-27 22:18:33.338824+00:00,33.3,74.0,88.9631,95.3743,True,s01-rest-0728-0343,s01,sitting,rest,53694.0,174.772,0.420427,99.8,,,0.32549633106119863,529.6624070517794,0.6149758999999999,0.0,295,1,0
722,pi4b-01,2026-07-27 22:18:34.368168+00:00,33.3,74.0,88.9631,94.0746,True,s01-rest-0728-0343,s01,sitting,rest,53845.1,182.036,0.657551,99.8,,,0.33807347372370006,530.6162183929662,0.6176512,151.09999999999854,296,1,0
730,pi4b-01,2026-07-27 22:18:34.368168+00:00,33.3,74.0,88.9631,94.0746,True,s01-rest-0728-0343,s01,sitting,rest,53845.1,182.036,0.657551,99.8,,,0.33807347372370006,504.9832609981328,0.6240948000000001,0.0,297,1,0
723,pi4b-01,2026-07-27 22:18:35.339640+00:00,33.3,74.0,86.2106,95.5215,True,s01-rest-0728-0343,s01,sitting,rest,53876.8,190.916,0.689803,99.8,,,0.35435660618299525,453.1193803936209,0.6223813999999999,31.700000000004366,298,1,0
731,pi4b-01,2026-07-27 22:18:35.339640+00:00,33.3,74.0,86.2106,95.5215,True,s01-rest-0728-0343,s01,sitting,rest,53876.8,190.916,0.689803,99.8,,,0.35435660618299525,376.74448532344064,0.6114488,0.0,299,1,0
724,pi4b-01,2026-07-27 22:18:36.339074+00:00,33.3,74.0,82.5273,95.7543,True,s01-rest-0728-0343,s01,sitting,rest,53793.3,225.296,0.563695,99.8,,,0.41881795688310625,277.6951664034519,0.5891238999999999,83.5,300,1,0
732,pi4b-01,2026-07-27 22:18:36.339074+00:00,33.3,74.0,82.5273,95.7543,True,s01-rest-0728-0343,s01,sitting,rest,53793.3,225.296,0.563695,99.8,,,0.41881795688310625,185.66340631324164,0.5770244,0.0,301,1,0
725,pi4b-01,2026-07-27 22:18:37.370502+00:00,33.3,74.0,82.5273,96.9707,True,s01-rest-0728-0343,s01,sitting,rest,53584.4,276.588,0.559843,99.8,,,0.5161726174035727,154.94465284040731,0.5776441,208.90000000000146,302,1,0
733,pi4b-01,2026-07-27 22:18:37.370502+00:00,33.3,74.0,82.5273,96.9707,True,s01-rest-0728-0343,s01,sitting,rest,53584.4,276.588,0.559843,99.8,,,0.5161726174035727,112.72021212546852,0.5782638,0.0,303,1,0
726,pi4b-01,2026-07-27 22:18:38.342586+00:00,33.3,74.0,82.5273,97.3985,True,s01-rest-0728-0343,s01,sitting,rest,53301.8,309.104,0.744054,99.8,,,0.5799128734864488,183.65358089938877,0.6106265000000001,282.59999999999854,304,1,0
734,pi4b-01,2026-07-27 22:18:38.342586+00:00,33.3,74.0,82.5273,97.3985,True,s01-rest-0728-0343,s01,sitting,rest,53301.8,309.104,0.744054,99.8,,,0.5799128734864488,226.5682864918151,0.6429892,0.0,305,1,0
727,pi4b-01,2026-07-27 22:18:39.338329+00:00,33.3,74.0,82.5273,97.6693,True,s01-rest-0728-0343,s01,sitting,rest,53020.4,330.04,0.691212,99.8,,,0.6224773860627231,298.56353669502573,0.6463553,281.40000000000146,306,1,0
735,pi4b-01,2026-07-27 22:18:39.338329+00:00,33.3,74.0,82.5273,97.6693,True,s01-rest-0728-0343,s01,sitting,rest,53020.4,330.04,0.691212,99.8,,,0.6224773860627231,334.4146833556309,0.6497214,0.0,307,1,0
3968,pi4b-01,2026-07-27 23:05:12.060975+00:00,,,,,False,s01-rest-0728-0435,s01,sitting,rest,0.0,0.0,0.0,99.7,,,0.0,0.0,0.0,0.0,0,0,0
3969,pi4b-01,2026-07-27 23:05:13.034559+00:00,,,,,False,s01-rest-0728-0435,s01,sitting,rest,0.0,0.0,0.0,99.5,,,0.0,0.0,0.0,0.0,1,0,0
3970,pi4b-01,2026-07-27 23:05:14.034386+00:00,,,,,False,s01-rest-0728-0435,s01,sitting,rest,0.0,0.0,0.0,99.6,,,0.0,0.0,0.0,0.0,2,0,0
3971,pi4b-01,2026-07-27 23:05:15.107905+00:00,26.7,69.0,94.5734,88.6976,True,s01-rest-0728-0435,s01,sitting,rest,43653.3,99.192,0.36433,99.7,,,0.22722680759530203,21826.65,0.0910825,43653.3,3,1,0
3972,pi4b-01,2026-07-27 23:05:16.041355+00:00,26.7,69.0,,86.1314,True,s01-rest-0728-0435,s01,sitting,rest,43554.7,138.768,0.216882,99.7,,,0.31860625833721734,23882.919839186332,0.1162424,98.60000000000582,4,0,0
3973,pi4b-01,2026-07-27 23:05:17.040225+00:00,26.7,69.0,,83.5652,True,s01-rest-0728-0435,s01,sitting,rest,43476.3,138.768,0.129469,99.8,,,0.3191807950538569,23859.64561173671,0.11844683333333333,78.39999999999418,5,0,0
3974,pi4b-01,2026-07-27 23:05:18.062070+00:00,26.7,69.0,,82.3383,True,s01-rest-0728-0435,s01,sitting,rest,43223.6,138.768,0.237092,99.7,,,0.32104683552503727,23239.784022334672,0.13539614285714285,252.70000000000437,6,0,0
3975,pi4b-01,2026-07-27 23:05:19.036901+00:00,26.7,69.0,,81.1113,True,s01-rest-0728-0435,s01,sitting,rest,43001.3,138.768,0.131583,99.7,,,0.32270652282605405,22453.133483961017,0.1349195,222.29999999999563,7,0,0
3976,pi4b-01,2026-07-27 23:05:20.038076+00:00,26.7,69.0,,82.3383,True,s01-rest-0728-0435,s01,sitting,rest,42997.5,846.264,0.080021,99.8,,,1.9681702424559566,21660.061599391734,0.12881966666666667,3.8000000000029104,8,0,0
3977,pi4b-01,2026-07-27 23:05:21.063736+00:00,26.7,69.0,,83.5154,True,s01-rest-0728-0435,s01,sitting,rest,42836.1,846.264,0.204961,99.7,,,1.9755860127322518,20892.844941100982,0.1364338,161.40000000000146,9,0,0
3978,pi4b-01,2026-07-27 23:05:22.042255+00:00,26.7,69.0,,83.5154,True,s01-rest-0728-0435,s01,sitting,rest,42722.7,846.264,0.228804,99.8,,,1.9808298632811128,18210.213706247992,0.15931420000000002,113.40000000000146,10,0,0
3979,pi4b-01,2026-07-27 23:05:23.041368+00:00,26.7,69.0,,83.4973,True,s01-rest-0728-0435,s01,sitting,rest,42995.1,846.264,0.207219,99.7,,,1.9682801063376991,13652.68783811045,0.1800361,272.40000000000146,11,0,0
3980,pi4b-01,2026-07-27 23:05:24.063900+00:00,26.7,69.0,,83.4973,True,s01-rest-0728-0435,s01,sitting,rest,43878.3,6365.82,0.0369532,99.7,,,14.507900260493226,385.7903358333862,0.18373142,883.2000000000044,12,0,0
3981,pi4b-01,2026-07-27 23:05:25.038930+00:00,26.7,69.0,,83.4973,True,s01-rest-0728-0435,s01,sitting,rest,43887.9,6365.82,0.0574601,99.8,,,14.504726815363686,419.76557809778865,0.15304442999999998,9.599999999998545,13,0,0
3982,pi4b-01,2026-07-27 23:05:26.039824+00:00,26.7,69.0,,83.4973,True,s01-rest-0728-0435,s01,sitting,rest,44139.7,6365.82,0.057997,99.8,,,14.421982931465324,499.080294697929,0.13715592999999998,251.79999999999563,14,0,0
3983,pi4b-01,2026-07-27 23:05:27.068200+00:00,26.7,69.0,,81.5349,True,s01-rest-0728-0435,s01,sitting,rest,44405.5,6365.82,0.0613214,99.7,,,14.335656619112497,607.0861115014867,0.13034117,265.8000000000029,15,0,0
3984,pi4b-01,2026-07-27 23:05:28.039121+00:00,26.7,69.0,,81.5349,True,s01-rest-0728-0435,s01,sitting,rest,44387.2,832.92,0.209414,99.7,,,1.876486915146709,675.3289536713842,0.12757337,18.30000000000291,16,0,0
3985,pi4b-01,2026-07-27 23:05:29.041971+00:00,26.7,69.0,,81.5349,True,s01-rest-0728-0435,s01,sitting,rest,43820.1,421.06,0.103777,99.7,,,0.9608832476420639,654.063269875493,0.12479277,567.0999999999985,17,0,0
3986,pi4b-01,2026-07-27 23:05:30.064827+00:00,26.7,69.0,,81.5318,True,s01-rest-0728-0435,s01,sitting,rest,44924.9,10267.6,0.0556787,99.8,,,22.855031396842286,733.6388291706575,0.12235854000000002,1104.800000000003,18,0,0
3987,pi4b-01,2026-07-27 23:05:31.037732+00:00,26.7,69.0,,81.5099,True,s01-rest-0728-0435,s01,sitting,rest,45330.1,10267.6,0.148759,99.7,,,22.650733177292796,791.2984817516402,0.11673833999999998,405.1999999999971,19,0,0
3988,pi4b-01,2026-07-27 23:05:32.037221+00:00,26.7,69.0,,81.4905,True,s01-rest-0728-0435,s01,sitting,rest,45784.5,10267.6,0.150403,99.8,,,22.4259301728751,813.0797200905051,0.10889824,454.40000000000146,20,0,0
3989,pi4b-01,2026-07-27 23:05:33.064860+00:00,26.7,69.0,,77.7817,True,s01-rest-0728-0435,s01,sitting,rest,46480.9,10267.6,0.147013,99.7,,,22.089933714708625,906.9258017550968,0.10287763999999999,696.4000000000015,21,0,0
3990,pi4b-01,2026-07-27 23:05:34.048260+00:00,26.7,69.0,,77.7817,True,s01-rest-0728-0435,s01,sitting,rest,46967.6,4688.94,0.183358,99.7,,,9.98335022441002,1100.046099236156,0.11751811999999999,486.6999999999971,22,0,0
3991,pi4b-01,2026-07-27 23:05:35.040446+00:00,26.7,69.0,77.4005,77.7817,True,s01-rest-0728-0435,s01,sitting,rest,46057.7,2024.18,0.439478,99.7,,,4.3948785979325935,1066.9974485027371,0.15571991000000002,909.9000000000015,23,1,0
3992,pi4b-01,2026-07-27 23:05:36.066333+00:00,26.7,69.0,60.2276,77.7817,True,s01-rest-0728-0435,s01,sitting,rest,45815.3,2024.18,0.381481,99.7,,,4.4181310610211,1006.6453461319586,0.18806831,242.39999999999418,24,1,0
3993,pi4b-01,2026-07-27 23:05:37.041834+00:00,26.7,69.0,77.4005,82.7148,True,s01-rest-0728-0435,s01,sitting,rest,45495.8,2024.18,0.362711,99.7,,,4.449157944249799,944.3986228166684,0.21820727,319.5,25,1,0
3994,pi4b-01,2026-07-27 23:05:38.040050+00:00,26.7,69.0,,85.9843,True,s01-rest-0728-0435,s01,sitting,rest,44921.1,1404.15,0.181641,99.8,,,3.1258139270854906,887.4714818580669,0.21542997000000003,574.7000000000044,26,0,0
3995,pi4b-01,2026-07-27 23:05:39.060556+00:00,26.7,69.0,80.1716,85.9843,True,s01-rest-0728-0435,s01,sitting,rest,44495.0,1032.01,0.361838,99.7,,,2.319384200471963,756.4643363116028,0.24123606999999997,426.09999999999854,27,1,0
3996,pi4b-01,2026-07-27 23:05:40.044504+00:00,26.7,69.0,,85.9843,True,s01-rest-0728-0435,s01,sitting,rest,44640.1,535.876,0.0349491,99.7,,,1.200436378950764,790.4447348031497,0.23916311,145.09999999999854,28,0,0
3997,pi4b-01,2026-07-27 23:05:41.040832+00:00,26.7,69.0,,85.9843,True,s01-rest-0728-0435,s01,sitting,rest,44752.8,345.432,0.104562,99.8,,,0.7718667882233067,832.2276822548952,0.23474341,112.70000000000437,29,0,0
3998,pi4b-01,2026-07-27 23:05:42.059669+00:00,26.7,69.0,,85.0847,True,s01-rest-0728-0435,s01,sitting,rest,44949.8,559.008,0.0251027,99.7,,,1.2436273353830274,846.8315173504237,0.22221338,197.0,30,0,0
3999,pi4b-01,2026-07-27 23:05:43.042161+00:00,26.7,69.0,,85.0847,True,s01-rest-0728-0435,s01,sitting,rest,45157.9,1055.36,0.223844,99.8,,,2.3370440166615363,768.9663573772398,0.22989648000000001,208.09999999999854,31,0,0
4000,pi4b-01,2026-07-27 23:05:44.038252+00:00,26.7,69.0,,85.0847,True,s01-rest-0728-0435,s01,sitting,rest,45415.8,1055.36,0.275165,99.8,,,2.323772783921014,515.5414630379926,0.23907718,257.90000000000146,32,0,0
4001,pi4b-01,2026-07-27 23:05:45.066226+00:00,26.7,69.0,,84.4919,True,s01-rest-0728-0435,s01,sitting,rest,45471.7,1415.1,0.0891559,99.7,,,3.1120455140230074,429.5826606528435,0.20404497,55.89999999999418,33,0,0
4002,pi4b-01,2026-07-27 23:05:46.036617+00:00,26.7,69.0,,84.4919,True,s01-rest-0728-0435,s01,sitting,rest,45775.4,1415.1,0.117491,99.7,,,3.0913984367149165,422.44569986398994,0.17764597,303.70000000000437,34,0,0
4003,pi4b-01,2026-07-27 23:05:47.040170+00:00,26.7,69.0,,84.6513,True,s01-rest-0728-0435,s01,sitting,rest,46178.1,1415.1,0.16953,99.8,,,3.064439636970772,532.8062896903302,0.15832786999999998,402.6999999999971,35,0,0
4004,pi4b-01,2026-07-27 23:05:48.061265+00:00,26.7,69.0,,84.8331,True,s01-rest-0728-0435,s01,sitting,rest,45684.8,1997.74,0.204686,99.8,,,4.372876755507302,546.7961070334261,0.16063237,493.29999999999563,36,0,0
4005,pi4b-01,2026-07-27 23:05:49.038807+00:00,26.7,69.0,,85.658,True,s01-rest-0728-0435,s01,sitting,rest,45221.3,1997.74,0.15822,99.8,,,4.417696970233054,479.09785604499433,0.14027056999999998,463.5,37,0,0
4006,pi4b-01,2026-07-27 23:05:50.042590+00:00,26.7,69.0,,84.8331,True,s01-rest-0728-0435,s01,sitting,rest,46321.3,9598.2,0.0838475,99.8,,,20.720921044962036,506.3451270298862,0.14516041,1100.0,38,0,0
4007,pi4b-01,2026-07-27 23:05:51.067003+00:00,26.7,69.0,,84.6513,True,s01-rest-0728-0435,s01,sitting,rest,46039.9,9598.2,0.0830089,99.7,,,20.847569173694993,458.6565623889711,0.1430051,281.40000000000146,39,0,0
4008,pi4b-01,2026-07-27 23:05:52.037729+00:00,26.7,69.0,,84.6513,True,s01-rest-0728-0435,s01,sitting,rest,45453.2,9598.2,0.07242,99.8,,,21.11666505328558,400.69311393609235,0.14773682999999999,586.7000000000044,40,0,0
4009,pi4b-01,2026-07-27 23:05:53.039375+00:00,26.7,69.0,,84.2244,True,s01-rest-0728-0435,s01,sitting,rest,45802.5,9598.2,0.0682988,99.8,,,20.955624692975274,358.43062555197645,0.13218230999999997,349.3000000000029,41,0,0
4010,pi4b-01,2026-07-27 23:05:54.064111+00:00,26.7,69.0,,84.0888,True,s01-rest-0728-0435,s01,sitting,rest,45663.0,889.628,0.147541,99.8,,,1.9482469395352913,342.01121424145595,0.11941991,139.5,42,0,0
4011,pi4b-01,2026-07-27 23:05:55.042158+00:00,26.7,69.0,,83.8189,True,s01-rest-0728-0435,s01,sitting,rest,44162.9,898.812,0.249761,99.8,,,2.035219607408028,610.2815856455319,0.13548042,1500.0999999999985,43,0,0
4012,pi4b-01,2026-07-27 23:05:56.036761+00:00,26.7,69.0,,83.5585,True,s01-rest-0728-0435,s01,sitting,rest,43840.3,942.988,0.0666531,99.8,,,2.1509615582010158,827.3347502675351,0.13039663,322.59999999999854,44,0,0
4013,pi4b-01,2026-07-27 23:05:57.065102+00:00,26.7,69.0,,78.9628,True,s01-rest-0728-0435,s01,sitting,rest,43616.9,942.988,0.0770438,99.8,,,2.1619784991597295,958.3853498348246,0.12114801000000001,223.40000000000146,45,0,0
4014,pi4b-01,2026-07-27 23:05:58.047476+00:00,26.7,69.0,,78.9628,True,s01-rest-0728-0435,s01,sitting,rest,43252.2,2698.49,0.0652499,99.7,,,6.238965879192272,1112.5209413760435,0.1072044,364.70000000000437,46,0,0
4015,pi4b-01,2026-07-27 23:05:59.039030+00:00,26.7,69.0,,78.9628,True,s01-rest-0728-0435,s01,sitting,rest,43956.6,7148.75,0.265576,99.8,,,16.263200520513415,1147.975123423951,0.11794,704.4000000000015,47,0,0
4016,pi4b-01,2026-07-27 23:06:00.066894+00:00,26.7,69.0,,78.4728,True,s01-rest-0728-0435,s01,sitting,rest,44563.5,9427.0,0.128248,99.8,,,21.154083498827518,1018.2481775634768,0.12238004999999999,606.9000000000015,48,0,0
4017,pi4b-01,2026-07-27 23:06:01.039578+00:00,26.7,69.0,,78.9628,True,s01-rest-0728-0435,s01,sitting,rest,42497.0,39585.6,0.190328,99.8,,,93.14916347036261,1089.0494677572945,0.13311196,2066.5,49,0,0
4018,pi4b-01,2026-07-27 23:06:02.036377+00:00,26.7,69.0,,79.4362,True,s01-rest-0728-0435,s01,sitting,rest,43806.5,39585.6,0.17053,99.8,,,90.36467190941984,1013.9892758583679,0.14292296,1309.5,50,0,0
4019,pi4b-01,2026-07-27 23:06:03.066411+00:00,26.7,69.0,,83.1712,True,s01-rest-0728-0435,s01,sitting,rest,45445.1,39585.6,0.169241,99.8,,,87.10642071422441,952.372442319238,0.15301718,1638.5999999999985,51,0,0
4020,pi4b-01,2026-07-27 23:06:04.048513+00:00,26.7,69.0,,84.174,True,s01-rest-0728-0435,s01,sitting,rest,47189.2,39585.6,0.175009,99.8,,,83.88699109118188,1294.870454953442,0.15576398,1744.0999999999985,52,0,0
4021,pi4b-01,2026-07-27 23:06:05.040686+00:00,26.7,69.0,,83.1712,True,s01-rest-0728-0435,s01,sitting,rest,49234.2,12553.3,0.0570544,99.8,,,25.49711379488242,2041.9294161541893,0.13649331999999997,2045.0,53,0,0
4022,pi4b-01,2026-07-27 23:06:06.062669+00:00,26.7,69.0,,83.1712,True,s01-rest-0728-0435,s01,sitting,rest,53898.8,9132.73,0.0780341,99.8,,,16.944217682026313,3503.6342915448754,0.13763142,4664.600000000006,54,0,0
4023,pi4b-01,2026-07-27 23:06:07.041356+00:00,26.7,69.0,,83.1712,True,s01-rest-0728-0435,s01,sitting,rest,55213.7,9132.73,0.0718239,99.8,,,16.540695515786844,4498.5772898650075,0.13710943,1314.8999999999942,55,0,0
4024,pi4b-01,2026-07-27 23:06:08.041036+00:00,26.7,69.0,,79.3638,True,s01-rest-0728-0435,s01,sitting,rest,56251.3,9132.73,0.0809567,99.8,,,16.23558922193798,5155.6852727946325,0.13868011,1037.6000000000058,56,0,0
4025,pi4b-01,2026-07-27 23:06:09.060930+00:00,26.7,69.0,87.1371,79.3638,True,s01-rest-0728-0435,s01,sitting,rest,56505.9,904.02,0.574615,99.8,,,1.5998683323334377,5520.8951842170945,0.16958400999999998,254.59999999999854,57,1,0
4026,pi4b-01,2026-07-27 23:06:10.045948+00:00,26.7,69.0,92.3327,79.3638,True,s01-rest-0728-0435,s01,sitting,rest,56334.9,870.488,0.725702,99.8,,,1.5452019973409024,5614.883618305151,0.22932940999999998,171.0,58,1,0
4027,pi4b-01,2026-07-27 23:06:11.044863+00:00,26.7,69.0,88.7869,79.3638,True,s01-rest-0728-0435,s01,sitting,rest,56292.5,877.636,0.662141,99.8,,,1.5590638184482835,5059.836960361955,0.27651071,42.400000000001455,59,1,0
4028,pi4b-01,2026-07-27 23:06:12.062510+00:00,26.7,69.0,88.7869,93.1351,True,s01-rest-0728-0435,s01,sitting,rest,56218.7,927.52,0.702561,99.7,,,1.6498424901322872,4284.96128883077,0.32971381,73.80000000000291,60,1,0
4029,pi4b-01,2026-07-27 23:06:13.041732+00:00,26.7,69.0,88.7869,96.1809,True,s01-rest-0728-0435,s01,sitting,rest,56127.5,976.096,0.809999,99.7,,,1.7390690837824594,3350.292014155125,0.39378961,91.19999999999709,61,1,0
4030,pi4b-01,2026-07-27 23:06:14.037578+00:00,26.7,69.0,86.1123,97.0717,True,s01-rest-0728-0435,s01,sitting,rest,56023.4,976.096,0.812181,99.8,,,1.74230053870347,2239.82179224163,0.45750681000000004,104.09999999999854,62,1,0
4031,pi4b-01,2026-07-27 23:06:15.065160+00:00,26.7,69.0,86.3459,97.1654,True,s01-rest-0728-0435,s01,sitting,rest,55883.1,1016.44,0.789497,99.8,,,1.8188683161814576,779.7513133475209,0.53075107,140.3000000000029,63,1,0
4032,pi4b-01,2026-07-27 23:06:16.040819+00:00,26.7,69.0,86.3459,97.1875,True,s01-rest-0728-0435,s01,sitting,rest,55707.8,980.504,0.807255,99.8,,,1.7600838661731388,375.2810289199107,0.6036731599999999,175.29999999999563,64,1,0
4033,pi4b-01,2026-07-27 23:06:17.042971+00:00,26.7,69.0,86.3459,97.2353,True,s01-rest-0728-0435,s01,sitting,rest,55567.4,979.8,0.789025,99.8,,,1.7632640720998283,295.21326472092454,0.67539327,140.40000000000146,65,1,0
4034,pi4b-01,2026-07-27 23:06:18.062837+00:00,26.7,69.0,86.3459,97.2353,True,s01-rest-0728-0435,s01,sitting,rest,55389.3,908.88,0.784651,99.8,,,1.6408945410034066,361.6584092766503,0.7457627,178.09999999999854,66,1,0
4035,pi4b-01,2026-07-27 23:06:19.040658+00:00,26.7,69.0,86.7092,97.2083,True,s01-rest-0728-0435,s01,sitting,rest,55252.0,891.104,0.792451,99.8,,,1.612799536668356,385.3105967923977,0.7675463,137.3000000000029,67,1,0
4036,pi4b-01,2026-07-27 23:06:20.042644+00:00,26.7,69.0,86.991,97.2083,True,s01-rest-0728-0435,s01,sitting,rest,55090.8,891.104,0.826059,99.8,,,1.6175187145585106,421.16986082479355,0.777582,161.1999999999971,68,1,0
4037,pi4b-01,2026-07-27 23:06:21.063159+00:00,26.7,69.0,87.1321,97.2353,True,s01-rest-0728-0435,s01,sitting,rest,54951.8,859.708,0.819612,99.8,,,1.5644765048642626,443.9223100203886,0.7933291,139.0,69,1,0
4038,pi4b-01,2026-07-27 23:06:22.042752+00:00,26.7,69.0,88.9034,97.2353,True,s01-rest-0728-0435,s01,sitting,rest,54779.3,830.204,0.799816,99.8,,,1.5155432800346114,461.6573650091224,0.8030546,172.5,70,1,0
4039,pi4b-01,2026-07-27 23:06:23.043620+00:00,26.7,69.0,88.9916,97.2353,True,s01-rest-0728-0435,s01,sitting,rest,54623.2,773.364,0.821206,99.8,,,1.4158159902751946,471.21616990323196,0.8041753,156.10000000000582,71,1,0
4040,pi4b-01,2026-07-27 23:06:24.062999+00:00,26.7,69.0,88.9916,97.2083,True,s01-rest-0728-0435,s01,sitting,rest,54468.2,773.364,0.825944,99.8,,,1.4198449737645085,472.4064762238822,0.8055515999999999,155.0,72,1,0
4041,pi4b-01,2026-07-27 23:06:25.036815+00:00,26.7,69.0,88.9916,97.1319,True,s01-rest-0728-0435,s01,sitting,rest,54323.6,773.364,0.818168,99.8,,,1.4236243547923924,468.71120509142725,0.8084187,144.59999999999854,73,1,0
4042,pi4b-01,2026-07-27 23:06:26.041812+00:00,26.7,69.0,88.9916,97.1319,True,s01-rest-0728-0435,s01,sitting,rest,54234.5,767.48,0.791947,99.8,,,1.4151139957038417,458.3012969414871,0.8068879000000001,89.09999999999854,74,1,0
4043,pi4b-01,2026-07-27 23:06:27.060910+00:00,26.7,69.0,88.8995,97.0782,True,s01-rest-0728-0435,s01,sitting,rest,54146.0,713.656,0.797539,99.7,,,1.318021645181546,437.2229257235254,0.8077392999999999,88.5,75,1,0
4044,pi4b-01,2026-07-27 23:06:28.038658+00:00,26.7,69.0,88.422,96.9936,True,s01-rest-0728-0435,s01,sitting,rest,54052.8,713.656,0.841989,99.7,,,1.3202942308261552,415.6301261677603,0.8134731000000001,93.19999999999709,76,1,0
4045,pi4b-01,2026-07-27 23:06:29.041002+00:00,26.7,69.0,88.422,96.9444,True,s01-rest-0728-0435,s01,sitting,rest,53913.3,713.656,0.779729,99.8,,,1.3237104758937033,394.56678986846543,0.8122009,139.5,77,1,0
4046,pi4b-01,2026-07-27 23:06:30.063467+00:00,26.7,69.0,88.422,96.9444,True,s01-rest-0728-0435,s01,sitting,rest,53784.9,705.628,0.796144,99.8,,,1.3119444305000103,377.7346193653602,0.8092094,128.40000000000146,78,1,0
4047,pi4b-01,2026-07-27 23:06:31.041910+00:00,26.7,69.0,88.7141,96.9431,True,s01-rest-0728-0435,s01,sitting,rest,53606.1,664.308,0.817602,99.8,,,1.2392395641540794,370.34928993582434,0.8090084000000001,178.8000000000029,79,1,0
4048,pi4b-01,2026-07-27 23:06:32.037137+00:00,26.7,69.0,88.7141,96.8975,True,s01-rest-0728-0435,s01,sitting,rest,53472.6,640.108,0.747754,99.8,,,1.1970766336404064,371.09536001225354,0.8038022,133.5,80,1,0
4049,pi4b-01,2026-07-27 23:06:33.063982+00:00,26.7,69.0,88.7141,96.8975,True,s01-rest-0728-0435,s01,sitting,rest,53397.7,640.108,0.605027,99.8,,,1.1987557516522247,367.702240799917,0.7821842999999999,74.90000000000146,81,1,0
4050,pi4b-01,2026-07-27 23:06:34.036928+00:00,26.7,69.0,88.7141,96.7769,True,s01-rest-0728-0435,s01,sitting,rest,53410.7,484.344,0.668771,99.8,,,0.9068295304124455,350.57312060292185,0.766467,13.0,82,1,0
4051,pi4b-01,2026-07-27 23:06:35.040694+00:00,26.7,69.0,88.7141,96.7346,True,s01-rest-0728-0435,s01,sitting,rest,53478.3,533.0,0.778014,99.7,,,0.9966659373989075,320.04282161460907,0.7624516,67.60000000000582,83,1,0
4052,pi4b-01,2026-07-27 23:06:36.066396+00:00,26.7,69.0,86.0088,96.6869,True,s01-rest-0728-0435,s01,sitting,rest,53609.8,557.896,0.783549,99.8,,,1.0406604762562066,272.30500383114327,0.7616118000000001,131.5,84,1,0
4053,pi4b-01,2026-07-27 23:06:37.040306+00:00,26.7,69.0,80.0633,96.6869,True,s01-rest-0728-0435,s01,sitting,rest,53729.1,557.896,0.778153,99.8,,,1.0383497955484087,221.42077113327196,0.7596731999999999,119.29999999999563,85,1,0
4054,pi4b-01,2026-07-27 23:06:38.036869+00:00,26.7,69.0,80.0633,96.6869,True,s01-rest-0728-0435,s01,sitting,rest,53851.4,566.808,0.765908,99.8,,,1.052540881017021,186.69697045785054,0.7520651,122.30000000000291,86,1,0
4055,pi4b-01,2026-07-27 23:06:39.064023+00:00,26.7,69.0,80.0633,96.6869,True,s01-rest-0728-0435,s01,sitting,rest,53959.3,568.208,0.755249,99.8,,,1.0530307101834158,194.96265995861887,0.7496171,107.90000000000146,87,1,0
4056,pi4b-01,2026-07-27 23:06:40.037271+00:00,26.7,69.0,80.0633,96.6923,True,s01-rest-0728-0435,s01,sitting,rest,54035.2,581.868,0.785446,99.8,,,1.0768313987918987,229.98236067704488,0.7485473,75.89999999999418,88,1,0
4057,pi4b-01,2026-07-27 23:06:41.048370+00:00,26.7,69.0,82.256,96.8041,True,s01-rest-0728-0435,s01,sitting,rest,54050.8,607.232,0.80617,99.8,,,1.123446831499256,260.4482906672249,0.7474041,15.60000000000582,89,1,0
4058,pi4b-01,2026-07-27 23:06:42.064786+00:00,26.7,69.0,84.4493,96.8786,True,s01-rest-0728-0435,s01,sitting,rest,54048.8,607.232,0.832677,99.8,,,1.1234884030727785,268.2945249375843,0.7558963999999999,2.0,90,1,0
4059,pi4b-01,2026-07-27 23:06:43.038451+00:00,26.7,69.0,87.4007,96.8786,True,s01-rest-0728-0435,s01,sitting,rest,54023.3,607.232,0.839072,99.8,,,1.1240187104453077,247.29235981445066,0.7793009000000001,25.5,91,1,0
4060,pi4b-01,2026-07-27 23:06:44.038806+00:00,26.7,69.0,88.2671,96.8786,True,s01-rest-0728-0435,s01,sitting,rest,54038.6,607.232,0.823848,99.7,,,1.1237004659632188,208.60106636656997,0.7948086,15.299999999995634,92,1,0
4061,pi4b-01,2026-07-27 23:06:45.060918+00:00,26.7,69.0,89.3734,96.8786,True,s01-rest-0728-0435,s01,sitting,rest,54076.5,577.508,0.81242,99.8,,,1.0679463352842733,159.91370450738256,0.7982492,37.900000000001455,93,1,0
4062,pi4b-01,2026-07-27 23:06:46.039746+00:00,26.7,69.0,89.3734,96.8786,True,s01-rest-0728-0435,s01,sitting,rest,54129.2,547.224,0.778667,99.8,,,1.0109589648470698,119.05649266139814,0.797761,52.69999999999709,94,1,0
4063,pi4b-01,2026-07-27 23:06:47.046319+00:00,26.7,69.0,89.3734,96.8786,True,s01-rest-0728-0435,s01,sitting,rest,54179.1,551.64,0.791567,99.8,,,1.0181785965436856,88.95194458153364,0.7991024,49.900000000001455,95,1,0
4064,pi4b-01,2026-07-27 23:06:48.073111+00:00,26.7,69.0,90.3422,96.8753,True,s01-rest-0728-0435,s01,sitting,rest,54235.4,566.888,0.764732,99.8,,,1.0452361372830292,81.42936680443988,0.7989848,56.30000000000291,96,1,0
4065,pi4b-01,2026-07-27 23:06:49.041621+00:00,26.7,69.0,90.3422,96.8753,True,s01-rest-0728-0435,s01,sitting,rest,54259.6,566.888,0.798501,99.7,,,1.0447699577586271,88.05034229447345,0.80331,24.19999999999709,97,1,0
4066,pi4b-01,2026-07-27 23:06:50.038569+00:00,26.7,69.0,90.5504,96.9186,True,s01-rest-0728-0435,s01,sitting,rest,54288.3,566.888,0.835739,99.8,,,1.0442176306865383,100.41869237435643,0.8083392999999999,28.700000000004366,98,1,0
4067,pi4b-01,2026-07-27 23:06:51.060611+00:00,26.7,69.0,91.4695,96.9284,True,s01-rest-0728-0435,s01,sitting,rest,54317.4,566.888,0.780823,99.7,,,1.043658201607588,111.01327047980261,0.8058045999999999,29.099999999998545,99,1,0
4068,pi4b-01,2026-07-27 23:06:52.040703+00:00,26.7,69.0,91.7959,96.9396,True,s01-rest-0728-0435,s01,sitting,rest,54378.8,556.756,0.74671,99.8,,,1.0238475288163769,122.82974486102263,0.7972079000000001,61.400000000001455,100,1,0
4069,pi4b-01,2026-07-27 23:06:53.037303+00:00,26.7,69.0,91.7959,96.9939,True,s01-rest-0728-0435,s01,sitting,rest,54376.1,599.052,0.782328,99.8,,,1.1016825406750392,119.41206899901715,0.7915335,2.7000000000043656,101,1,0
4070,pi4b-01,2026-07-27 23:06:54.066215+00:00,26.7,69.0,91.7959,97.0253,True,s01-rest-0728-0435,s01,sitting,rest,54363.1,614.112,0.813649,99.8,,,1.1296486035564566,105.53972659285438,0.7905135999999999,13.0,102,1,0
4071,pi4b-01,2026-07-27 23:06:55.039359+00:00,26.7,69.0,91.7959,97.2963,True,s01-rest-0728-0435,s01,sitting,rest,54263.9,623.844,0.802291,99.8,,,1.1496482928797969,83.63120696357494,0.7895007,99.19999999999709,103,1,0
4072,pi4b-01,2026-07-27 23:06:56.038643+00:00,26.7,69.0,91.7959,97.2963,True,s01-rest-0728-0435,s01,sitting,rest,54159.9,646.156,0.800036,99.7,,,1.1930524243951703,77.88353413460018,0.7916375999999999,104.0,104,1,0
4073,pi4b-01,2026-07-27 23:06:57.061225+00:00,26.7,69.0,91.7959,97.2963,True,s01-rest-0728-0435,s01,sitting,rest,54011.3,646.156,0.819169,99.8,,,1.1963348410425223,112.80302202593313,0.7943978,148.59999999999854,105,1,0
4074,pi4b-01,2026-07-27 23:06:58.038710+00:00,26.7,69.0,91.7959,97.2963,True,s01-rest-0728-0435,s01,sitting,rest,53884.6,640.52,0.818632,99.8,,,1.1886884193257443,165.43183893597066,0.7997878,126.70000000000437,106,1,0
4075,pi4b-01,2026-07-27 23:06:59.039090+00:00,26.7,69.0,92.1222,97.2892,True,s01-rest-0728-0435,s01,sitting,rest,53738.4,629.416,0.790286,99.8,,,1.1712592857249193,226.1394397769272,0.7989663,146.1999999999971,107,1,0
4076,pi4b-01,2026-07-27 23:07:00.064123+00:00,26.7,69.0,92.1222,97.0997,True,s01-rest-0728-0435,s01,sitting,rest,53677.5,631.632,0.737603,99.8,,,1.1767165013273717,271.1083834114163,0.7891527,60.900000000001455,108,1,0
4077,pi4b-01,2026-07-27 23:07:01.037856+00:00,26.7,69.0,92.1222,97.0997,True,s01-rest-0728-0435,s01,sitting,rest,53614.9,648.648,0.733759,99.8,,,1.2098278650151357,302.6240654680175,0.7844463,62.599999999998545,109,1,0
4078,pi4b-01,2026-07-27 23:07:02.038542+00:00,26.7,69.0,92.1222,97.0997,True,s01-rest-0728-0435,s01,sitting,rest,53593.2,701.4,0.811183,99.8,,,1.3087481247620967,308.78304303677675,0.7908936,21.700000000004366,110,1,0
4079,pi4b-01,2026-07-27 23:07:03.066101+00:00,26.7,69.0,88.9769,97.0997,True,s01-rest-0728-0435,s01,sitting,rest,53573.9,701.4,0.809696,99.8,,,1.309219601335725,294.9585095122919,0.7936304,19.299999999995634,111,1,0
4080,pi4b-01,2026-07-27 23:07:04.042475+00:00,26.7,69.0,88.5055,97.1325,True,s01-rest-0728-0435,s01,sitting,rest,53572.2,722.548,0.789095,99.8,,,1.3487368448561008,257.0284843711923,0.7911750000000001,1.7000000000043656,112,1,0
4081,pi4b-01,2026-07-27 23:07:05.038183+00:00,26.7,69.0,88.5055,97.1686,True,s01-rest-0728-0435,s01,sitting,rest,53521.8,722.548,0.808663,99.8,,,1.3500069130709356,214.74058794620063,0.7918122000000001,50.39999999999418,113,1,0
4082,pi4b-01,2026-07-27 23:07:06.063856+00:00,26.7,69.0,88.5055,97.1931,True,s01-rest-0728-0435,s01,sitting,rest,53475.2,722.548,0.834186,99.8,,,1.3511833522829275,168.25289827560647,0.7952272,46.60000000000582,114,1,0
4083,pi4b-01,2026-07-27 23:07:07.040808+00:00,26.7,69.0,88.5055,97.1931,True,s01-rest-0728-0435,s01,sitting,rest,53365.9,722.548,0.805465,99.8,,,1.3539507438270506,143.1170399060498,0.7938568,109.29999999999563,115,1,0
4084,pi4b-01,2026-07-27 23:07:08.037495+00:00,26.7,69.0,89.2058,97.1931,True,s01-rest-0728-0435,s01,sitting,rest,53287.5,721.164,0.77405,99.8,,,1.3533455313159746,136.40235620447206,0.7893986,78.40000000000146,116,1,0
4085,pi4b-01,2026-07-27 23:07:09.063275+00:00,26.7,69.0,89.2058,97.1931,True,s01-rest-0728-0435,s01,sitting,rest,53198.5,758.2,0.796753,99.8,,,1.4252281549291803,155.55438634593293,0.7900453,89.0,117,1,0
4086,pi4b-01,2026-07-27 23:07:10.040623+00:00,26.7,69.0,89.2058,97.2202,True,s01-rest-0728-0435,s01,sitting,rest,53113.7,808.368,0.794679,99.8,,,1.5219576116896396,179.58141329308893,0.7957529,84.80000000000291,118,1,0
4087,pi4b-01,2026-07-27 23:07:11.038130+00:00,26.7,69.0,89.2058,97.1851,True,s01-rest-0728-0435,s01,sitting,rest,53066.0,808.368,0.825902,99.8,,,1.5233256699204765,200.07457748523032,0.8049671999999999,47.69999999999709,119,1,0
4088,pi4b-01,2026-07-27 23:07:12.070367+00:00,26.7,69.0,88.0453,97.1816,True,s01-rest-0728-0435,s01,sitting,rest,53048.1,808.368,0.832997,99.8,,,1.523839685115961,208.63550246595562,0.8071486,17.900000000001455,120,1,0
4089,pi4b-01,2026-07-27 23:07:13.040568+00:00,26.7,69.0,87.5637,97.1018,True,s01-rest-0728-0435,s01,sitting,rest,53033.9,808.368,0.8043,99.8,,,1.5242476981704156,206.14163308079304,0.8066090000000001,14.19999999999709,121,1,0
4090,pi4b-01,2026-07-27 23:07:14.039057+00:00,26.7,69.0,87.4074,97.0221,True,s01-rest-0728-0435,s01,sitting,rest,53005.3,788.788,0.797054,99.8,,,1.4881304322397948,190.6430372895595,0.8074049000000001,28.599999999998545,122,1,0
4091,pi4b-01,2026-07-27 23:07:15.065431+00:00,26.7,69.0,87.2356,97.0221,True,s01-rest-0728-0435,s01,sitting,rest,53043.5,788.788,0.830281,99.8,,,1.4870587348119941,162.01845711140717,0.8095667000000001,38.19999999999709,123,1,0
4092,pi4b-01,2026-07-27 23:07:16.042178+00:00,26.7,69.0,87.2356,97.0221,True,s01-rest-0728-0435,s01,sitting,rest,53011.4,811.044,0.793355,99.8,,,1.5299426161165335,125.14767987497588,0.8054836,32.099999999998545,124,1,0
4093,pi4b-01,2026-07-27 23:07:17.041437+00:00,26.7,69.0,87.4074,97.0221,True,s01-rest-0728-0435,s01,sitting,rest,52994.5,867.696,0.780771,99.7,,,1.6373321759805264,94.5756510846494,0.8030142,16.900000000001455,125,1,0
4094,pi4b-01,2026-07-27 23:07:18.071826+00:00,26.7,69.0,87.5637,97.0627,True,s01-rest-0728-0435,s01,sitting,rest,52941.2,867.696,0.810265,99.7,,,1.638980604897509,70.61950391808732,0.8066357,53.30000000000291,126,1,0
4095,pi4b-01,2026-07-27 23:07:19.039923+00:00,26.7,69.0,88.45,97.0627,True,s01-rest-0728-0435,s01,sitting,rest,52935.0,867.696,0.828546,99.7,,,1.6391725701331823,54.56904291578093,0.8098150000000001,6.19999999999709,127,1,0
4096,pi4b-01,2026-07-27 23:07:20.042040+00:00,26.7,69.0,90.4969,97.0627,True,s01-rest-0728-0435,s01,sitting,rest,52854.1,867.696,0.817059,99.8,,,1.6416815346396967,65.33649652433294,0.812053,80.90000000000146,128,1,0
4097,pi4b-01,2026-07-27 23:07:21.063955+00:00,26.7,69.0,90.8934,97.074,True,s01-rest-0728-0435,s01,sitting,rest,52844.4,935.968,0.783048,99.8,,,1.7711772676007296,74.82942380481097,0.8077676,9.69999999999709,129,1,0
4098,pi4b-01,2026-07-27 23:07:22.041020+00:00,26.7,69.0,90.8934,97.074,True,s01-rest-0728-0435,s01,sitting,rest,52852.6,935.968,0.810163,99.8,,,1.770902472158418,77.9614213730933,0.8054842000000001,8.19999999999709,130,1,0
4099,pi4b-01,2026-07-27 23:07:23.040613+00:00,26.7,69.0,90.8934,97.074,True,s01-rest-0728-0435,s01,sitting,rest,52930.5,935.968,0.84337,99.8,,,1.768296161948215,72.49716086594451,0.8093912,77.90000000000146,131,1,0
4100,pi4b-01,2026-07-27 23:07:24.067517+00:00,26.7,69.0,90.8934,97.1151,True,s01-rest-0728-0435,s01,sitting,rest,52932.6,935.968,0.794953,99.7,,,1.768226008168879,68.917370816712,0.8091811,2.099999999998545,132,1,0
4101,pi4b-01,2026-07-27 23:07:25.047006+00:00,26.7,69.0,90.8934,97.1151,True,s01-rest-0728-0435,s01,sitting,rest,52924.1,819.3,0.768625,99.7,,,1.5480660039566096,57.177874511209964,0.8030155000000001,8.5,133,1,0
4102,pi4b-01,2026-07-27 23:07:26.040639+00:00,26.7,69.0,90.8934,97.1288,True,s01-rest-0728-0435,s01,sitting,rest,52855.7,826.668,0.809239,99.8,,,1.5640091797100408,51.00688515893874,0.8046039,68.40000000000146,134,1,0
4103,pi4b-01,2026-07-27 23:07:27.061681+00:00,26.7,69.0,90.8934,97.1288,True,s01-rest-0728-0435,s01,sitting,rest,52792.2,826.668,0.819285,99.7,,,1.5658904156295819,52.314374487881935,0.8084553,63.5,135,1,0
4104,pi4b-01,2026-07-27 23:07:28.039426+00:00,26.7,69.0,90.9904,97.1381,True,s01-rest-0728-0435,s01,sitting,rest,52641.5,840.528,0.820165,99.7,,,1.5967022216312226,89.76896333395753,0.8094452999999999,150.6999999999971,136,1,0
4105,pi4b-01,2026-07-27 23:07:29.042047+00:00,26.7,69.0,92.7545,97.1689,True,s01-rest-0728-0435,s01,sitting,rest,52499.9,833.324,0.793058,99.7,,,1.5872868329273007,139.20255585233886,0.8058965,141.59999999999854,137,1,0
4106,pi4b-01,2026-07-27 23:07:30.063370+00:00,26.7,69.0,94.0205,97.1689,True,s01-rest-0728-0435,s01,sitting,rest,52346.3,849.88,0.789516,99.8,,,1.6235722486594086,201.24225754667188,0.8031422000000001,153.59999999999854,138,1,0
4107,pi4b-01,2026-07-27 23:07:31.040880+00:00,26.7,69.0,95.8012,97.1689,True,s01-rest-0728-0435,s01,sitting,rest,52234.8,856.48,0.850713,99.7,,,1.6396731680795178,257.86527404015396,0.8099087,111.5,139,1,0
4108,pi4b-01,2026-07-27 23:07:32.042362+00:00,26.7,69.0,96.4921,97.1689,True,s01-rest-0728-0435,s01,sitting,rest,52105.1,847.764,0.84645,99.8,,,1.6270269129125559,311.75471501417456,0.8135374000000001,129.70000000000437,140,1,0
4109,pi4b-01,2026-07-27 23:07:33.063623+00:00,26.7,69.0,98.8805,97.1689,True,s01-rest-0728-0435,s01,sitting,rest,52097.5,876.676,0.707849,99.8,,,1.6827602092230913,332.05955640550604,0.7999853,7.599999999998545,141,1,0
4110,pi4b-01,2026-07-27 23:07:34.041671+00:00,26.7,69.0,98.8805,97.1689,True,s01-rest-0728-0435,s01,sitting,rest,52114.0,851.348,0.66206,99.8,,,1.6336262808458377,326.1841792269895,0.7866960000000001,16.5,142,1,0
4111,pi4b-01,2026-07-27 23:07:35.037756+00:00,26.7,69.0,98.8805,97.1271,True,s01-rest-0728-0435,s01,sitting,rest,52245.0,851.348,0.703035,99.7,,,1.6295300985740262,287.47776339160475,0.7801370000000001,131.0,143,1,0
4112,pi4b-01,2026-07-27 23:07:36.060592+00:00,26.7,69.0,98.8805,97.0798,True,s01-rest-0728-0435,s01,sitting,rest,52453.5,819.72,0.7543,99.8,,,1.5627555835168294,239.75555514400534,0.7746431,208.5,144,1,0
4113,pi4b-01,2026-07-27 23:07:37.042754+00:00,26.7,69.0,94.4507,97.0536,True,s01-rest-0728-0435,s01,sitting,rest,52741.0,766.412,0.777639,99.8,,,1.4531616768737794,229.66828833527228,0.7704785,287.5,145,1,0
4114,pi4b-01,2026-07-27 23:07:38.037497+00:00,26.7,69.0,87.5742,97.0189,True,s01-rest-0728-0435,s01,sitting,rest,52948.2,826.16,0.678304,99.8,,,1.5603174423304287,286.6482321595449,0.7562924000000001,207.1999999999971,146,1,0
4115,pi4b-01,2026-07-27 23:07:39.066453+00:00,26.7,69.0,87.5742,97.0189,True,s01-rest-0728-0435,s01,sitting,rest,53120.6,848.404,0.666164,99.8,,,1.5971280444874492,370.72230397815264,0.743603,172.40000000000146,147,1,0
4116,pi4b-01,2026-07-27 23:07:40.038371+00:00,26.7,69.0,87.5742,97.0189,True,s01-rest-0728-0435,s01,sitting,rest,53173.7,848.404,0.767298,99.8,,,1.5955331301000308,434.22975024774286,0.7413812,53.099999999998545,148,1,0
4117,pi4b-01,2026-07-27 23:07:41.037190+00:00,26.7,69.0,87.5742,97.0189,True,s01-rest-0728-0435,s01,sitting,rest,53189.0,848.404,0.844712,99.8,,,1.5950741694711315,467.356326586293,0.7407811,15.30000000000291,149,1,0
4118,pi4b-01,2026-07-27 23:07:42.063197+00:00,26.7,69.0,91.9602,97.1714,True,s01-rest-0728-0435,s01,sitting,rest,53118.2,848.404,0.803258,99.8,,,1.597200206332293,453.22964267603993,0.7364618999999999,70.80000000000291,150,1,0
4119,pi4b-01,2026-07-27 23:07:43.043917+00:00,26.7,69.0,91.9765,97.1952,True,s01-rest-0728-0435,s01,sitting,rest,53068.3,792.312,0.621432,99.8,,,1.4930042982345393,406.63653508623037,0.7278202,49.89999999999418,151,1,0
4120,pi4b-01,2026-07-27 23:07:44.041308+00:00,26.7,69.0,91.9765,97.2167,True,s01-rest-0728-0435,s01,sitting,rest,53107.4,723.612,0.612737,99.8,,,1.3625445794748,329.868699300287,0.7228879,39.099999999998545,152,1,0
4121,pi4b-01,2026-07-27 23:07:45.061933+00:00,26.7,69.0,91.9765,97.2167,True,s01-rest-0728-0435,s01,sitting,rest,53217.4,664.216,0.775858,99.8,,,1.2481180967127292,241.38766906799378,0.7301702,110.0,153,1,0
4122,pi4b-01,2026-07-27 23:07:46.039345+00:00,26.7,69.0,91.9765,97.1952,True,s01-rest-0728-0435,s01,sitting,rest,53350.7,666.94,0.780398,99.8,,,1.2501054344179177,164.52166524093448,0.73278,133.29999999999563,154,1,0
4123,pi4b-01,2026-07-27 23:07:47.038786+00:00,26.7,69.0,86.7771,97.1952,True,s01-rest-0728-0435,s01,sitting,rest,53558.2,662.492,0.788104,99.8,,,1.2369571792928067,167.41577683618553,0.7338264999999999,207.5,155,1,0
4124,pi4b-01,2026-07-27 23:07:48.064830+00:00,26.7,69.0,86.7771,96.9838,True,s01-rest-0728-0435,s01,sitting,rest,53826.2,656.468,0.784658,99.8,,,1.219606808580208,242.65399715165836,0.7444618999999999,268.0,156,1,0
4125,pi4b-01,2026-07-27 23:07:49.044046+00:00,26.7,69.0,86.7771,96.9829,True,s01-rest-0728-0435,s01,sitting,rest,54115.3,656.468,0.76984,99.8,,,1.2130913068947229,352.33965052729036,0.7548294999999999,289.1000000000058,157,1,0
4126,pi4b-01,2026-07-27 23:07:50.038864+00:00,26.7,69.0,86.7771,96.9163,True,s01-rest-0728-0435,s01,sitting,rest,54413.6,514.82,0.716087,99.8,,,0.9461237631768529,472.354671477954,0.7497084,298.29999999999563,158,1,0
4127,pi4b-01,2026-07-27 23:07:51.060749+00:00,26.7,69.0,89.1106,96.8354,True,s01-rest-0728-0435,s01,sitting,rest,54615.2,408.068,0.614914,99.7,,,0.747169286206038,573.6625881129091,0.7267286000000001,201.59999999999854,159,1,0
4128,pi4b-01,2026-07-27 23:07:52.042307+00:00,26.7,69.0,89.1106,96.8354,True,s01-rest-0728-0435,s01,sitting,rest,54738.9,483.572,0.72227,99.8,,,0.883415633123793,635.742552366377,0.7186298000000001,123.70000000000437,160,1,0
4129,pi4b-01,2026-07-27 23:07:53.036399+00:00,26.7,69.0,89.1106,96.8354,True,s01-rest-0728-0435,s01,sitting,rest,54749.4,505.964,0.766311,99.8,,,0.9241452874369399,642.6609111951899,0.7331177,10.5,161,1,0
4130,pi4b-01,2026-07-27 23:07:54.061656+00:00,26.7,69.0,89.1106,96.827,True,s01-rest-0728-0435,s01,sitting,rest,54679.0,561.572,0.75727,99.8,,,1.0270341447356388,599.1797419995952,0.747571,70.40000000000146,162,1,0
4131,pi4b-01,2026-07-27 23:07:55.048311+00:00,26.7,69.0,85.4162,96.8354,True,s01-rest-0728-0435,s01,sitting,rest,54579.9,572.924,0.72607,99.8,,,1.049697782517007,519.071301461082,0.7425922,99.09999999999854,163,1,0
4132,pi4b-01,2026-07-27 23:07:56.039371+00:00,26.7,69.0,85.4162,96.8561,True,s01-rest-0728-0435,s01,sitting,rest,54485.2,593.168,0.733116,99.8,,,1.088677292182097,410.1631801293874,0.7378640000000001,94.70000000000437,164,1,0
4133,pi4b-01,2026-07-27 23:07:57.066017+00:00,26.7,69.0,85.4162,96.9263,True,s01-rest-0728-0435,s01,sitting,rest,54387.4,593.168,0.781,99.7,,,1.0906349632451633,293.7366751596822,0.7371536,97.79999999999563,165,1,0
4134,pi4b-01,2026-07-27 23:07:58.037912+00:00,26.7,69.0,85.4162,96.9527,True,s01-rest-0728-0435,s01,sitting,rest,54305.9,593.168,0.815072,99.8,,,1.0922717421127355,204.53580941701054,0.740195,81.5,166,1,0
4135,pi4b-01,2026-07-27 23:07:59.036234+00:00,26.7,69.0,90.7097,96.9527,True,s01-rest-0728-0435,s01,sitting,rest,54245.8,589.844,0.777712,99.7,,,1.087354228345789,179.38562465781266,0.7409822,60.099999999998545,167,1,0
4136,pi4b-01,2026-07-27 23:08:00.060973+00:00,26.7,69.0,90.7097,96.9527,True,s01-rest-0728-0435,s01,sitting,rest,54194.3,599.288,0.731161,99.8,,,1.1058137110360313,205.36586863579933,0.7424896000000001,51.5,168,1,0
4137,pi4b-01,2026-07-27 23:08:01.047454+00:00,26.7,69.0,90.7097,97.0216,True,s01-rest-0728-0435,s01,sitting,rest,54154.4,617.456,0.785647,99.7,,,1.1401769754627509,226.7548544144728,0.7595628999999999,39.900000000001455,169,1,0
4138,pi4b-01,2026-07-27 23:08:02.040073+00:00,26.7,69.0,90.7097,97.0216,True,s01-rest-0728-0435,s01,sitting,rest,54089.6,687.668,0.785781,99.8,,,1.2713497603975625,228.43646065388398,0.7659140000000001,64.80000000000291,170,1,0
4139,pi4b-01,2026-07-27 23:08:03.066428+00:00,26.7,69.0,88.8141,96.997,True,s01-rest-0728-0435,s01,sitting,rest,54034.9,728.952,0.819733,99.8,,,1.3490392320518776,213.79304219126163,0.7712562000000001,54.69999999999709,171,1,0
4140,pi4b-01,2026-07-27 23:08:04.041773+00:00,26.7,69.0,86.7527,96.997,True,s01-rest-0728-0435,s01,sitting,rest,53961.8,728.952,0.811719,99.8,,,1.3508667242382575,198.0745807923095,0.7767011,73.09999999999854,172,1,0
4141,pi4b-01,2026-07-27 23:08:05.039959+00:00,26.7,69.0,86.0626,97.0216,True,s01-rest-0728-0435,s01,sitting,rest,53900.8,756.376,0.815228,99.8,,,1.403274162906673,186.14001570035046,0.7856169000000001,61.0,173,1,0
4142,pi4b-01,2026-07-27 23:08:06.067019+00:00,26.7,69.0,85.3971,97.0695,True,s01-rest-0728-0435,s01,sitting,rest,53853.6,756.376,0.820899,99.8,,,1.4045040628667351,176.4750045266899,0.7943952000000001,47.200000000004366,174,1,0
4143,pi4b-01,2026-07-27 23:08:07.042980+00:00,26.7,69.0,85.3971,97.1043,True,s01-rest-0728-0435,s01,sitting,rest,53861.0,794.004,0.800694,99.7,,,1.4741724067507103,163.51414108204293,0.7963646,7.400000000001455,175,1,0
4144,pi4b-01,2026-07-27 23:08:08.042301+00:00,26.7,69.0,85.3971,97.1107,True,s01-rest-0728-0435,s01,sitting,rest,53860.8,797.344,0.810328,99.8,,,1.4803790511837924,149.1536269921144,0.7958902,0.19999999999708962,176,1,0
4145,pi4b-01,2026-07-27 23:08:09.063347+00:00,26.7,69.0,85.3971,97.3173,True,s01-rest-0728-0435,s01,sitting,rest,53854.0,800.228,0.788392,99.8,,,1.4859211943402533,132.5273120715022,0.7969582,6.80000000000291,177,1,0
4146,pi4b-01,2026-07-27 23:08:10.039792+00:00,26.7,69.0,84.9692,97.3902,True,s01-rest-0728-0435,s01,sitting,rest,53839.5,809.636,0.806376,99.8,,,1.503795540448927,113.93440803278492,0.8044796999999999,14.5,178,1,0
1968,pi4b-01,2026-07-27 14:35:59.524924+00:00,30.9,72.0,,,True,synth01-exertion-1,synth01,sitting,synth-post-exertion,48300.0,564.0,0.413,99.5,,,1.1677018633540373,0.0,0.413,0.0,0,0,0
1969,pi4b-01,2026-07-27 14:36:00.524924+00:00,26.7,71.0,,,True,synth01-exertion-1,synth01,sitting,synth-post-exertion,48117.0,649.0,0.496,99.6,,,1.3487956439512023,129.4005409571382,0.4545,183.0,1,0,0
1970,pi4b-01,2026-07-27 14:36:01.524924+00:00,29.8,64.0,121.9,94.2,True,synth01-exertion-1,synth01,sitting,synth-post-exertion,48796.0,437.0,0.528,99.9,,,0.8955652102631363,351.3179946050766,0.47900000000000004,679.0,2,1,0
1971,pi4b-01,2026-07-27 14:36:02.524924+00:00,31.0,67.0,127.9,95.2,True,synth01-exertion-1,synth01,sitting,synth-post-exertion,51671.0,573.0,0.404,99.8,,,1.1089392502564301,1658.3306867650565,0.46025000000000005,2875.0,3,1,0
1972,pi4b-01,2026-07-27 14:36:03.524924+00:00,27.7,66.0,134.4,91.6,True,synth01-exertion-1,synth01,sitting,synth-post-exertion,51282.0,1725.0,0.354,99.5,,,3.3637533637533634,1706.4846029191121,0.43900000000000006,389.0,4,1,0
1973,pi4b-01,2026-07-27 14:36:04.524924+00:00,26.1,67.0,130.8,94.0,True,synth01-exertion-1,synth01,sitting,synth-post-exertion,51865.0,1187.0,0.55,99.5,,,2.288633953533211,1777.5902133693999,0.4575,583.0,5,1,0
1974,pi4b-01,2026-07-27 14:36:05.524924+00:00,31.0,67.0,135.0,90.7,True,synth01-exertion-1,synth01,sitting,synth-post-exertion,50379.0,1271.0,0.405,99.8,,,2.5228765954068164,1628.8503979947393,0.45000000000000007,1486.0,6,1,0
1975,pi4b-01,2026-07-27 14:36:06.524924+00:00,28.9,67.0,128.1,95.3,True,synth01-exertion-1,synth01,sitting,synth-post-exertion,49945.0,1658.0,0.445,99.9,,,3.3196516167784567,1508.5569204186029,0.449375,434.0,7,1,0
1976,pi4b-01,2026-07-27 14:36:07.524924+00:00,28.2,71.0,124.2,93.5,True,synth01-exertion-1,synth01,sitting,synth-post-exertion,51251.0,466.0,0.466,99.6,,,0.909250551208757,1467.3266602150247,0.4512222222222222,1306.0,8,1,0
1977,pi4b-01,2026-07-27 14:36:08.524924+00:00,26.7,62.0,127.7,96.6,True,synth01-exertion-1,synth01,sitting,synth-post-exertion,48987.0,360.0,0.717,99.7,,,0.7348888480617307,1433.7970606439087,0.47780000000000006,2264.0,9,1,0
1978,pi4b-01,2026-07-27 14:36:09.524924+00:00,28.0,70.0,128.9,98.3,True,synth01-exertion-1,synth01,sitting,synth-post-exertion,50805.0,335.0,0.641,99.8,,,0.6593839189056195,1305.3477867773186,0.5006,1818.0,10,1,0
1979,pi4b-01,2026-07-27 14:36:10.524924+00:00,29.2,63.0,124.3,98.9,True,synth01-exertion-1,synth01,sitting,synth-post-exertion,50580.0,301.0,0.671,99.8,,,0.5950968762356663,1053.7443765501716,0.5181,225.0,11,1,0
1980,pi4b-01,2026-07-27 14:36:11.524924+00:00,28.8,73.0,119.6,100.0,True,synth01-exertion-1,synth01,sitting,synth-post-exertion,49679.0,409.0,0.718,99.4,,,0.8232854928641882,918.1369057922551,0.5370999999999999,901.0,12,1,0
1981,pi4b-01,2026-07-27 14:36:12.524924+00:00,30.6,71.0,116.7,95.1,True,synth01-exertion-1,synth01,sitting,synth-post-exertion,50040.0,401.0,0.809,99.4,,,0.8013589128697043,858.4322985018143,0.5776,361.0,13,1,0
1982,pi4b-01,2026-07-27 14:36:13.524924+00:00,27.1,69.0,122.5,100.0,True,synth01-exertion-1,synth01,sitting,synth-post-exertion,51695.0,428.0,0.783,99.4,,,0.8279330689621821,909.6424450176974,0.6205,1655.0,14,1,0
1983,pi4b-01,2026-07-27 14:36:14.524924+00:00,29.4,68.0,,97.9,True,synth01-exertion-1,synth01,sitting,synth-post-exertion,50530.0,411.0,0.626,99.6,,,0.8133781911735604,779.3757402206212,0.6281000000000001,1165.0,15,0,0
1984,pi4b-01,2026-07-27 14:36:15.524924+00:00,26.5,67.0,,100.0,True,synth01-exertion-1,synth01,sitting,synth-post-exertion,50195.0,382.0,0.732,99.5,,,0.7610319752963443,781.808878321434,0.6607999999999999,335.0,16,0,0
1985,pi4b-01,2026-07-27 14:36:16.524924+00:00,27.9,70.0,115.9,96.1,True,synth01-exertion-1,synth01,sitting,synth-post-exertion,50637.0,349.0,0.771,99.4,,,0.6892193455378478,770.4857702918458,0.6934,442.0,17,1,0
1986,pi4b-01,2026-07-27 14:36:17.524924+00:00,31.0,71.0,121.5,95.0,True,synth01-exertion-1,synth01,sitting,synth-post-exertion,51254.0,444.0,0.659,99.6,,,0.8662738517969328,770.8371783687862,0.7127000000000001,617.0,18,1,0
1987,pi4b-01,2026-07-27 14:36:18.524924+00:00,30.5,67.0,123.7,96.8,True,synth01-exertion-1,synth01,sitting,synth-post-exertion,51189.0,316.0,0.719,99.6,,,0.6173201273711149,606.6062607289427,0.7129,65.0,19,1,0
1988,pi4b-01,2026-07-27 14:36:19.524924+00:00,29.9,66.0,,98.8,True,synth01-exertion-1,synth01,sitting,synth-post-exertion,49298.0,339.0,0.679,99.6,,,0.6876546715891111,739.358588387406,0.7167,1891.0,20,0,0
1989,pi4b-01,2026-07-27 14:36:20.524924+00:00,26.5,69.0,121.5,97.5,True,synth01-exertion-1,synth01,sitting,synth-post-exertion,49198.0,310.0,0.739,99.6,,,0.6301069149152404,846.1995102285907,0.7235,100.0,21,1,0
1990,pi4b-01,2026-07-27 14:36:21.524924+00:00,27.4,66.0,118.3,100.0,True,synth01-exertion-1,synth01,sitting,synth-post-exertion,48856.0,399.0,0.682,99.5,,,0.8166857704273784,954.1682590961942,0.7199000000000001,342.0,22,1,0
1991,pi4b-01,2026-07-27 14:36:22.524924+00:00,29.7,67.0,,98.3,True,synth01-exertion-1,synth01,sitting,synth-post-exertion,50570.0,343.0,0.684,99.7,,,0.678267747676488,953.5076530602364,0.7074,1714.0,23,0,0
1992,pi4b-01,2026-07-27 14:36:23.524924+00:00,30.6,67.0,112.7,97.8,True,synth01-exertion-1,synth01,sitting,synth-post-exertion,50585.0,421.0,0.698,99.9,,,0.832262528417515,835.88048055794,0.6989,15.0,24,1,0
1993,pi4b-01,2026-07-27 14:36:24.524924+00:00,30.3,65.0,117.5,98.8,True,synth01-exertion-1,synth01,sitting,synth-post-exertion,51172.0,502.0,0.643,99.6,,,0.981005237239115,884.6136884413289,0.7005999999999999,587.0,25,1,0
1994,pi4b-01,2026-07-27 14:36:25.524924+00:00,29.6,70.0,116.0,100.0,True,synth01-exertion-1,synth01,sitting,synth-post-exertion,49337.0,609.0,0.685,99.9,,,1.2343677159130064,935.5750697357778,0.6959000000000001,1835.0,26,1,0
1995,pi4b-01,2026-07-27 14:36:26.524924+00:00,29.0,64.0,115.5,99.2,True,synth01-exertion-1,synth01,sitting,synth-post-exertion,51111.0,570.0,0.699,99.6,,,1.1152198156952515,970.9725937315492,0.6887000000000001,1774.0,27,1,0
1996,pi4b-01,2026-07-27 14:36:27.524924+00:00,30.5,64.0,113.5,98.8,True,synth01-exertion-1,synth01,sitting,synth-post-exertion,48608.0,631.0,0.572,99.8,,,1.298140223831468,1027.9510580653975,0.6799999999999999,2503.0,28,1,0
1997,pi4b-01,2026-07-27 14:36:28.524924+00:00,29.2,63.0,115.3,96.5,True,synth01-exertion-1,synth01,sitting,synth-post-exertion,49367.0,433.0,0.667,99.5,,,0.8771041383920433,950.8741942724724,0.6748000000000001,759.0,29,1,0
1998,pi4b-01,2026-07-27 14:36:29.524924+00:00,29.1,70.0,114.8,97.3,True,synth01-exertion-1,synth01,sitting,synth-post-exertion,50607.0,374.0,0.678,99.4,,,0.7390281976801628,962.5572941100365,0.6747,1240.0,30,1,0
1999,pi4b-01,2026-07-27 14:36:30.524924+00:00,27.8,64.0,105.8,98.3,True,synth01-exertion-1,synth01,sitting,synth-post-exertion,49239.0,502.0,0.706,99.7,,,1.0195170494932877,959.1215656931964,0.6714,1368.0,31,1,0
2000,pi4b-01,2026-07-27 14:36:31.524924+00:00,26.5,65.0,,96.6,True,synth01-exertion-1,synth01,sitting,synth-post-exertion,48507.0,526.0,0.709,99.9,,,1.0843795740820914,1008.2498643138413,0.6740999999999999,732.0,32,0,0
2001,pi4b-01,2026-07-27 14:36:32.524924+00:00,29.6,63.0,108.1,98.0,True,synth01-exertion-1,synth01,sitting,synth-post-exertion,50243.0,436.0,0.688,99.4,,,0.8677825766773481,989.6072397112297,0.6744999999999999,1736.0,33,1,0
2002,pi4b-01,2026-07-27 14:36:33.524924+00:00,27.0,74.0,110.9,99.0,True,synth01-exertion-1,synth01,sitting,synth-post-exertion,50323.0,588.0,0.667,99.7,,,1.1684518013631937,972.1113562184523,0.6714,80.0,34,1,0
2003,pi4b-01,2026-07-27 14:36:34.524924+00:00,30.0,67.0,113.6,100.0,True,synth01-exertion-1,synth01,sitting,synth-post-exertion,50472.0,507.0,0.757,99.8,,,1.0045173561578697,888.0167916330247,0.6828000000000001,149.0,35,1,0
2004,pi4b-01,2026-07-27 14:36:35.524924+00:00,27.2,68.0,113.2,97.5,True,synth01-exertion-1,synth01,sitting,synth-post-exertion,51099.0,539.0,0.643,99.7,,,1.054815162723341,961.7852844233598,0.6786,627.0,36,1,0
2005,pi4b-01,2026-07-27 14:36:36.524924+00:00,29.8,62.0,,94.3,True,synth01-exertion-1,synth01,sitting,synth-post-exertion,49744.0,472.0,0.638,99.6,,,0.9488581537471856,872.6525909228908,0.6725,1355.0,37,0,0
2006,pi4b-01,2026-07-27 14:36:37.524924+00:00,26.2,68.0,113.2,100.0,True,synth01-exertion-1,synth01,sitting,synth-post-exertion,49194.0,642.0,0.702,99.8,,,1.305037199658495,798.6961945014519,0.6855,550.0,38,1,0
2007,pi4b-01,2026-07-27 14:36:38.524924+00:00,27.9,62.0,111.1,97.0,True,synth01-exertion-1,synth01,sitting,synth-post-exertion,50710.0,772.0,0.646,99.8,,,1.5223821731413922,815.6762429624396,0.6834,1516.0,39,1,0
2008,pi4b-01,2026-07-27 14:36:39.524924+00:00,27.4,71.0,107.0,98.3,True,synth01-exertion-1,synth01,sitting,synth-post-exertion,49558.0,664.0,0.669,99.6,,,1.3398442229307075,798.1768740211733,0.6825,1152.0,40,1,0
2009,pi4b-01,2026-07-27 14:36:40.524924+00:00,27.6,69.0,,76.5,True,synth01-exertion-1,synth01,sitting,synth-post-exertion,48977.0,4009.0,0.082,99.8,,,8.185474814708945,826.410181985241,0.6201,581.0,41,0,0
2010,pi4b-01,2026-07-27 14:36:41.524924+00:00,29.1,70.0,,78.4,True,synth01-exertion-1,synth01,sitting,synth-post-exertion,51064.0,5555.0,0.305,99.8,,,10.878505404981983,745.0338098219179,0.5797000000000001,2087.0,42,0,0
2011,pi4b-01,2026-07-27 14:36:42.524924+00:00,29.1,69.0,,78.8,True,synth01-exertion-1,synth01,sitting,synth-post-exertion,49131.0,6541.0,0.273,99.8,,,13.313386660153467,808.0111110347071,0.5382,1933.0,43,0,0
2012,pi4b-01,2026-07-27 14:36:43.524924+00:00,29.7,63.0,,80.4,True,synth01-exertion-1,synth01,sitting,synth-post-exertion,51080.0,5766.0,0.149,99.4,,,11.288175411119813,871.7493842205304,0.4864,1949.0,44,0,0
2013,pi4b-01,2026-07-27 14:36:44.524924+00:00,29.7,71.0,,81.8,True,synth01-exertion-1,synth01,sitting,synth-post-exertion,49958.0,6254.0,0.235,99.5,,,12.518515553064574,862.6744268069227,0.4342,1122.0,45,0,0
2014,pi4b-01,2026-07-27 14:36:45.524924+00:00,28.9,70.0,,91.1,True,synth01-exertion-1,synth01,sitting,synth-post-exertion,48121.0,2534.0,0.284,99.8,,,5.265892230003533,968.4231226299968,0.3983,1837.0,46,0,0
2015,pi4b-01,2026-07-27 14:36:46.524924+00:00,28.7,74.0,,73.1,True,synth01-exertion-1,synth01,sitting,synth-post-exertion,48690.0,3292.0,0.306,99.6,,,6.761141918258369,1025.283814365559,0.3651,569.0,47,0,0
2016,pi4b-01,2026-07-27 14:36:47.524924+00:00,26.5,72.0,,75.3,True,synth01-exertion-1,synth01,sitting,synth-post-exertion,47726.0,3137.0,0.211,99.4,,,6.572937183086787,1189.500758955431,0.31599999999999995,964.0,48,0,0
2017,pi4b-01,2026-07-27 14:36:48.524924+00:00,28.5,65.0,,75.0,True,synth01-exertion-1,synth01,sitting,synth-post-exertion,46436.0,2874.0,0.314,99.5,,,6.189163579981049,1447.0014551171328,0.2828,1290.0,49,0,0
2018,pi4b-01,2026-07-27 14:36:49.524924+00:00,30.1,66.0,,71.0,True,synth01-exertion-1,synth01,sitting,synth-post-exertion,48413.0,3237.0,0.233,99.5,,,6.686220643215665,1449.755167069403,0.2392,1977.0,50,0,0
2019,pi4b-01,2026-07-27 14:36:50.524924+00:00,26.8,65.0,115.2,92.3,True,synth01-exertion-1,synth01,sitting,synth-post-exertion,46411.0,782.0,0.381,99.6,,,1.6849453793281763,1658.4039850946347,0.2691,2002.0,51,1,0
2020,pi4b-01,2026-07-27 14:36:51.524924+00:00,29.0,64.0,113.9,94.9,True,synth01-exertion-1,synth01,sitting,synth-post-exertion,45788.0,775.0,0.408,99.7,,,1.6925832095745612,1663.0634517192748,0.2794,623.0,52,1,0
2021,pi4b-01,2026-07-27 14:36:52.524924+00:00,28.5,67.0,,94.4,True,synth01-exertion-1,synth01,sitting,synth-post-exertion,45074.0,638.0,0.316,99.6,,,1.4154501486444513,1884.1917247338545,0.28369999999999995,714.0,53,0,0
2022,pi4b-01,2026-07-27 14:36:53.524924+00:00,29.4,62.0,,93.3,True,synth01-exertion-1,synth01,sitting,synth-post-exertion,46529.0,829.0,0.249,99.6,,,1.7816845408240023,1507.8202221160848,0.29369999999999996,1455.0,54,0,0
2023,pi4b-01,2026-07-27 14:36:54.524924+00:00,29.2,72.0,,91.7,True,synth01-exertion-1,synth01,sitting,synth-post-exertion,47078.0,778.0,0.27,99.9,,,1.6525765750456687,1187.933424995775,0.2972,549.0,55,0,0
2024,pi4b-01,2026-07-27 14:36:55.524924+00:00,28.4,63.0,115.4,94.1,True,synth01-exertion-1,synth01,sitting,synth-post-exertion,46975.0,288.0,0.518,99.6,,,0.613092070250133,1124.193142757147,0.3206,103.0,56,1,0
2025,pi4b-01,2026-07-27 14:36:56.524924+00:00,30.6,66.0,,75.8,True,synth01-exertion-1,synth01,sitting,synth-post-exertion,48292.0,8674.0,0.166,99.5,,,17.96156713327259,1059.4321120298212,0.3066,1317.0,57,0,0
2026,pi4b-01,2026-07-27 14:36:57.524924+00:00,27.4,71.0,,76.1,True,synth01-exertion-1,synth01,sitting,synth-post-exertion,47424.0,6942.0,0.04,99.4,,,14.638157894736842,1036.444563560107,0.2895,868.0,58,0,0
2027,pi4b-01,2026-07-27 14:36:58.524924+00:00,27.8,72.0,,75.7,True,synth01-exertion-1,synth01,sitting,synth-post-exertion,48803.0,7534.0,0.064,99.6,,,15.437575558879576,1192.027782114706,0.2645,1379.0,59,0,0
2028,pi4b-01,2026-07-27 14:36:59.524924+00:00,28.3,69.0,,77.0,True,synth01-exertion-1,synth01,sitting,synth-post-exertion,49897.0,6752.0,0.021,99.5,,,13.531875663867568,1442.6289620765963,0.2433,1094.0,60,0,0
2029,pi4b-01,2026-07-27 14:37:00.524924+00:00,27.3,66.0,,92.9,True,synth01-exertion-1,synth01,sitting,synth-post-exertion,49593.0,824.0,0.335,99.4,,,1.6615248119694312,1586.3849925047914,0.2387,304.0,61,0,0
2030,pi4b-01,2026-07-27 14:37:01.524924+00:00,30.3,69.0,,84.2,True,synth01-exertion-1,synth01,sitting,synth-post-exertion,51200.0,4573.0,0.087,99.8,,,8.931640625,1825.4165582439286,0.20660000000000003,1607.0,62,0,0
2031,pi4b-01,2026-07-27 14:37:02.524924+00:00,28.2,70.0,,79.5,True,synth01-exertion-1,synth01,sitting,synth-post-exertion,50725.0,8529.0,0.144,99.8,,,16.814194184327256,1656.0480535164352,0.1894,475.0,63,0,0
2032,pi4b-01,2026-07-27 14:37:03.524924+00:00,30.3,70.0,,78.7,True,synth01-exertion-1,synth01,sitting,synth-post-exertion,48479.0,8560.0,0.083,99.7,,,17.65712989129314,1484.234422934008,0.1728,2246.0,64,0,0
2033,pi4b-01,2026-07-27 14:37:04.524924+00:00,28.8,65.0,,78.8,True,synth01-exertion-1,synth01,sitting,synth-post-exertion,49147.0,7609.0,0.142,99.5,,,15.482125053411194,1348.2822198799763,0.16,668.0,65,0,0
2034,pi4b-01,2026-07-27 14:37:05.524924+00:00,29.7,73.0,,80.2,True,synth01-exertion-1,synth01,sitting,synth-post-exertion,48008.0,7103.0,0.01,99.8,,,14.795450758206966,1203.0970959246217,0.10919999999999999,1139.0,66,0,0
2035,pi4b-01,2026-07-27 14:37:06.524924+00:00,28.9,65.0,,89.7,True,synth01-exertion-1,synth01,sitting,synth-post-exertion,47249.0,567.0,0.582,99.9,,,1.2000253973629071,1325.3938827550385,0.1508,759.0,67,0,0
2036,pi4b-01,2026-07-27 14:37:07.524924+00:00,27.0,68.0,121.0,91.6,True,synth01-exertion-1,synth01,sitting,synth-post-exertion,48188.0,438.0,0.62,99.7,,,0.9089399850585208,1240.3851955474831,0.2088,939.0,68,1,0
2037,pi4b-01,2026-07-27 14:37:08.524924+00:00,29.4,66.0,,98.3,True,synth01-exertion-1,synth01,sitting,synth-post-exertion,47213.0,279.0,0.649,99.7,,,0.5909389363099147,1380.7667314455025,0.2673,975.0,69,0,0
2038,pi4b-01,2026-07-27 14:37:09.524924+00:00,28.8,68.0,109.7,96.9,True,synth01-exertion-1,synth01,sitting,synth-post-exertion,47389.0,298.0,0.72,99.6,,,0.6288379159720611,1420.8516577508565,0.3372,176.0,70,1,0
2039,pi4b-01,2026-07-27 14:37:10.524924+00:00,30.6,62.0,,97.6,True,synth01-exertion-1,synth01,sitting,synth-post-exertion,47902.0,304.0,0.748,99.6,,,0.6346290342783182,1405.8361687385036,0.3785,513.0,71,0,0
2040,pi4b-01,2026-07-27 14:37:11.524924+00:00,30.5,70.0,115.8,95.6,True,synth01-exertion-1,synth01,sitting,synth-post-exertion,47914.0,300.0,0.721,99.6,,,0.6261218015611304,1058.8040632923828,0.44189999999999996,12.0,72,1,0
2041,pi4b-01,2026-07-27 14:37:12.524924+00:00,26.2,74.0,115.8,97.3,True,synth01-exertion-1,synth01,sitting,synth-post-exertion,47274.0,277.0,0.643,99.7,,,0.5859457629986885,626.1174987350495,0.4917999999999999,640.0,73,1,0
2042,pi4b-01,2026-07-27 14:37:13.524924+00:00,27.7,73.0,115.5,97.5,True,synth01-exertion-1,synth01,sitting,synth-post-exertion,48495.0,332.0,0.684,99.7,,,0.6846066604804619,627.8468408422298,0.5519000000000001,1221.0,74,1,0
2043,pi4b-01,2026-07-27 14:37:14.524924+00:00,30.1,70.0,118.1,95.9,True,synth01-exertion-1,synth01,sitting,synth-post-exertion,46739.0,268.0,0.698,99.6,,,0.5733969490147415,543.0732404054299,0.6075,1756.0,75,1,0
2044,pi4b-01,2026-07-27 14:37:15.524924+00:00,28.1,68.0,114.7,97.9,True,synth01-exertion-1,synth01,sitting,synth-post-exertion,49341.0,291.0,0.558,99.7,,,0.5897732109199246,763.2078790648587,0.6623,2602.0,76,1,0
2045,pi4b-01,2026-07-27 14:37:16.524924+00:00,27.6,62.0,110.3,98.1,True,synth01-exertion-1,synth01,sitting,synth-post-exertion,47621.0,290.0,0.564,99.8,,,0.6089750320236871,743.7891278223157,0.6605000000000001,1720.0,77,1,0
2046,pi4b-01,2026-07-27 14:37:17.524924+00:00,28.0,64.0,,98.4,True,synth01-exertion-1,synth01,sitting,synth-post-exertion,48735.0,264.0,0.72,99.5,,,0.5417051400430902,793.3365616180914,0.6705,1114.0,78,0,0
2047,pi4b-01,2026-07-27 14:37:18.524924+00:00,28.4,66.0,112.1,96.3,True,synth01-exertion-1,synth01,sitting,synth-post-exertion,49750.0,349.0,0.666,99.5,,,0.7015075376884422,952.3438921360876,0.6722,1015.0,79,1,0
2048,pi4b-01,2026-07-27 14:37:19.524924+00:00,26.3,65.0,109.4,96.0,True,synth01-exertion-1,synth01,sitting,synth-post-exertion,47745.0,449.0,0.619,99.5,,,0.9404126086501204,928.5034793209637,0.6621,2005.0,80,1,0
2049,pi4b-01,2026-07-27 14:37:20.524924+00:00,26.5,64.0,121.4,97.8,True,synth01-exertion-1,synth01,sitting,synth-post-exertion,49436.0,424.0,0.657,99.5,,,0.857674569139898,1006.1552784955583,0.653,1691.0,81,1,0
2050,pi4b-01,2026-07-27 14:37:21.524924+00:00,26.1,69.0,,94.4,True,synth01-exertion-1,synth01,sitting,synth-post-exertion,48803.0,385.0,0.703,99.9,,,0.7888859291437001,1007.0433566745052,0.6512,633.0,82,0,0
2051,pi4b-01,2026-07-27 14:37:22.524924+00:00,29.6,64.0,117.9,95.6,True,synth01-exertion-1,synth01,sitting,synth-post-exertion,47540.0,348.0,0.659,99.6,,,0.7320151451409339,977.2478646121064,0.6528,1263.0,83,1,0
2052,pi4b-01,2026-07-27 14:37:23.524924+00:00,27.0,68.0,,95.6,True,synth01-exertion-1,synth01,sitting,synth-post-exertion,48036.0,413.0,0.67,99.6,,,0.8597718377883254,984.1150790882742,0.6514,496.0,84,0,0
2053,pi4b-01,2026-07-27 14:37:24.524924+00:00,28.0,70.0,112.5,99.0,True,synth01-exertion-1,synth01,sitting,synth-post-exertion,48031.0,365.0,0.674,99.7,,,0.7599258812017239,815.9717860046336,0.649,5.0,85,1,0
2054,pi4b-01,2026-07-27 14:37:25.524924+00:00,30.0,65.0,118.2,97.5,True,synth01-exertion-1,synth01,sitting,synth-post-exertion,49092.0,367.0,0.688,99.7,,,0.7475759797930417,791.0025214175515,0.662,1061.0,86,1,0
2055,pi4b-01,2026-07-27 14:37:26.524924+00:00,27.8,69.0,125.2,98.9,True,synth01-exertion-1,synth01,sitting,synth-post-exertion,47028.0,411.0,0.586,99.8,,,0.8739474355702985,879.7170252100822,0.6641999999999999,2064.0,87,1,0
2056,pi4b-01,2026-07-27 14:37:27.524924+00:00,29.2,70.0,109.3,100.0,True,synth01-exertion-1,synth01,sitting,synth-post-exertion,48711.0,378.0,0.709,99.7,,,0.7760054197203917,878.7932129409868,0.6631,1683.0,88,1,0
2057,pi4b-01,2026-07-27 14:37:28.524924+00:00,26.9,64.0,119.2,99.1,True,synth01-exertion-1,synth01,sitting,synth-post-exertion,49751.0,416.0,0.747,99.8,,,0.8361640972040763,878.9617675922653,0.6712,1040.0,89,1,0
2058,pi4b-01,2026-07-27 14:37:29.524924+00:00,29.7,68.0,121.8,100.0,True,synth01-exertion-1,synth01,sitting,synth-post-exertion,48355.0,397.0,0.746,99.8,,,0.821011270809637,847.7321445414943,0.6839000000000001,1396.0,90,1,0
2059,pi4b-01,2026-07-27 14:37:30.524924+00:00,30.8,71.0,109.3,99.6,True,synth01-exertion-1,synth01,sitting,synth-post-exertion,47843.0,326.0,0.789,99.9,,,0.6813953974458123,795.8573294811807,0.6971,512.0,91,1,0
2060,pi4b-01,2026-07-27 14:37:31.524924+00:00,30.2,62.0,,99.3,True,synth01-exertion-1,synth01,sitting,synth-post-exertion,49392.0,374.0,0.678,99.8,,,0.7572076449627471,855.2375173664569,0.6946,1549.0,92,0,0
2061,pi4b-01,2026-07-27 14:37:32.524924+00:00,26.2,71.0,118.8,99.1,True,synth01-exertion-1,synth01,sitting,synth-post-exertion,48186.0,331.0,0.642,99.7,,,0.6869215124725024,808.0084226733918,0.6929000000000001,1206.0,93,1,0
2062,pi4b-01,2026-07-27 14:37:33.524924+00:00,30.0,67.0,111.9,98.5,True,synth01-exertion-1,synth01,sitting,synth-post-exertion,48222.0,321.0,0.64,99.9,,,0.6656712703745179,799.70945418392,0.6899,36.0,94,1,0
2063,pi4b-01,2026-07-27 14:37:34.524924+00:00,27.8,65.0,121.5,98.2,True,synth01-exertion-1,synth01,sitting,synth-post-exertion,48688.0,375.0,0.668,99.7,,,0.7702103187643773,787.3407846105432,0.6893,466.0,95,1,0
2064,pi4b-01,2026-07-27 14:37:35.524924+00:00,29.3,73.0,117.0,96.1,True,synth01-exertion-1,synth01,sitting,synth-post-exertion,48420.0,317.0,0.745,99.6,,,0.6546881453944651,762.0109652171305,0.6950000000000001,268.0,96,1,0
2065,pi4b-01,2026-07-27 14:37:36.524924+00:00,29.3,73.0,105.9,94.9,True,synth01-exertion-1,synth01,sitting,synth-post-exertion,49578.0,368.0,0.595,99.4,,,0.7422647141877445,647.8199681324711,0.6959000000000001,1158.0,97,1,0
2066,pi4b-01,2026-07-27 14:37:37.524924+00:00,26.6,72.0,124.6,96.9,True,synth01-exertion-1,synth01,sitting,synth-post-exertion,47537.0,287.0,0.625,99.4,,,0.6037402444411721,747.2867663160837,0.6875,2041.0,98,1,0
2067,pi4b-01,2026-07-27 14:37:38.524924+00:00,26.8,65.0,,98.5,True,synth01-exertion-1,synth01,sitting,synth-post-exertion,47504.0,416.0,0.706,99.7,,,0.8757157292017514,698.0025867510349,0.6834,33.0,99,0,0
2068,pi4b-01,2026-07-27 14:37:39.524924+00:00,26.1,65.0,112.1,97.2,True,synth01-exertion-1,synth01,sitting,synth-post-exertion,48278.0,347.0,0.792,99.8,,,0.7187538837565766,698.6415071805995,0.688,774.0,100,1,0
2069,pi4b-01,2026-07-27 14:37:40.524924+00:00,30.1,72.0,114.6,99.0,True,synth01-exertion-1,synth01,sitting,synth-post-exertion,49029.0,354.0,0.696,99.7,,,0.7220216606498195,700.8824913398109,0.6787,751.0,101,1,0
2070,pi4b-01,2026-07-27 14:37:41.524924+00:00,26.8,70.0,107.3,99.7,True,synth01-exertion-1,synth01,sitting,synth-post-exertion,48059.0,414.0,0.596,99.8,,,0.8614411452589525,632.2797288823826,0.6705,970.0,102,1,0
2071,pi4b-01,2026-07-27 14:37:42.524924+00:00,27.3,70.0,115.1,99.4,True,synth01-exertion-1,synth01,sitting,synth-post-exertion,47180.0,363.0,0.571,99.5,,,0.7693938109368377,733.2576097267857,0.6634,879.0,103,1,0
2072,pi4b-01,2026-07-27 14:37:43.524924+00:00,30.5,70.0,112.7,97.5,True,synth01-exertion-1,synth01,sitting,synth-post-exertion,49245.0,423.0,0.694,99.6,,,0.858970453853183,797.5386859303934,0.6688,2065.0,104,1,0
2073,pi4b-01,2026-07-27 14:37:44.524924+00:00,27.8,68.0,115.8,97.1,True,synth01-exertion-1,synth01,sitting,synth-post-exertion,48191.0,377.0,0.706,99.6,,,0.7823037496628,789.7071820196101,0.6726,1054.0,105,1,0
2074,pi4b-01,2026-07-27 14:37:45.524924+00:00,29.9,63.0,113.2,97.3,True,synth01-exertion-1,synth01,sitting,synth-post-exertion,48968.0,318.0,0.643,99.7,,,0.6494036922071557,817.3282286409524,0.6624,777.0,106,1,0
2075,pi4b-01,2026-07-27 14:37:46.524924+00:00,27.2,71.0,114.5,98.1,True,synth01-exertion-1,synth01,sitting,synth-post-exertion,49017.0,345.0,0.782,99.9,,,0.7038374441520289,739.775010842274,0.6811,49.0,107,1,0
2076,pi4b-01,2026-07-27 14:37:47.524924+00:00,27.2,71.0,,99.1,True,synth01-exertion-1,synth01,sitting,synth-post-exertion,48608.0,411.0,0.642,99.7,,,0.8455398288347596,692.9550971503803,0.6828,409.0,108,0,0
2077,pi4b-01,2026-07-27 14:37:48.524924+00:00,26.9,73.0,111.7,96.3,True,synth01-exertion-1,synth01,sitting,synth-post-exertion,47093.0,351.0,0.517,99.6,,,0.7453337013993587,761.3376824160811,0.6639,1515.0,109,1,0
2078,pi4b-01,2026-07-27 14:37:49.524924+00:00,27.8,71.0,118.2,99.5,True,synth01-exertion-1,synth01,sitting,synth-post-exertion,48690.0,238.0,0.637,99.5,,,0.48880673649620043,767.1240664542858,0.6484,1597.0,110,1,0
2079,pi4b-01,2026-07-27 14:37:50.524924+00:00,26.2,65.0,119.4,99.6,True,synth01-exertion-1,synth01,sitting,synth-post-exertion,47019.0,323.0,0.713,99.6,,,0.686956336800017,845.6413739484029,0.6500999999999999,1671.0,111,1,0
2080,pi4b-01,2026-07-27 14:37:51.524924+00:00,29.4,64.0,122.2,99.2,True,synth01-exertion-1,synth01,sitting,synth-post-exertion,47915.0,274.0,0.643,99.9,,,0.5718459772513826,849.6581273273041,0.6548,896.0,112,1,0
2081,pi4b-01,2026-07-27 14:37:52.524924+00:00,26.4,67.0,123.7,96.6,True,synth01-exertion-1,synth01,sitting,synth-post-exertion,49004.0,248.0,0.66,99.7,,,0.5060811362337768,802.6057562714238,0.6637000000000001,1089.0,113,1,0
2082,pi4b-01,2026-07-27 14:37:53.524924+00:00,26.3,66.0,113.1,100.0,True,synth01-exertion-1,synth01,sitting,synth-post-exertion,47692.0,341.0,0.657,99.9,,,0.7150046129329867,764.9249854288604,0.66,1312.0,114,1,0
2083,pi4b-01,2026-07-27 14:37:54.524924+00:00,26.4,65.0,103.1,96.6,True,synth01-exertion-1,synth01,sitting,synth-post-exertion,47491.0,278.0,0.611,99.9,,,0.5853740708765871,799.1086770757653,0.6505,201.0,115,1,0
2084,pi4b-01,2026-07-27 14:37:55.524924+00:00,26.1,72.0,112.0,99.3,True,synth01-exertion-1,synth01,sitting,synth-post-exertion,49693.0,361.0,0.583,99.7,,,0.7264604672690318,907.1793648446869,0.6445000000000001,2202.0,116,1,0
2085,pi4b-01,2026-07-27 14:37:56.524924+00:00,26.4,67.0,100.5,97.1,True,synth01-exertion-1,synth01,sitting,synth-post-exertion,49119.0,330.0,0.713,99.8,,,0.6718377817137972,917.6220718066216,0.6376,574.0,117,1,0
2086,pi4b-01,2026-07-27 14:37:57.524924+00:00,30.3,64.0,103.8,96.6,True,synth01-exertion-1,synth01,sitting,synth-post-exertion,47368.0,342.0,0.705,99.5,,,0.7220064178348252,944.6118779689352,0.6439,1751.0,118,1,0
2087,pi4b-01,2026-07-27 14:37:58.524924+00:00,29.1,74.0,,97.6,True,synth01-exertion-1,synth01,sitting,synth-post-exertion,49001.0,431.0,0.59,99.6,,,0.8795738862472195,908.7400068226424,0.6512,1633.0,119,0,0
2088,pi4b-01,2026-07-27 14:37:59.524924+00:00,29.5,66.0,114.6,96.2,True,synth01-exertion-1,synth01,sitting,synth-post-exertion,48996.0,318.0,0.668,99.9,,,0.6490325740876806,928.3029677858508,0.6542999999999999,5.0,120,1,0
2089,pi4b-01,2026-07-27 14:38:00.524924+00:00,28.8,74.0,104.0,97.9,True,synth01-exertion-1,synth01,sitting,synth-post-exertion,48823.0,331.0,0.824,99.6,,,0.6779591585932859,813.4511936462296,0.6654,173.0,121,1,0
2090,pi4b-01,2026-07-27 14:38:01.524924+00:00,29.0,71.0,107.2,98.1,True,synth01-exertion-1,synth01,sitting,synth-post-exertion,49113.0,284.0,0.702,99.7,,,0.5782583022824914,804.218737519723,0.6712999999999999,290.0,122,1,0
2091,pi4b-01,2026-07-27 14:38:02.524924+00:00,27.5,73.0,113.3,96.9,True,synth01-exertion-1,synth01,sitting,synth-post-exertion,47412.0,346.0,0.68,99.6,,,0.7297730532354678,876.2997711336668,0.6733,1701.0,123,1,0
2092,pi4b-01,2026-07-27 14:38:03.524924+00:00,28.0,64.0,115.0,98.8,True,synth01-exertion-1,synth01,sitting,synth-post-exertion,48443.0,317.0,0.571,99.9,,,0.6543773094151889,833.2636570871525,0.6647,1031.0,124,1,0
2093,pi4b-01,2026-07-27 14:38:04.524924+00:00,30.0,69.0,107.2,95.8,True,synth01-exertion-1,synth01,sitting,synth-post-exertion,48690.0,366.0,0.625,99.7,,,0.751694393099199,746.3351645057458,0.6660999999999999,247.0,125,1,0
2094,pi4b-01,2026-07-27 14:38:05.524924+00:00,28.2,69.0,113.2,96.6,True,synth01-exertion-1,synth01,sitting,synth-post-exertion,48785.0,386.0,0.586,99.7,,,0.7912268115199343,657.4164923733506,0.6664,95.0,126,1,0
2095,pi4b-01,2026-07-27 14:38:06.524924+00:00,26.8,71.0,104.7,97.5,True,synth01-exertion-1,synth01,sitting,synth-post-exertion,49082.0,387.0,0.649,99.8,,,0.7884764272034553,654.110430703861,0.66,297.0,127,1,0
2096,pi4b-01,2026-07-27 14:38:07.524924+00:00,27.1,69.0,106.1,95.5,True,synth01-exertion-1,synth01,sitting,synth-post-exertion,49744.0,347.0,0.559,99.4,,,0.6975715664200708,597.541342130906,0.6454000000000001,662.0,128,1,0
2097,pi4b-01,2026-07-27 14:38:08.524924+00:00,30.4,71.0,120.5,97.3,True,synth01-exertion-1,synth01,sitting,synth-post-exertion,47687.0,441.0,0.632,99.9,,,0.9247803384570218,688.2020455909706,0.6496000000000001,2057.0,129,1,0
2098,pi4b-01,2026-07-27 14:38:09.524924+00:00,27.9,70.0,106.4,97.1,True,synth01-exertion-1,synth01,sitting,synth-post-exertion,47587.0,316.0,0.569,99.4,,,0.6640469035661,756.5872498705608,0.6397,100.0,130,1,0
2099,pi4b-01,2026-07-27 14:38:10.524924+00:00,30.5,68.0,105.5,98.4,True,synth01-exertion-1,synth01,sitting,synth-post-exertion,49926.0,288.0,0.741,99.6,,,0.5768537435404398,874.2339440269564,0.6314,2339.0,131,1,0
2100,pi4b-01,2026-07-27 14:38:11.524924+00:00,27.7,73.0,108.1,97.5,True,synth01-exertion-1,synth01,sitting,synth-post-exertion,48043.0,325.0,0.606,99.6,,,0.6764773223986845,876.3257195054238,0.6218,1883.0,132,1,0
2101,pi4b-01,2026-07-27 14:38:12.524924+00:00,28.1,69.0,102.3,97.4,True,synth01-exertion-1,synth01,sitting,synth-post-exertion,49540.0,315.0,0.561,99.7,,,0.6358498183286233,829.1042087029439,0.6099,1497.0,133,1,0
2102,pi4b-01,2026-07-27 14:38:13.524924+00:00,28.1,68.0,,100.0,True,synth01-exertion-1,synth01,sitting,synth-post-exertion,50324.0,268.0,0.749,99.7,,,0.5325490819489707,954.869252248154,0.6277,784.0,134,0,0
2103,pi4b-01,2026-07-27 14:38:14.524924+00:00,29.8,72.0,101.4,96.7,True,synth01-exertion-1,synth01,sitting,synth-post-exertion,47932.0,357.0,0.731,99.5,,,0.7448051406158724,1005.7224048193465,0.6383,2392.0,135,1,0
2104,pi4b-01,2026-07-27 14:38:15.524924+00:00,27.5,69.0,111.4,97.6,True,synth01-exertion-1,synth01,sitting,synth-post-exertion,49032.0,375.0,0.687,99.9,,,0.7648066568771414,1006.5720761299214,0.6484,1100.0,136,1,0
2105,pi4b-01,2026-07-27 14:38:16.524924+00:00,29.3,69.0,120.5,97.3,True,synth01-exertion-1,synth01,sitting,synth-post-exertion,49437.0,354.0,0.665,99.4,,,0.7160628678924692,1020.2745599973748,0.65,405.0,137,1,0
2106,pi4b-01,2026-07-27 14:38:17.524924+00:00,28.1,66.0,116.0,95.0,True,synth01-exertion-1,synth01,sitting,synth-post-exertion,50202.0,435.0,0.716,99.7,,,0.8664993426556711,1070.1739214829925,0.6657,765.0,138,1,0
2107,pi4b-01,2026-07-27 14:38:18.524924+00:00,29.3,71.0,116.0,96.9,True,synth01-exertion-1,synth01,sitting,synth-post-exertion,47957.0,400.0,0.741,99.9,,,0.8340805304752175,1037.0738750071223,0.6766,2245.0,139,1,0
2108,pi4b-01,2026-07-27 14:38:19.524924+00:00,28.1,70.0,118.3,99.4,True,synth01-exertion-1,synth01,sitting,synth-post-exertion,50126.0,390.0,0.684,99.9,,,0.7780393408610302,961.2787143522721,0.6881,2169.0,140,1,0
2109,pi4b-01,2026-07-27 14:38:20.524924+00:00,26.6,70.0,112.8,95.5,True,synth01-exertion-1,synth01,sitting,synth-post-exertion,47683.0,386.0,0.611,99.8,,,0.809512824276996,1044.5861700533553,0.6751,2443.0,141,1,0
2110,pi4b-01,2026-07-27 14:38:21.524924+00:00,27.9,71.0,118.3,93.6,True,synth01-exertion-1,synth01,sitting,synth-post-exertion,49106.0,381.0,0.692,99.4,,,0.7758726021260132,985.6839080895794,0.6837,1423.0,142,1,0
2111,pi4b-01,2026-07-27 14:38:22.524924+00:00,30.7,64.0,113.6,96.0,True,synth01-exertion-1,synth01,sitting,synth-post-exertion,49364.0,376.0,0.783,99.9,,,0.7616886800097237,979.1768708688551,0.7059,258.0,143,1,0
2112,pi4b-01,2026-07-27 14:38:23.524924+00:00,29.8,70.0,119.5,96.0,True,synth01-exertion-1,synth01,sitting,synth-post-exertion,50047.0,439.0,0.791,99.9,,,0.8771754550722322,944.5208308979084,0.7101,683.0,144,1,0
2113,pi4b-01,2026-07-27 14:38:24.524924+00:00,29.0,63.0,115.4,94.7,True,synth01-exertion-1,synth01,sitting,synth-post-exertion,48942.0,436.0,0.634,99.9,,,0.8908503943443259,857.0514311029646,0.7004,1105.0,145,1,0
2114,pi4b-01,2026-07-27 14:38:25.524924+00:00,27.2,73.0,119.3,97.1,True,synth01-exertion-1,synth01,sitting,synth-post-exertion,49555.0,477.0,0.636,99.9,,,0.9625668449197862,862.3070412175828,0.6953,613.0,146,1,0
2115,pi4b-01,2026-07-27 14:38:26.524924+00:00,29.9,70.0,119.2,94.9,True,synth01-exertion-1,synth01,sitting,synth-post-exertion,48017.0,471.0,0.591,99.4,,,0.9809025969968969,940.0258211583977,0.6879,1538.0,147,1,0
2116,pi4b-01,2026-07-27 14:38:27.524924+00:00,26.3,66.0,109.3,99.0,True,synth01-exertion-1,synth01,sitting,synth-post-exertion,49407.0,433.0,0.635,99.8,,,0.8763940332341571,867.263922408386,0.6798,1390.0,148,1,0
2117,pi4b-01,2026-07-27 14:38:28.524924+00:00,26.5,71.0,115.8,98.4,True,synth01-exertion-1,synth01,sitting,synth-post-exertion,47567.0,493.0,0.721,99.8,,,1.0364328210734333,927.1019601125372,0.6778000000000001,1840.0,149,1,0
2118,pi4b-01,2026-07-27 14:38:29.524924+00:00,27.1,63.0,112.0,96.5,True,synth01-exertion-1,synth01,sitting,synth-post-exertion,47886.0,558.0,0.714,99.7,,,1.1652675103370504,889.6749968387575,0.6808,319.0,150,1,0
2119,pi4b-01,2026-07-27 14:38:30.524924+00:00,29.0,62.0,118.2,96.4,True,synth01-exertion-1,synth01,sitting,synth-post-exertion,46965.0,430.0,0.71,99.5,,,0.915575428510593,1007.2241502708941,0.6907,921.0,151,1,0
2120,pi4b-01,2026-07-27 14:38:31.524924+00:00,27.3,64.0,113.5,97.6,True,synth01-exertion-1,synth01,sitting,synth-post-exertion,48666.0,621.0,0.709,99.4,,,1.2760448773270867,996.370769900012,0.6923999999999999,1701.0,152,1,0
2121,pi4b-01,2026-07-27 14:38:32.524924+00:00,28.1,70.0,,98.2,True,synth01-exertion-1,synth01,sitting,synth-post-exertion,48635.0,572.0,0.727,99.7,,,1.1761077413385421,963.7790260797002,0.6868000000000001,31.0,153,0,0
2122,pi4b-01,2026-07-27 14:38:33.524924+00:00,29.7,74.0,111.2,96.5,True,synth01-exertion-1,synth01,sitting,synth-post-exertion,47512.0,510.0,0.741,99.6,,,1.0734130324970534,859.4863840948517,0.6818,1123.0,154,1,0
2123,pi4b-01,2026-07-27 14:38:34.524924+00:00,30.3,65.0,,97.9,True,synth01-exertion-1,synth01,sitting,synth-post-exertion,48040.0,459.0,0.687,99.5,,,0.9554537885095754,833.3298666594495,0.6870999999999999,528.0,155,0,0
2124,pi4b-01,2026-07-27 14:38:35.524924+00:00,27.8,66.0,110.0,95.8,True,synth01-exertion-1,synth01,sitting,synth-post-exertion,48124.0,315.0,0.825,99.7,,,0.6545590557725874,690.1266308922169,0.706,84.0,156,1,0
2125,pi4b-01,2026-07-27 14:38:36.524924+00:00,30.8,71.0,,94.1,True,synth01-exertion-1,synth01,sitting,synth-post-exertion,48853.0,385.0,0.729,99.4,,,0.7880785212781201,730.8265108005266,0.7198,729.0,157,0,0
2126,pi4b-01,2026-07-27 14:38:37.524924+00:00,30.1,66.0,,98.4,True,synth01-exertion-1,synth01,sitting,synth-post-exertion,48043.0,332.0,0.822,99.6,,,0.69104760318881,586.3825922078639,0.7384999999999999,810.0,158,0,0
2127,pi4b-01,2026-07-27 14:38:38.524924+00:00,29.5,69.0,113.4,95.8,True,synth01-exertion-1,synth01,sitting,synth-post-exertion,48368.0,361.0,0.716,99.8,,,0.7463612305656633,570.7458667782205,0.7379999999999999,325.0,159,1,0
2128,pi4b-01,2026-07-27 14:38:39.524924+00:00,26.6,65.0,112.7,96.9,True,synth01-exertion-1,synth01,sitting,synth-post-exertion,49853.0,238.0,0.69,99.8,,,0.4774035664854672,784.2809091418985,0.7356,1485.0,160,1,0
2129,pi4b-01,2026-07-27 14:38:40.524924+00:00,27.4,70.0,113.6,94.2,True,synth01-exertion-1,synth01,sitting,synth-post-exertion,50568.0,313.0,0.626,99.8,,,0.618968517639614,916.3206377197617,0.7272000000000001,715.0,161,1,0
2130,pi4b-01,2026-07-27 14:38:41.524924+00:00,27.5,71.0,110.1,97.4,True,synth01-exertion-1,synth01,sitting,synth-post-exertion,49497.0,356.0,0.743,99.6,,,0.7192355092227811,953.2379963985005,0.7306,1071.0,162,1,0
2131,pi4b-01,2026-07-27 14:38:42.524924+00:00,30.8,73.0,107.2,97.3,True,synth01-exertion-1,synth01,sitting,synth-post-exertion,50735.0,353.0,0.714,99.8,,,0.6957721494037646,1138.561670608076,0.7293000000000001,1238.0,163,1,0
2132,pi4b-01,2026-07-27 14:38:43.524924+00:00,29.1,69.0,,95.5,True,synth01-exertion-1,synth01,sitting,synth-post-exertion,50467.0,312.0,0.681,99.9,,,0.6182257712960945,1104.1428852785411,0.7233,268.0,164,0,0
2133,pi4b-01,2026-07-27 14:38:44.524924+00:00,29.1,68.0,99.6,98.2,True,synth01-exertion-1,synth01,sitting,synth-post-exertion,49209.0,387.0,0.731,99.7,,,0.7864415046028165,1019.9066460548199,0.7277,1258.0,165,1,0
2134,pi4b-01,2026-07-27 14:38:45.524924+00:00,30.6,63.0,115.1,98.2,True,synth01-exertion-1,synth01,sitting,synth-post-exertion,50507.0,471.0,0.722,99.7,,,0.9325440038014533,973.3200912342019,0.7173999999999999,1298.0,166,1,0
2135,pi4b-01,2026-07-27 14:38:46.524924+00:00,30.5,68.0,109.1,98.0,True,synth01-exertion-1,synth01,sitting,synth-post-exertion,49000.0,457.0,0.678,99.8,,,0.9326530612244899,961.657024792878,0.7122999999999999,1507.0,167,1,0
2136,pi4b-01,2026-07-27 14:38:47.524924+00:00,26.9,73.0,114.4,95.7,True,synth01-exertion-1,synth01,sitting,synth-post-exertion,48324.0,444.0,0.634,99.5,,,0.9187981127390117,913.1877986239834,0.6935,676.0,168,1,0
2137,pi4b-01,2026-07-27 14:38:48.524924+00:00,30.9,70.0,,98.2,True,synth01-exertion-1,synth01,sitting,synth-post-exertion,50425.0,475.0,0.759,99.7,,,0.9419930589985127,818.3767469816,0.6978000000000001,2101.0,169,0,0
2138,pi4b-01,2026-07-27 14:38:49.524924+00:00,26.9,62.0,113.4,96.8,True,synth01-exertion-1,synth01,sitting,synth-post-exertion,50403.0,467.0,0.769,99.4,,,0.9265321508640358,836.2525203417746,0.7057,22.0,170,1,0
2139,pi4b-01,2026-07-27 14:38:50.524924+00:00,26.4,72.0,,95.6,True,synth01-exertion-1,synth01,sitting,synth-post-exertion,50023.0,421.0,0.693,99.6,,,0.8416128580852807,806.0729219839492,0.7124,380.0,171,0,0
2140,pi4b-01,2026-07-27 14:38:51.524924+00:00,27.7,70.0,113.7,97.3,True,synth01-exertion-1,synth01,sitting,synth-post-exertion,48962.0,451.0,0.708,99.4,,,0.9211225031657203,849.3608381209447,0.7089000000000001,1061.0,172,1,0
2141,pi4b-01,2026-07-27 14:38:52.524924+00:00,27.6,66.0,116.8,96.0,True,synth01-exertion-1,synth01,sitting,synth-post-exertion,48403.0,470.0,0.709,99.8,,,0.9710141933351238,885.1828499117754,0.7083999999999999,559.0,173,1,0
2142,pi4b-01,2026-07-27 14:38:53.524924+00:00,28.1,69.0,109.2,98.1,True,synth01-exertion-1,synth01,sitting,synth-post-exertion,49718.0,465.0,0.671,99.8,,,0.9352749507220725,831.1022400002782,0.7074,1315.0,174,1,0
2143,pi4b-01,2026-07-27 14:38:54.524924+00:00,26.3,63.0,113.1,98.5,True,synth01-exertion-1,synth01,sitting,synth-post-exertion,48326.0,602.0,0.588,99.4,,,1.2457062450854612,908.4549092950946,0.6931,1392.0,175,1,0
2144,pi4b-01,2026-07-27 14:38:55.524924+00:00,28.0,70.0,112.2,96.4,True,synth01-exertion-1,synth01,sitting,synth-post-exertion,49707.0,453.0,0.641,99.7,,,0.9113404550666908,833.1315022252651,0.685,1381.0,176,1,0
2145,pi4b-01,2026-07-27 14:38:56.524924+00:00,29.9,66.0,114.1,97.7,True,synth01-exertion-1,synth01,sitting,synth-post-exertion,49355.0,624.0,0.792,99.7,,,1.2643095937594975,825.0747036885798,0.6964,352.0,177,1,0
2146,pi4b-01,2026-07-27 14:38:57.524924+00:00,30.3,70.0,107.6,97.8,True,synth01-exertion-1,synth01,sitting,synth-post-exertion,50419.0,516.0,0.667,99.7,,,1.0234237093159324,796.990373565272,0.6997,1064.0,178,1,0
2147,pi4b-01,2026-07-27 14:38:58.524924+00:00,29.8,68.0,108.1,96.5,True,synth01-exertion-1,synth01,sitting,synth-post-exertion,49838.0,605.0,0.665,99.6,,,1.2139331433845661,747.4325238962558,0.6902999999999999,581.0,179,1,0
2148,pi4b-01,2026-07-27 14:38:59.524924+00:00,27.5,64.0,111.2,98.0,True,synth01-exertion-1,synth01,sitting,synth-post-exertion,50379.0,432.0,0.696,99.5,,,0.8575001488715536,744.2977301532367,0.683,541.0,180,1,0
2149,pi4b-01,2026-07-27 14:39:00.524924+00:00,30.6,73.0,116.9,98.7,True,synth01-exertion-1,synth01,sitting,synth-post-exertion,49441.0,503.0,0.752,99.4,,,1.0173742440484619,722.4205915609366,0.6889000000000001,938.0,181,1,0
2150,pi4b-01,2026-07-27 14:39:01.524924+00:00,29.2,62.0,107.5,99.0,True,synth01-exertion-1,synth01,sitting,synth-post-exertion,50715.0,587.0,0.752,99.8,,,1.1574484866410333,798.2602541361395,0.6933,1274.0,182,1,0
2151,pi4b-01,2026-07-27 14:39:02.524924+00:00,29.5,65.0,111.1,96.2,True,synth01-exertion-1,synth01,sitting,synth-post-exertion,49696.0,502.0,0.772,99.6,,,1.0101416613007084,672.1737870522575,0.6996,1019.0,183,1,0
2152,pi4b-01,2026-07-27 14:39:03.524924+00:00,29.1,72.0,115.1,94.9,True,synth01-exertion-1,synth01,sitting,synth-post-exertion,48731.0,437.0,0.638,99.8,,,0.8967597627793397,747.2047242892438,0.6963,965.0,184,1,0
2153,pi4b-01,2026-07-27 14:39:04.524924+00:00,26.9,73.0,104.3,96.0,True,synth01-exertion-1,synth01,sitting,synth-post-exertion,48386.0,717.0,0.653,99.7,,,1.4818335882279998,735.4446954055522,0.7028,345.0,185,1,0
2154,pi4b-01,2026-07-27 14:39:05.524924+00:00,28.0,73.0,112.6,97.5,True,synth01-exertion-1,synth01,sitting,synth-post-exertion,48638.0,602.0,0.729,99.4,,,1.2377153665857972,803.4808716523789,0.7116,252.0,186,1,0
2155,pi4b-01,2026-07-27 14:39:06.524924+00:00,26.2,71.0,,93.8,True,synth01-exertion-1,synth01,sitting,synth-post-exertion,48757.0,580.0,0.739,99.5,,,1.1895727792932296,841.7586088396754,0.7062999999999999,119.0,187,0,0
2156,pi4b-01,2026-07-27 14:39:07.524924+00:00,27.7,65.0,111.9,98.8,True,synth01-exertion-1,synth01,sitting,synth-post-exertion,48985.0,664.0,0.675,99.7,,,1.355516994998469,788.2502704655577,0.7071,228.0,188,1,0
2157,pi4b-01,2026-07-27 14:39:08.524924+00:00,30.5,73.0,,97.6,True,synth01-exertion-1,synth01,sitting,synth-post-exertion,51249.0,660.0,0.631,99.5,,,1.28783000643915,985.5842091538825,0.7037,2264.0,189,0,0
2158,pi4b-01,2026-07-27 14:39:09.524924+00:00,28.5,64.0,110.5,100.0,True,synth01-exertion-1,synth01,sitting,synth-post-exertion,48853.0,588.0,0.656,99.5,,,1.2036108324974923,951.5173204473185,0.6997000000000001,2396.0,190,1,0
2159,pi4b-01,2026-07-27 14:39:10.524924+00:00,30.3,74.0,116.2,99.1,True,synth01-exertion-1,synth01,sitting,synth-post-exertion,50410.0,485.0,0.653,99.8,,,0.9621106923229518,1009.9167182386491,0.6898,1557.0,191,1,0
2160,pi4b-01,2026-07-27 14:39:11.524924+00:00,26.7,67.0,108.0,99.9,True,synth01-exertion-1,synth01,sitting,synth-post-exertion,49105.0,563.0,0.682,99.7,,,1.1465227573566847,907.5740557479555,0.6828000000000001,1305.0,192,1,0
2161,pi4b-01,2026-07-27 14:39:12.524924+00:00,28.8,63.0,,99.5,True,synth01-exertion-1,synth01,sitting,synth-post-exertion,51054.0,753.0,0.697,99.7,,,1.4749089199670935,1064.586701234139,0.6753,1949.0,193,0,0
2162,pi4b-01,2026-07-27 14:39:13.524924+00:00,27.0,71.0,105.6,95.5,True,synth01-exertion-1,synth01,sitting,synth-post-exertion,51085.0,546.0,0.661,99.8,,,1.0688068904766566,1152.7041443686276,0.6776,31.0,194,1,0
2163,pi4b-01,2026-07-27 14:39:14.524924+00:00,29.2,62.0,104.8,97.4,True,synth01-exertion-1,synth01,sitting,synth-post-exertion,49785.0,611.0,0.577,99.6,,,1.2272772923571356,1063.3905366014467,0.67,1300.0,195,1,0
2164,pi4b-01,2026-07-27 14:39:15.524924+00:00,28.7,67.0,112.2,96.1,True,synth01-exertion-1,synth01,sitting,synth-post-exertion,48787.0,573.0,0.668,99.7,,,1.1744932051571115,1046.3297759311743,0.6639,998.0,196,1,0
2165,pi4b-01,2026-07-27 14:39:16.524924+00:00,28.4,67.0,106.3,99.8,True,synth01-exertion-1,synth01,sitting,synth-post-exertion,48443.0,731.0,0.837,99.5,,,1.5089899469479595,1085.3258804003733,0.6737,344.0,197,1,0
2166,pi4b-01,2026-07-27 14:39:17.524924+00:00,27.3,64.0,111.1,94.6,True,synth01-exertion-1,synth01,sitting,synth-post-exertion,48995.0,595.0,0.737,99.8,,,1.2144096336360852,1084.5208055993933,0.6799,552.0,198,1,0
2167,pi4b-01,2026-07-27 14:39:18.524924+00:00,29.3,64.0,111.0,97.6,True,synth01-exertion-1,synth01,sitting,synth-post-exertion,49162.0,676.0,0.675,99.6,,,1.375045767055856,963.7820696495338,0.6843,167.0,199,1,0
2168,pi4b-01,2026-07-27 14:39:19.524924+00:00,26.6,74.0,116.9,94.4,True,synth01-exertion-1,synth01,sitting,synth-post-exertion,50202.0,693.0,0.653,99.5,,,1.3804230907135173,946.8605200580591,0.6839999999999999,1040.0,200,1,0
2169,pi4b-01,2026-07-27 14:39:20.524924+00:00,29.5,65.0,111.6,96.2,True,synth01-exertion-1,synth01,sitting,synth-post-exertion,49500.0,546.0,0.624,99.7,,,1.103030303030303,914.5180637303204,0.6811,702.0,201,1,0
2170,pi4b-01,2026-07-27 14:39:21.524924+00:00,28.2,65.0,104.2,100.0,True,synth01-exertion-1,synth01,sitting,synth-post-exertion,49905.0,542.0,0.554,99.5,,,1.0860635206893097,900.1363847280498,0.6683,405.0,202,1,0
2171,pi4b-01,2026-07-27 14:39:22.524924+00:00,27.2,66.0,114.0,96.5,True,synth01-exertion-1,synth01,sitting,synth-post-exertion,48809.0,479.0,0.677,99.4,,,0.9813763855026737,796.6564922642755,0.6663,1096.0,203,1,0
2172,pi4b-01,2026-07-27 14:39:23.524924+00:00,29.0,62.0,109.0,97.2,True,synth01-exertion-1,synth01,sitting,synth-post-exertion,49938.0,610.0,0.762,99.5,,,1.2215146782009694,594.885460497442,0.6764,1129.0,204,1,0
2173,pi4b-01,2026-07-27 14:39:24.524924+00:00,27.8,71.0,115.2,98.1,True,synth01-exertion-1,synth01,sitting,synth-post-exertion,48764.0,663.0,0.697,99.8,,,1.3596095480272332,600.0217125702109,0.6884,1174.0,205,1,0
2174,pi4b-01,2026-07-27 14:39:25.524924+00:00,29.4,70.0,111.5,96.8,True,synth01-exertion-1,synth01,sitting,synth-post-exertion,48392.0,496.0,0.704,99.9,,,1.0249628037692182,645.2236477034028,0.692,372.0,206,1,0
2175,pi4b-01,2026-07-27 14:39:26.524924+00:00,28.0,74.0,97.8,94.2,True,synth01-exertion-1,synth01,sitting,synth-post-exertion,49991.0,491.0,0.605,99.7,,,0.982176791822528,625.9009151261082,0.6688000000000001,1599.0,207,1,0
2176,pi4b-01,2026-07-27 14:39:27.524924+00:00,30.1,68.0,,96.8,True,synth01-exertion-1,synth01,sitting,synth-post-exertion,50665.0,472.0,0.687,99.9,,,0.9316095924208033,730.0917446155069,0.6638,674.0,208,0,0
2177,pi4b-01,2026-07-27 14:39:28.524924+00:00,26.1,72.0,113.0,96.3,True,synth01-exertion-1,synth01,sitting,synth-post-exertion,49788.0,498.0,0.723,99.4,,,1.0002410219329958,721.5532936351411,0.6686,877.0,209,1,0
2178,pi4b-01,2026-07-27 14:39:29.524924+00:00,26.7,64.0,111.8,96.9,True,synth01-exertion-1,synth01,sitting,synth-post-exertion,50960.0,519.0,0.701,99.6,,,1.0184458398744112,824.7872183513311,0.6734,1172.0,210,1,0
2179,pi4b-01,2026-07-27 14:39:30.524924+00:00,28.0,74.0,,97.6,True,synth01-exertion-1,synth01,sitting,synth-post-exertion,48778.0,389.0,0.519,99.7,,,0.7974906720242733,871.7054803341599,0.6629,2182.0,211,0,0
2180,pi4b-01,2026-07-27 14:39:31.524924+00:00,28.1,73.0,109.8,96.1,True,synth01-exertion-1,synth01,sitting,synth-post-exertion,50006.0,412.0,0.63,99.5,,,0.8239011318641764,876.218320080452,0.6705,1228.0,212,1,0
2181,pi4b-01,2026-07-27 14:39:32.524924+00:00,27.3,73.0,117.3,96.8,True,synth01-exertion-1,synth01,sitting,synth-post-exertion,50308.0,424.0,0.765,99.4,,,0.8428083008666614,852.0190399542868,0.6793,302.0,213,1,0
2182,pi4b-01,2026-07-27 14:39:33.524924+00:00,28.9,63.0,107.7,97.6,True,synth01-exertion-1,synth01,sitting,synth-post-exertion,50375.0,377.0,0.771,99.5,,,0.7483870967741936,873.1644938575533,0.6801999999999999,67.0,214,1,0
2183,pi4b-01,2026-07-27 14:39:34.524924+00:00,30.2,72.0,117.9,100.0,True,synth01-exertion-1,synth01,sitting,synth-post-exertion,49755.0,417.0,0.498,99.7,,,0.8381067229424178,794.9084922878253,0.6603,620.0,215,1,0
2184,pi4b-01,2026-07-27 14:39:35.524924+00:00,30.0,68.0,,96.7,True,synth01-exertion-1,synth01,sitting,synth-post-exertion,49849.0,379.0,0.383,99.5,,,0.7602960942044976,596.0912029399763,0.6282,94.0,216,0,0
2185,pi4b-01,2026-07-27 14:39:36.524924+00:00,29.7,71.0,116.7,98.8,True,synth01-exertion-1,synth01,sitting,synth-post-exertion,48982.0,267.0,0.525,99.5,,,0.5450981993385325,685.4205845887426,0.6202,867.0,217,1,0
2186,pi4b-01,2026-07-27 14:39:37.524924+00:00,29.2,64.0,109.1,95.3,True,synth01-exertion-1,synth01,sitting,synth-post-exertion,50519.0,337.0,0.671,99.4,,,0.6670757536768345,669.7946617352837,0.6186,1537.0,218,1,0
2187,pi4b-01,2026-07-27 14:39:38.524924+00:00,27.2,70.0,108.7,94.7,True,synth01-exertion-1,synth01,sitting,synth-post-exertion,49125.0,383.0,0.577,99.6,,,0.7796437659033079,716.796895144696,0.6039999999999999,1394.0,219,1,0
2188,pi4b-01,2026-07-27 14:39:39.524924+00:00,28.6,73.0,108.9,95.5,True,synth01-exertion-1,synth01,sitting,synth-post-exertion,49808.0,307.0,0.63,99.8,,,0.6163668486990042,605.2828998815878,0.5969,683.0,220,1,0
2189,pi4b-01,2026-07-27 14:39:40.524924+00:00,29.5,73.0,,98.8,True,synth01-exertion-1,synth01,sitting,synth-post-exertion,51121.0,328.0,0.635,99.8,,,0.6416149918820054,639.5185341768878,0.6085,1313.0,221,0,0
2190,pi4b-01,2026-07-27 14:39:41.524924+00:00,28.4,64.0,97.1,97.4,True,synth01-exertion-1,synth01,sitting,synth-post-exertion,50525.0,425.0,0.643,99.9,,,0.8411677387431964,662.0914757210118,0.6098,596.0,222,1,0
2191,pi4b-01,2026-07-27 14:39:42.524924+00:00,29.8,65.0,109.4,100.0,True,synth01-exertion-1,synth01,sitting,synth-post-exertion,50513.0,435.0,0.712,99.7,,,0.8611644527151426,674.4826494763608,0.6045,12.0,223,1,0
2192,pi4b-01,2026-07-27 14:39:43.524924+00:00,29.5,62.0,,95.9,True,synth01-exertion-1,synth01,sitting,synth-post-exertion,48805.0,483.0,0.687,99.6,,,0.989652699518492,768.4659755355124,0.5961000000000001,1708.0,224,0,0
2193,pi4b-01,2026-07-27 14:39:44.524924+00:00,30.2,68.0,109.1,94.5,True,synth01-exertion-1,synth01,sitting,synth-post-exertion,50297.0,494.0,0.681,99.6,,,0.9821659343499612,776.162239626754,0.6144000000000001,1492.0,225,1,0
2194,pi4b-01,2026-07-27 14:39:45.524924+00:00,29.3,65.0,113.0,99.7,True,synth01-exertion-1,synth01,sitting,synth-post-exertion,48697.0,434.0,0.686,99.7,,,0.891225332155985,872.9952017178607,0.6447,1600.0,226,1,0
2195,pi4b-01,2026-07-27 14:39:46.524924+00:00,26.7,71.0,107.2,99.8,True,synth01-exertion-1,synth01,sitting,synth-post-exertion,50845.0,425.0,0.594,99.7,,,0.8358737338971384,868.5140886723854,0.6516,2148.0,227,1,0
2196,pi4b-01,2026-07-27 14:39:47.524924+00:00,29.4,62.0,111.0,99.4,True,synth01-exertion-1,synth01,sitting,synth-post-exertion,50050.0,543.0,0.8,99.7,,,1.0849150849150848,851.3983530379618,0.6645000000000001,795.0,228,1,0
2197,pi4b-01,2026-07-27 14:39:48.524924+00:00,29.1,72.0,,94.5,True,synth01-exertion-1,synth01,sitting,synth-post-exertion,48879.0,409.0,0.678,99.5,,,0.8367601628511221,881.8130313294415,0.6746,1171.0,229,0,0
2198,pi4b-01,2026-07-27 14:39:49.524924+00:00,29.5,63.0,114.0,98.3,True,synth01-exertion-1,synth01,sitting,synth-post-exertion,48683.0,425.0,0.777,99.6,,,0.8729946798677156,969.8745909767971,0.6893,196.0,230,1,0
2199,pi4b-01,2026-07-27 14:39:50.524924+00:00,28.9,63.0,113.7,95.5,True,synth01-exertion-1,synth01,sitting,synth-post-exertion,49783.0,570.0,0.638,99.6,,,1.1449691661812265,859.7924878843723,0.6896,1100.0,231,1,0
2200,pi4b-01,2026-07-27 14:39:51.524924+00:00,29.2,71.0,107.6,97.6,True,synth01-exertion-1,synth01,sitting,synth-post-exertion,49251.0,501.0,0.725,99.8,,,1.0172382286654078,818.6354567884758,0.6978000000000001,532.0,232,1,0
2201,pi4b-01,2026-07-27 14:39:52.524924+00:00,29.2,63.0,,97.5,True,synth01-exertion-1,synth01,sitting,synth-post-exertion,50564.0,620.0,0.64,99.5,,,1.2261688157582469,825.2240369204457,0.6906000000000001,1313.0,233,0,0
2202,pi4b-01,2026-07-27 14:39:53.524924+00:00,29.8,73.0,112.2,95.6,True,synth01-exertion-1,synth01,sitting,synth-post-exertion,48319.0,486.0,0.705,99.8,,,1.0058155177052506,888.1990267452858,0.6924,2245.0,234,1,0
2203,pi4b-01,2026-07-27 14:39:54.524924+00:00,27.2,70.0,,98.1,True,synth01-exertion-1,synth01,sitting,synth-post-exertion,51013.0,427.0,0.651,99.8,,,0.8370415384313802,980.3669607743554,0.6894,2694.0,235,0,0
2204,pi4b-01,2026-07-27 14:39:55.524924+00:00,27.8,66.0,115.4,97.1,True,synth01-exertion-1,synth01,sitting,synth-post-exertion,50172.0,451.0,0.709,99.9,,,0.8989077573148369,938.0539489343315,0.6917,841.0,236,1,0
2205,pi4b-01,2026-07-27 14:39:56.524924+00:00,30.7,70.0,114.2,98.4,True,synth01-exertion-1,synth01,sitting,synth-post-exertion,48694.0,349.0,0.639,99.6,,,0.7167207458824496,906.6617401827833,0.6961999999999999,1478.0,237,1,0
2206,pi4b-01,2026-07-27 14:39:57.524924+00:00,29.3,63.0,123.3,94.8,True,synth01-exertion-1,synth01,sitting,synth-post-exertion,50013.0,464.0,0.649,99.4,,,0.9277587827164937,904.4255942617488,0.6811,1319.0,238,1,0
2207,pi4b-01,2026-07-27 14:39:58.524924+00:00,27.4,66.0,117.6,100.0,True,synth01-exertion-1,synth01,sitting,synth-post-exertion,50196.0,462.0,0.725,99.6,,,0.9203920631125986,893.773249891938,0.6858000000000001,183.0,239,1,0
2208,pi4b-01,2026-07-27 14:39:59.524924+00:00,30.8,72.0,113.0,97.9,True,synth01-exertion-1,synth01,sitting,synth-post-exertion,48940.0,418.0,0.79,99.8,,,0.8541070698814875,865.5260763772894,0.6871,1256.0,240,1,0
2209,pi4b-01,2026-07-27 14:40:00.524924+00:00,29.4,71.0,113.3,97.3,True,synth01-exertion-1,synth01,sitting,synth-post-exertion,50369.0,512.0,0.791,99.5,,,1.0164982429669043,891.6275318515783,0.7024,1429.0,241,1,0
2210,pi4b-01,2026-07-27 14:40:01.524924+00:00,30.2,65.0,116.7,96.4,True,synth01-exertion-1,synth01,sitting,synth-post-exertion,48478.0,317.0,0.639,99.9,,,0.6539048640620487,970.0526675278784,0.6938,1891.0,242,1,0
2211,pi4b-01,2026-07-27 14:40:02.524924+00:00,27.2,73.0,115.0,95.1,True,synth01-exertion-1,synth01,sitting,synth-post-exertion,49078.0,266.0,0.608,99.6,,,0.5419943762989526,931.9433459176375,0.6906,600.0,243,1,0
2212,pi4b-01,2026-07-27 14:40:03.524924+00:00,27.3,65.0,116.3,95.1,True,synth01-exertion-1,synth01,sitting,synth-post-exertion,49197.0,313.0,0.826,99.6,,,0.6362176555481025,842.5399430031343,0.7027,119.0,244,1,0
2213,pi4b-01,2026-07-27 14:40:04.524924+00:00,27.9,73.0,117.5,97.3,True,synth01-exertion-1,synth01,sitting,synth-post-exertion,48961.0,265.0,0.727,99.7,,,0.5412471150507547,702.4642023304167,0.7102999999999999,236.0,245,1,0
2214,pi4b-01,2026-07-27 14:40:05.524924+00:00,27.2,65.0,114.4,97.1,True,synth01-exertion-1,synth01,sitting,synth-post-exertion,48694.0,271.0,0.684,99.4,,,0.5565367396393807,679.3850160256272,0.7078,267.0,246,1,0
2215,pi4b-01,2026-07-27 14:40:06.524924+00:00,30.0,69.0,114.1,97.3,True,synth01-exertion-1,synth01,sitting,synth-post-exertion,49976.0,304.0,0.661,99.6,,,0.6082919801504721,681.2484943919235,0.7100000000000001,1282.0,247,1,0
2216,pi4b-01,2026-07-27 14:40:07.524924+00:00,27.8,68.0,115.5,99.2,True,synth01-exertion-1,synth01,sitting,synth-post-exertion,48221.0,316.0,0.775,99.6,,,0.6553161485659774,732.9482322178355,0.7226,1755.0,248,1,0
2217,pi4b-01,2026-07-27 14:40:08.524924+00:00,30.7,72.0,110.9,96.4,True,synth01-exertion-1,synth01,sitting,synth-post-exertion,50554.0,325.0,0.673,99.4,,,0.6428769236855639,792.711633151346,0.7173999999999999,2333.0,249,1,0
2218,pi4b-01,2026-07-27 14:40:09.524924+00:00,30.6,70.0,119.3,98.5,True,synth01-exertion-1,synth01,sitting,synth-post-exertion,51063.0,301.0,0.716,99.4,,,0.5894679121869063,966.6246485121633,0.71,509.0,250,1,0
2219,pi4b-01,2026-07-27 14:40:10.524924+00:00,28.4,74.0,119.2,96.8,True,synth01-exertion-1,synth01,sitting,synth-post-exertion,48318.0,374.0,0.534,99.5,,,0.7740386605405853,969.6964015150573,0.6843,2745.0,251,1,0
2220,pi4b-01,2026-07-27 14:40:11.524924+00:00,28.6,70.0,118.8,97.9,True,synth01-exertion-1,synth01,sitting,synth-post-exertion,50938.0,389.0,0.775,99.6,,,0.7636734854136401,1058.8946018267984,0.6979,2620.0,252,1,0
2221,pi4b-01,2026-07-27 14:40:12.524924+00:00,29.6,69.0,,98.2,True,synth01-exertion-1,synth01,sitting,synth-post-exertion,49088.0,469.0,0.635,99.4,,,0.9554269882659714,1058.4564232882506,0.7006,1850.0,253,0,0
2222,pi4b-01,2026-07-27 14:40:13.524924+00:00,27.5,73.0,,96.8,True,synth01-exertion-1,synth01,sitting,synth-post-exertion,50316.0,464.0,0.664,99.9,,,0.9221718737578504,1081.642932456685,0.6844,1228.0,254,0,0
2223,pi4b-01,2026-07-27 14:40:14.524924+00:00,27.6,73.0,117.2,98.2,True,synth01-exertion-1,synth01,sitting,synth-post-exertion,50057.0,385.0,0.605,99.8,,,0.7691231995525102,1063.6254823324032,0.6722,259.0,255,1,0
2224,pi4b-01,2026-07-27 14:40:15.524924+00:00,26.7,64.0,122.8,95.5,True,synth01-exertion-1,synth01,sitting,synth-post-exertion,48100.0,380.0,0.732,99.6,,,0.7900207900207901,1141.2032100668282,0.677,1957.0,256,1,0
2225,pi4b-01,2026-07-27 14:40:16.524924+00:00,29.0,63.0,108.1,96.3,True,synth01-exertion-1,synth01,sitting,synth-post-exertion,50792.0,306.0,0.701,99.5,,,0.6024570798550952,1194.01405631041,0.6809999999999999,2692.0,257,1,0
2226,pi4b-01,2026-07-27 14:40:17.524924+00:00,27.5,64.0,104.4,92.7,True,synth01-exertion-1,synth01,sitting,synth-post-exertion,50761.0,280.0,0.635,99.9,,,0.551604578318,1100.357017820515,0.667,31.0,258,1,0
2227,pi4b-01,2026-07-27 14:40:18.524924+00:00,28.6,68.0,117.6,97.7,True,synth01-exertion-1,synth01,sitting,synth-post-exertion,50745.0,381.0,0.609,99.6,,,0.750812887969258,1112.655861741113,0.6606,16.0,259,1,0
2228,pi4b-01,2026-07-27 14:40:19.524924+00:00,27.1,69.0,105.4,96.8,True,synth01-exertion-1,synth01,sitting,synth-post-exertion,51207.0,324.0,0.665,99.7,,,0.6327259944929404,1128.5047924873247,0.6555,462.0,260,1,0
2229,pi4b-01,2026-07-27 14:40:20.524924+00:00,27.1,63.0,,97.1,True,synth01-exertion-1,synth01,sitting,synth-post-exertion,48817.0,302.0,0.686,99.8,,,0.6186369502427432,1052.776060391539,0.6707000000000001,2390.0,261,0,0
2230,pi4b-01,2026-07-27 14:40:21.524924+00:00,29.0,70.0,108.6,98.4,True,synth01-exertion-1,synth01,sitting,synth-post-exertion,50424.0,359.0,0.571,99.6,,,0.7119625575122958,1018.3291380165476,0.6503,1607.0,262,1,0
2231,pi4b-01,2026-07-27 14:40:22.524924+00:00,28.8,67.0,106.8,95.9,True,synth01-exertion-1,synth01,sitting,synth-post-exertion,50611.0,391.0,0.819,99.6,,,0.7725593250479145,974.6258541387871,0.6687000000000001,187.0,263,1,0
2232,pi4b-01,2026-07-27 14:40:23.524924+00:00,27.1,68.0,117.9,100.0,True,synth01-exertion-1,synth01,sitting,synth-post-exertion,48768.0,283.0,0.774,99.6,,,0.5802985564304461,1069.4736815629212,0.6797,1843.0,264,1,0
2233,pi4b-01,2026-07-27 14:40:24.524924+00:00,30.8,63.0,118.8,96.6,True,synth01-exertion-1,synth01,sitting,synth-post-exertion,50821.0,305.0,0.549,99.4,,,0.600145609098601,1098.6506066788268,0.6740999999999999,2053.0,265,1,0
2234,pi4b-01,2026-07-27 14:40:25.524924+00:00,30.6,65.0,116.3,96.4,True,synth01-exertion-1,synth01,sitting,synth-post-exertion,51571.0,291.0,0.806,99.7,,,0.5642706172073452,930.377587625464,0.6815,750.0,266,1,0
2235,pi4b-01,2026-07-27 14:40:26.524924+00:00,28.4,70.0,116.3,95.3,True,synth01-exertion-1,synth01,sitting,synth-post-exertion,49784.0,333.0,0.557,99.5,,,0.6688896030853286,943.9182462246243,0.6671,1787.0,267,1,0
2236,pi4b-01,2026-07-27 14:40:27.524924+00:00,26.4,73.0,111.2,96.4,True,synth01-exertion-1,synth01,sitting,synth-post-exertion,51620.0,298.0,0.516,99.4,,,0.5772956218519953,1021.2998036272757,0.6552,1836.0,268,1,0
2237,pi4b-01,2026-07-27 14:40:28.524924+00:00,27.5,71.0,111.2,94.4,True,synth01-exertion-1,synth01,sitting,synth-post-exertion,51394.0,240.0,0.536,99.5,,,0.4669805813908239,1062.8370890112963,0.6479,226.0,269,1,0
2238,pi4b-01,2026-07-27 14:40:29.524924+00:00,30.6,68.0,118.6,96.8,True,synth01-exertion-1,synth01,sitting,synth-post-exertion,52509.0,198.0,0.599,99.8,,,0.3770782151631149,1226.0545982043443,0.6413,1115.0,270,1,0
2239,pi4b-01,2026-07-27 14:40:30.524924+00:00,30.9,65.0,,96.8,True,synth01-exertion-1,synth01,sitting,synth-post-exertion,52408.0,266.0,0.601,99.6,,,0.5075560983056022,1159.503246126566,0.6327999999999999,101.0,271,0,0
2240,pi4b-01,2026-07-27 14:40:31.524924+00:00,30.8,63.0,110.3,95.4,True,synth01-exertion-1,synth01,sitting,synth-post-exertion,51711.0,223.0,0.528,99.4,,,0.4312428690220649,1161.000722557077,0.6285000000000001,697.0,272,1,0
2241,pi4b-01,2026-07-27 14:40:32.524924+00:00,26.3,63.0,,94.6,True,synth01-exertion-1,synth01,sitting,synth-post-exertion,49872.0,212.0,0.61,99.8,,,0.425088225858197,1219.0466037943308,0.6076,1839.0,273,0,0
2242,pi4b-01,2026-07-27 14:40:33.524924+00:00,27.6,66.0,114.9,95.0,True,synth01-exertion-1,synth01,sitting,synth-post-exertion,51348.0,233.0,0.558,99.7,,,0.4537664563371504,919.6607828736899,0.5860000000000001,1476.0,274,1,0
2243,pi4b-01,2026-07-27 14:40:34.524924+00:00,30.1,72.0,116.2,98.0,True,synth01-exertion-1,synth01,sitting,synth-post-exertion,50385.0,314.0,0.535,99.8,,,0.6232013496080183,954.7583522082434,0.5846,963.0,275,1,0
2244,pi4b-01,2026-07-27 14:40:35.524924+00:00,28.7,69.0,,96.2,True,synth01-exertion-1,synth01,sitting,synth-post-exertion,49381.0,218.0,0.329,99.8,,,0.44146534092059697,1113.5158333456154,0.5369,1004.0,276,0,0
2245,pi4b-01,2026-07-27 14:40:36.524924+00:00,27.6,70.0,114.2,93.8,True,synth01-exertion-1,synth01,sitting,synth-post-exertion,48940.0,315.0,0.459,99.9,,,0.6436452799346138,1243.7628212628874,0.5271,441.0,277,1,0
2246,pi4b-01,2026-07-27 14:40:37.524924+00:00,26.5,63.0,114.2,96.1,True,synth01-exertion-1,synth01,sitting,synth-post-exertion,50278.0,255.0,0.477,99.6,,,0.5071800787620828,1236.6330813050522,0.5232,1338.0,278,1,0
2247,pi4b-01,2026-07-27 14:40:38.524924+00:00,26.5,67.0,111.5,97.7,True,synth01-exertion-1,synth01,sitting,synth-post-exertion,51035.0,327.0,0.591,99.7,,,0.6407367492897031,1223.3415122343401,0.5287,757.0,279,1,0
2248,pi4b-01,2026-07-27 14:40:39.524924+00:00,27.8,64.0,101.7,97.8,True,synth01-exertion-1,synth01,sitting,synth-post-exertion,51614.0,310.0,0.544,99.7,,,0.6006122369899639,1110.909817322028,0.5232,579.0,280,1,0
2249,pi4b-01,2026-07-27 14:40:40.524924+00:00,27.7,64.0,110.1,97.5,True,synth01-exertion-1,synth01,sitting,synth-post-exertion,49385.0,346.0,0.514,99.5,,,0.7006175964361648,999.3478373420397,0.5145000000000001,2229.0,281,1,0
2250,pi4b-01,2026-07-27 14:40:41.524924+00:00,26.5,72.0,,96.7,True,synth01-exertion-1,synth01,sitting,synth-post-exertion,50546.0,341.0,0.747,99.7,,,0.6746330075574724,890.8955793658056,0.5364,1161.0,282,0,0
2251,pi4b-01,2026-07-27 14:40:42.524924+00:00,30.0,68.0,109.9,97.9,True,synth01-exertion-1,synth01,sitting,synth-post-exertion,49801.0,419.0,0.673,99.6,,,0.8413485672978455,894.7687534902092,0.5427,745.0,283,1,0
2252,pi4b-01,2026-07-27 14:40:43.524924+00:00,30.1,67.0,117.5,96.7,True,synth01-exertion-1,synth01,sitting,synth-post-exertion,51012.0,404.0,0.58,99.8,,,0.7919705167411589,855.2818963490455,0.5448999999999999,1211.0,284,1,0
2253,pi4b-01,2026-07-27 14:40:44.524924+00:00,29.9,65.0,114.6,94.6,True,synth01-exertion-1,synth01,sitting,synth-post-exertion,51280.0,422.0,0.567,99.6,,,0.8229329173166927,917.0092450764935,0.5481,268.0,285,1,0
2254,pi4b-01,2026-07-27 14:40:45.524924+00:00,28.4,66.0,115.1,95.4,True,synth01-exertion-1,synth01,sitting,synth-post-exertion,49883.0,359.0,0.601,99.4,,,0.7196840607020428,872.0966052503004,0.5753,1397.0,286,1,0
2255,pi4b-01,2026-07-27 14:40:46.524924+00:00,30.1,63.0,118.1,97.1,True,synth01-exertion-1,synth01,sitting,synth-post-exertion,52163.0,335.0,0.552,99.4,,,0.6422176638613577,877.3981802277118,0.5846,2280.0,287,1,0
2256,pi4b-01,2026-07-27 14:40:47.524924+00:00,29.9,68.0,114.1,94.3,True,synth01-exertion-1,synth01,sitting,synth-post-exertion,49437.0,412.0,0.634,99.5,,,0.8333839027449077,958.8361231781679,0.6003000000000001,2726.0,288,1,0
2257,pi4b-01,2026-07-27 14:40:48.524924+00:00,27.5,67.0,109.0,94.8,True,synth01-exertion-1,synth01,sitting,synth-post-exertion,52360.0,379.0,0.682,99.8,,,0.7238349885408709,1103.8202802591318,0.6093999999999999,2923.0,289,1,0
2258,pi4b-01,2026-07-27 14:40:49.524924+00:00,27.2,72.0,115.6,95.1,True,synth01-exertion-1,synth01,sitting,synth-post-exertion,52068.0,346.0,0.654,99.5,,,0.6645156334024737,1151.6902795457813,0.6204000000000001,292.0,290,1,0
2259,pi4b-01,2026-07-27 14:40:50.524924+00:00,27.9,73.0,,95.1,True,synth01-exertion-1,synth01,sitting,synth-post-exertion,51269.0,318.0,0.652,99.9,,,0.6202578556242564,1044.8177353013546,0.6342000000000001,799.0,291,0,0
2260,pi4b-01,2026-07-27 14:40:51.524924+00:00,27.6,67.0,,99.7,True,synth01-exertion-1,synth01,sitting,synth-post-exertion,50451.0,172.0,0.492,99.7,,,0.34092485778279913,1049.6422882742406,0.6087,818.0,292,0,0
2261,pi4b-01,2026-07-27 14:40:52.524924+00:00,30.9,64.0,116.5,97.6,True,synth01-exertion-1,synth01,sitting,synth-post-exertion,51868.0,173.0,0.512,99.8,,,0.33353898357368705,995.4570642006261,0.5926,1417.0,293,1,0
2262,pi4b-01,2026-07-27 14:40:53.524924+00:00,27.9,63.0,117.7,96.5,True,synth01-exertion-1,synth01,sitting,synth-post-exertion,51691.0,170.0,0.384,99.6,,,0.3288773674334023,1005.8952894479621,0.5730000000000001,177.0,294,1,0
2263,pi4b-01,2026-07-27 14:40:54.524924+00:00,29.4,69.0,113.7,94.8,True,synth01-exertion-1,synth01,sitting,synth-post-exertion,51820.0,179.0,0.363,99.4,,,0.3454264762639907,1022.2256763227982,0.5526,129.0,295,1,0
2264,pi4b-01,2026-07-27 14:40:55.524924+00:00,27.4,67.0,113.2,92.5,True,synth01-exertion-1,synth01,sitting,synth-post-exertion,53154.0,184.0,0.612,99.6,,,0.34616397637054597,1041.230516691272,0.5537,1334.0,296,1,0
2265,pi4b-01,2026-07-27 14:40:56.524924+00:00,30.5,67.0,118.1,93.9,True,synth01-exertion-1,synth01,sitting,synth-post-exertion,52232.0,201.0,0.617,99.5,,,0.38482156532393935,1045.389347989147,0.5602,922.0,297,1,0
2266,pi4b-01,2026-07-27 14:40:57.524924+00:00,28.1,64.0,107.5,96.3,True,synth01-exertion-1,synth01,sitting,synth-post-exertion,53414.0,200.0,0.652,99.9,,,0.3744336690755233,855.5397321770849,0.562,1182.0,298,1,0
2267,pi4b-01,2026-07-27 14:40:58.524924+00:00,29.8,65.0,114.8,95.4,True,synth01-exertion-1,synth01,sitting,synth-post-exertion,51969.0,170.0,0.679,99.7,,,0.32711808963035655,847.819320374514,0.5617000000000001,1445.0,299,1,0
2268,pi4b-01,2026-07-27 14:40:59.524924+00:00,27.1,67.0,114.5,97.0,True,synth01-exertion-1,synth01,sitting,synth-post-exertion,52465.0,260.0,0.556,99.4,,,0.4955684742209092,860.8845644647362,0.5519000000000001,496.0,300,1,0
2269,pi4b-01,2026-07-27 14:41:00.524924+00:00,30.7,62.0,,96.9,True,synth01-exertion-1,synth01,sitting,synth-post-exertion,51269.0,223.0,0.487,99.4,,,0.4349606974975131,860.8845644647362,0.5354000000000001,1196.0,301,0,0
2270,pi4b-01,2026-07-27 14:41:01.524924+00:00,31.0,69.0,108.3,97.6,True,synth01-exertion-1,synth01,sitting,synth-post-exertion,52074.0,245.0,0.532,99.7,,,0.4704843107884933,658.6746288320063,0.5394,805.0,302,1,0
2271,pi4b-01,2026-07-27 14:41:02.524924+00:00,29.7,73.0,107.6,95.9,True,synth01-exertion-1,synth01,sitting,synth-post-exertion,50501.0,223.0,0.469,99.7,,,0.4415754143482308,848.6688203692715,0.5351,1573.0,303,1,0
2272,pi4b-01,2026-07-27 14:41:03.524924+00:00,26.9,65.0,107.8,98.8,True,synth01-exertion-1,synth01,sitting,synth-post-exertion,52425.0,251.0,0.569,99.7,,,0.4787792083929423,845.0478027243186,0.5536,1924.0,304,1,0
2273,pi4b-01,2026-07-27 14:41:04.524924+00:00,27.5,72.0,107.0,96.6,True,synth01-exertion-1,synth01,sitting,synth-post-exertion,50364.0,304.0,0.67,99.8,,,0.6036057501389882,1013.482012119203,0.5843,2061.0,305,1,0
2274,pi4b-01,2026-07-27 14:41:05.524924+00:00,28.9,69.0,,98.1,True,synth01-exertion-1,synth01,sitting,synth-post-exertion,50878.0,336.0,0.59,99.8,,,0.6604033177404772,977.1228115693401,0.5821,514.0,306,0,0
2275,pi4b-01,2026-07-27 14:41:06.524924+00:00,28.9,68.0,106.9,98.4,True,synth01-exertion-1,synth01,sitting,synth-post-exertion,52260.0,266.0,0.537,99.6,,,0.5089934940681209,978.6673989553659,0.5740999999999999,1382.0,307,1,0
2276,pi4b-01,2026-07-27 16:35:59.855454+00:00,31.0,73.0,,,True,synth01-exertion-2,synth01,sitting,synth-post-exertion,50561.0,602.0,0.49,99.5,,,1.190641007891458,0.0,0.49,0.0,0,0,0
2277,pi4b-01,2026-07-27 16:36:00.855454+00:00,26.8,73.0,,,True,synth01-exertion-2,synth01,sitting,synth-post-exertion,50232.0,672.0,0.457,99.7,,,1.3377926421404682,232.63813101037414,0.47350000000000003,329.0,1,0,0
2278,pi4b-01,2026-07-27 16:36:01.855454+00:00,30.1,70.0,128.2,94.4,True,synth01-exertion-2,synth01,sitting,synth-post-exertion,50958.0,334.0,0.464,99.7,,,0.6554417363318812,363.5303747052425,0.4703333333333333,726.0,2,1,0
2279,pi4b-01,2026-07-27 16:36:02.855454+00:00,30.9,67.0,,94.1,True,synth01-exertion-2,synth01,sitting,synth-post-exertion,52435.0,779.0,0.504,99.5,,,1.485648898636407,972.0913880220667,0.47875,1477.0,3,0,0
2280,pi4b-01,2026-07-27 16:36:03.855454+00:00,30.9,65.0,122.6,90.3,True,synth01-exertion-2,synth01,sitting,synth-post-exertion,51881.0,1209.0,0.519,99.8,,,2.3303328771611955,920.8687745819167,0.4868,554.0,4,1,0
2281,pi4b-01,2026-07-27 16:36:04.855454+00:00,26.1,67.0,121.3,91.9,True,synth01-exertion-2,synth01,sitting,synth-post-exertion,50494.0,1393.0,0.486,99.7,,,2.758743613102547,874.4458245083001,0.48666666666666664,1387.0,5,1,0
2282,pi4b-01,2026-07-27 16:36:05.855454+00:00,27.9,71.0,125.9,92.8,True,synth01-exertion-2,synth01,sitting,synth-post-exertion,50799.0,1628.0,0.467,99.7,,,3.2047874958168467,805.9794987348953,0.4838571428571429,305.0,6,1,0
2283,pi4b-01,2026-07-27 16:36:06.855454+00:00,26.0,70.0,127.0,93.3,True,synth01-exertion-2,synth01,sitting,synth-post-exertion,52130.0,1449.0,0.36,99.4,,,2.7795894878189142,837.9839326792442,0.468375,1331.0,7,1,0
2284,pi4b-01,2026-07-27 16:36:07.855454+00:00,28.5,74.0,117.9,94.5,True,synth01-exertion-2,synth01,sitting,synth-post-exertion,51523.0,488.0,0.549,99.8,,,0.947149816586767,791.8585732313571,0.4773333333333334,607.0,8,1,0
2285,pi4b-01,2026-07-27 16:36:08.855454+00:00,28.6,68.0,125.0,94.1,True,synth01-exertion-2,synth01,sitting,synth-post-exertion,50888.0,402.0,0.698,99.6,,,0.7899701304826287,754.0796377041355,0.49939999999999996,635.0,9,1,0
2286,pi4b-01,2026-07-27 16:36:09.855454+00:00,29.6,70.0,121.9,99.7,True,synth01-exertion-2,synth01,sitting,synth-post-exertion,51203.0,378.0,0.752,99.7,,,0.7382379938675468,721.1802132615678,0.5256000000000001,315.0,10,1,0
2287,pi4b-01,2026-07-27 16:36:10.855454+00:00,29.0,64.0,,98.8,True,synth01-exertion-2,synth01,sitting,synth-post-exertion,49994.0,301.0,0.712,99.9,,,0.6020722486698404,761.4680630933324,0.5511,1209.0,11,0,0
2288,pi4b-01,2026-07-27 16:36:11.855454+00:00,30.5,67.0,118.6,99.8,True,synth01-exertion-2,synth01,sitting,synth-post-exertion,50494.0,344.0,0.635,99.6,,,0.6812690616706936,793.3857755776124,0.5682,500.0,12,1,0
2289,pi4b-01,2026-07-27 16:36:12.855454+00:00,30.4,70.0,121.9,96.8,True,synth01-exertion-2,synth01,sitting,synth-post-exertion,51698.0,329.0,0.738,99.7,,,0.6363882548647917,692.0319838466053,0.5916,1204.0,13,1,0
2290,pi4b-01,2026-07-27 16:36:13.855454+00:00,30.8,64.0,113.6,98.5,True,synth01-exertion-2,synth01,sitting,synth-post-exertion,51021.0,357.0,0.779,99.5,,,0.6997118833421533,636.865797829062,0.6176,677.0,14,1,0
2291,pi4b-01,2026-07-27 16:36:14.855454+00:00,27.8,71.0,,97.3,True,synth01-exertion-2,synth01,sitting,synth-post-exertion,50998.0,432.0,0.674,99.4,,,0.8470920428252088,609.5857974431874,0.6364,23.0,15,0,0
2292,pi4b-01,2026-07-27 16:36:15.855454+00:00,28.9,64.0,113.5,99.6,True,synth01-exertion-2,synth01,sitting,synth-post-exertion,52040.0,330.0,0.725,99.4,,,0.6341275941583397,670.4800021874876,0.6622,1042.0,16,1,0
2293,pi4b-01,2026-07-27 16:36:16.855454+00:00,27.7,70.0,117.0,98.6,True,synth01-exertion-2,synth01,sitting,synth-post-exertion,50320.0,445.0,0.663,99.5,,,0.8843402225755167,634.5426086735432,0.6925,1720.0,17,1,0
2294,pi4b-01,2026-07-27 16:36:17.855454+00:00,30.2,65.0,115.4,99.6,True,synth01-exertion-2,synth01,sitting,synth-post-exertion,52047.0,329.0,0.731,99.5,,,0.6321209675869887,699.2267236820351,0.7106999999999999,1727.0,18,1,0
2295,pi4b-01,2026-07-27 16:36:18.855454+00:00,26.1,70.0,117.9,95.4,True,synth01-exertion-2,synth01,sitting,synth-post-exertion,51526.0,404.0,0.768,99.7,,,0.784070178162481,709.7720213013629,0.7177,521.0,19,1,0
2296,pi4b-01,2026-07-27 16:36:19.855454+00:00,28.7,65.0,120.7,100.0,True,synth01-exertion-2,synth01,sitting,synth-post-exertion,51114.0,425.0,0.709,99.4,,,0.8314747427319324,709.3699551949842,0.7134,412.0,20,1,0
2297,pi4b-01,2026-07-27 16:36:20.855454+00:00,27.3,63.0,121.9,98.2,True,synth01-exertion-2,synth01,sitting,synth-post-exertion,52046.0,388.0,0.772,99.9,,,0.7454943703646774,639.1000964898436,0.7194,932.0,21,1,0
2298,pi4b-01,2026-07-27 16:36:21.855454+00:00,26.3,70.0,104.3,99.9,True,synth01-exertion-2,synth01,sitting,synth-post-exertion,51693.0,388.0,0.749,99.6,,,0.7505851856150736,573.894502500233,0.7308,353.0,22,1,0
2299,pi4b-01,2026-07-27 16:36:22.855454+00:00,26.2,71.0,119.1,95.5,True,synth01-exertion-2,synth01,sitting,synth-post-exertion,49554.0,398.0,0.704,99.8,,,0.8031642248859829,819.1539605660884,0.7274,2139.0,23,1,0
2300,pi4b-01,2026-07-27 16:36:23.855454+00:00,26.6,65.0,122.9,99.7,True,synth01-exertion-2,synth01,sitting,synth-post-exertion,52215.0,373.0,0.734,99.6,,,0.7143541128028345,869.8026659983119,0.7228999999999999,2661.0,24,1,0
2301,pi4b-01,2026-07-27 16:36:24.855454+00:00,29.7,73.0,,96.8,True,synth01-exertion-2,synth01,sitting,synth-post-exertion,49855.0,667.0,0.69,99.9,,,1.3378798515695516,988.9164665318182,0.7245,2360.0,25,0,0
2302,pi4b-01,2026-07-27 16:36:25.855454+00:00,28.2,66.0,108.2,96.1,True,synth01-exertion-2,synth01,sitting,synth-post-exertion,50398.0,618.0,0.768,99.6,,,1.2262391364736698,977.7657979064121,0.7287999999999999,543.0,26,1,0
2303,pi4b-01,2026-07-27 16:36:26.855454+00:00,27.3,68.0,114.3,96.4,True,synth01-exertion-2,synth01,sitting,synth-post-exertion,51743.0,540.0,0.699,99.9,,,1.0436194267823666,958.7501644212513,0.7323999999999999,1345.0,27,1,0
2304,pi4b-01,2026-07-27 16:36:27.855454+00:00,26.6,68.0,,99.2,True,synth01-exertion-2,synth01,sitting,synth-post-exertion,50434.0,647.0,0.749,99.4,,,1.282864734107943,939.4799743593421,0.7342000000000001,1309.0,28,0,0
2305,pi4b-01,2026-07-27 16:36:28.855454+00:00,30.9,70.0,106.0,98.7,True,synth01-exertion-2,synth01,sitting,synth-post-exertion,51051.0,519.0,0.631,99.4,,,1.0166304283951342,925.0751380893995,0.7205,617.0,29,1,0
2306,pi4b-01,2026-07-27 16:36:29.855454+00:00,30.6,67.0,115.6,97.3,True,synth01-exertion-2,synth01,sitting,synth-post-exertion,50641.0,504.0,0.716,99.5,,,0.9952410102486128,931.2555443533754,0.7212,410.0,30,1,0
2307,pi4b-01,2026-07-27 16:36:30.855454+00:00,28.6,65.0,107.4,97.8,True,synth01-exertion-2,synth01,sitting,synth-post-exertion,51004.0,557.0,0.619,99.8,,,1.0920712101011687,851.491997744101,0.7059,363.0,31,1,0
2308,pi4b-01,2026-07-27 16:36:31.855454+00:00,26.5,65.0,105.6,99.7,True,synth01-exertion-2,synth01,sitting,synth-post-exertion,51232.0,476.0,0.74,99.5,,,0.9291068082448469,812.9154732607119,0.705,228.0,32,1,0
2309,pi4b-01,2026-07-27 16:36:32.855454+00:00,29.0,68.0,108.8,96.5,True,synth01-exertion-2,synth01,sitting,synth-post-exertion,49728.0,557.0,0.77,99.9,,,1.1200933075933075,784.3401260507796,0.7116,1504.0,33,1,0
2310,pi4b-01,2026-07-27 16:36:33.855454+00:00,27.1,67.0,106.7,97.3,True,synth01-exertion-2,synth01,sitting,synth-post-exertion,51781.0,495.0,0.696,99.6,,,0.9559490932967691,707.4313551308315,0.7078,2053.0,34,1,0
2311,pi4b-01,2026-07-27 16:36:34.855454+00:00,28.9,70.0,112.9,98.2,True,synth01-exertion-2,synth01,sitting,synth-post-exertion,51813.0,407.0,0.697,99.6,,,0.7855171482060487,691.6953809300827,0.7085,32.0,35,1,0
2312,pi4b-01,2026-07-27 16:36:35.855454+00:00,28.4,64.0,110.9,96.9,True,synth01-exertion-2,synth01,sitting,synth-post-exertion,50176.0,477.0,0.744,99.6,,,0.9506536989795918,715.6858482136881,0.7061,1637.0,36,1,0
2313,pi4b-01,2026-07-27 16:36:36.855454+00:00,29.7,68.0,108.4,95.1,True,synth01-exertion-2,synth01,sitting,synth-post-exertion,51692.0,526.0,0.733,99.4,,,1.0175655807475044,709.6447937759756,0.7095,1516.0,37,1,0
2314,pi4b-01,2026-07-27 16:36:37.855454+00:00,27.7,70.0,105.2,98.3,True,synth01-exertion-2,synth01,sitting,synth-post-exertion,49720.0,549.0,0.743,99.9,,,1.1041834271922768,798.2934297612723,0.7089,1972.0,38,1,0
2315,pi4b-01,2026-07-27 16:36:38.855454+00:00,29.2,66.0,107.2,97.6,True,synth01-exertion-2,synth01,sitting,synth-post-exertion,51391.0,596.0,0.694,99.9,,,1.1597361405693605,813.3051634466016,0.7152000000000001,1671.0,39,1,0
2316,pi4b-01,2026-07-27 16:36:39.855454+00:00,28.4,65.0,106.3,98.7,True,synth01-exertion-2,synth01,sitting,synth-post-exertion,50733.0,708.0,0.66,99.7,,,1.395541363609485,810.3410804511153,0.7096,658.0,40,1,0
2317,pi4b-01,2026-07-27 16:36:40.855454+00:00,26.7,68.0,,77.8,True,synth01-exertion-2,synth01,sitting,synth-post-exertion,50908.0,3477.0,0.119,99.4,,,6.829967785023965,809.8960427116647,0.6596,175.0,41,0,0
2318,pi4b-01,2026-07-27 16:36:41.855454+00:00,29.8,68.0,,75.6,True,synth01-exertion-2,synth01,sitting,synth-post-exertion,50993.0,5174.0,0.196,99.6,,,10.146490694801248,803.07841736935,0.6052000000000001,85.0,42,0,0
2319,pi4b-01,2026-07-27 16:36:42.855454+00:00,27.8,69.0,,77.9,True,synth01-exertion-2,synth01,sitting,synth-post-exertion,50756.0,5435.0,0.266,99.7,,,10.708093624399085,695.9607348438966,0.5548,237.0,43,0,0
2320,pi4b-01,2026-07-27 16:36:43.855454+00:00,28.7,63.0,,77.3,True,synth01-exertion-2,synth01,sitting,synth-post-exertion,50060.0,6227.0,0.239,99.6,,,12.439073112265282,693.1387226875335,0.5091,696.0,44,0,0
2321,pi4b-01,2026-07-27 16:36:44.855454+00:00,28.4,63.0,,76.9,True,synth01-exertion-2,synth01,sitting,synth-post-exertion,50678.0,5393.0,0.243,99.5,,,10.641698567425708,599.8887026403936,0.46369999999999995,618.0,45,0,0
2322,pi4b-01,2026-07-27 16:36:45.855454+00:00,27.4,66.0,,87.8,True,synth01-exertion-2,synth01,sitting,synth-post-exertion,50614.0,3056.0,0.397,99.7,,,6.037855138894377,571.8450159109898,0.429,64.0,46,0,0
2323,pi4b-01,2026-07-27 16:36:46.855454+00:00,26.3,70.0,,73.4,True,synth01-exertion-2,synth01,sitting,synth-post-exertion,49869.0,2450.0,0.221,99.8,,,4.912871723916662,528.7229478238856,0.3778,745.0,47,0,0
2324,pi4b-01,2026-07-27 16:36:47.855454+00:00,29.9,70.0,,73.2,True,synth01-exertion-2,synth01,sitting,synth-post-exertion,50408.0,2886.0,0.215,99.9,,,5.725281701317251,443.3852099974313,0.325,539.0,48,0,0
2325,pi4b-01,2026-07-27 16:36:48.855454+00:00,30.7,70.0,,71.7,True,synth01-exertion-2,synth01,sitting,synth-post-exertion,48750.0,3379.0,0.206,99.8,,,6.931282051282052,673.7298255070865,0.2762,1658.0,49,0,0
2326,pi4b-01,2026-07-27 16:36:49.855454+00:00,29.8,69.0,,73.1,True,synth01-exertion-2,synth01,sitting,synth-post-exertion,48680.0,3497.0,0.313,99.6,,,7.183648315529992,844.353033064063,0.2415,70.0,50,0,0
2327,pi4b-01,2026-07-27 16:36:50.855454+00:00,28.2,66.0,,92.0,True,synth01-exertion-2,synth01,sitting,synth-post-exertion,45907.0,935.0,0.335,99.5,,,2.0367264251639186,1547.7552383299605,0.2631,2773.0,51,0,0
2328,pi4b-01,2026-07-27 16:36:51.855454+00:00,30.5,64.0,109.3,93.2,True,synth01-exertion-2,synth01,sitting,synth-post-exertion,48301.0,664.0,0.468,99.9,,,1.3747127388666902,1526.3295879695106,0.2903,2394.0,52,1,0
2329,pi4b-01,2026-07-27 16:36:52.855454+00:00,29.8,72.0,,92.2,True,synth01-exertion-2,synth01,sitting,synth-post-exertion,48458.0,624.0,0.422,99.6,,,1.287713071113129,1471.894338750074,0.3059,157.0,53,0,0
2330,pi4b-01,2026-07-27 16:36:53.855454+00:00,26.7,68.0,,90.6,True,synth01-exertion-2,synth01,sitting,synth-post-exertion,48470.0,738.0,0.222,99.4,,,1.52259129358366,1451.1028947359966,0.3042,12.0,54,0,0
2331,pi4b-01,2026-07-27 16:36:54.855454+00:00,26.3,73.0,,93.1,True,synth01-exertion-2,synth01,sitting,synth-post-exertion,48367.0,817.0,0.26,99.9,,,1.689168234540079,1336.0233863555584,0.3059,103.0,55,0,0
2332,pi4b-01,2026-07-27 16:36:55.855454+00:00,30.2,70.0,102.7,91.9,True,synth01-exertion-2,synth01,sitting,synth-post-exertion,46912.0,336.0,0.477,99.6,,,0.7162346521145976,1283.9947905744457,0.3139,1455.0,56,1,0
2333,pi4b-01,2026-07-27 16:36:56.855454+00:00,29.9,62.0,,76.0,True,synth01-exertion-2,synth01,sitting,synth-post-exertion,48175.0,7411.0,0.043,99.8,,,15.383497664763881,1177.7953793234426,0.2961,1263.0,57,0,0
2334,pi4b-01,2026-07-27 16:36:57.855454+00:00,29.1,69.0,,74.6,True,synth01-exertion-2,synth01,sitting,synth-post-exertion,49424.0,7459.0,0.01,99.6,,,15.091858206539332,1005.2713508744729,0.2756,1249.0,58,0,0
2335,pi4b-01,2026-07-27 16:36:58.855454+00:00,30.7,68.0,,79.1,True,synth01-exertion-2,synth01,sitting,synth-post-exertion,51049.0,7003.0,0.01,99.6,,,13.71819232502106,1359.5973300945002,0.256,1625.0,59,0,0
2336,pi4b-01,2026-07-27 16:36:59.855454+00:00,27.5,64.0,,78.0,True,synth01-exertion-2,synth01,sitting,synth-post-exertion,48578.0,7834.0,0.091,99.5,,,16.126641689653752,1357.4299613608407,0.2338,2471.0,60,0,0
2337,pi4b-01,2026-07-27 16:37:00.855454+00:00,29.4,69.0,,92.9,True,synth01-exertion-2,synth01,sitting,synth-post-exertion,49801.0,1041.0,0.302,99.8,,,2.090319471496556,1110.283372237356,0.2305,1223.0,61,0,0
2338,pi4b-01,2026-07-27 16:37:01.855454+00:00,27.9,69.0,,78.8,True,synth01-exertion-2,synth01,sitting,synth-post-exertion,52084.0,6442.0,0.056,99.7,,,12.368481683434453,1511.1043643640503,0.1893,2283.0,62,0,0
2339,pi4b-01,2026-07-27 16:37:02.855454+00:00,29.6,73.0,,79.1,True,synth01-exertion-2,synth01,sitting,synth-post-exertion,51131.0,8639.0,0.134,99.7,,,16.895816627877412,1611.7357413670745,0.1605,953.0,63,0,0
2340,pi4b-01,2026-07-27 16:37:03.855454+00:00,30.0,72.0,,80.5,True,synth01-exertion-2,synth01,sitting,synth-post-exertion,50696.0,7005.0,0.053,99.5,,,13.817658197885436,1622.8385317091984,0.1436,435.0,64,0,0
2341,pi4b-01,2026-07-27 16:37:04.855454+00:00,30.1,67.0,,82.6,True,synth01-exertion-2,synth01,sitting,synth-post-exertion,49331.0,6644.0,0.168,99.7,,,13.468204577243517,1567.7212372669583,0.1344,1365.0,65,0,0
2342,pi4b-01,2026-07-27 16:37:05.855454+00:00,28.2,69.0,,82.1,True,synth01-exertion-2,synth01,sitting,synth-post-exertion,48988.0,7368.0,0.054,99.6,,,15.040418061566097,1262.6084155870215,0.09209999999999999,343.0,66,0,0
2343,pi4b-01,2026-07-27 16:37:06.855454+00:00,27.9,68.0,110.7,92.4,True,synth01-exertion-2,synth01,sitting,synth-post-exertion,48890.0,676.0,0.603,99.5,,,1.3826958478216405,1169.2457967995392,0.14809999999999998,98.0,67,1,0
2344,pi4b-01,2026-07-27 16:37:07.855454+00:00,26.5,63.0,,89.7,True,synth01-exertion-2,synth01,sitting,synth-post-exertion,49161.0,452.0,0.66,99.7,,,0.9194280018714021,1186.4033837143866,0.21309999999999998,271.0,68,0,0
2345,pi4b-01,2026-07-27 16:37:08.855454+00:00,30.9,63.0,115.9,98.0,True,synth01-exertion-2,synth01,sitting,synth-post-exertion,48916.0,282.0,0.746,99.6,,,0.5764984872025514,1162.541392333604,0.2867,245.0,69,1,0
2346,pi4b-01,2026-07-27 16:37:09.855454+00:00,26.3,70.0,103.1,96.2,True,synth01-exertion-2,synth01,sitting,synth-post-exertion,49750.0,320.0,0.779,99.7,,,0.6432160804020101,1087.0329444052204,0.3555,834.0,70,1,0
2347,pi4b-01,2026-07-27 16:37:10.855454+00:00,26.7,66.0,110.7,96.4,True,synth01-exertion-2,synth01,sitting,synth-post-exertion,47803.0,314.0,0.729,99.7,,,0.6568625400079493,1270.2787970450788,0.3982,1947.0,71,1,0
2348,pi4b-01,2026-07-27 16:37:11.855454+00:00,30.4,74.0,115.4,100.0,True,synth01-exertion-2,synth01,sitting,synth-post-exertion,49794.0,388.0,0.798,99.7,,,0.7792103466281077,955.0418257275281,0.47240000000000004,1991.0,72,1,0
2349,pi4b-01,2026-07-27 16:37:12.855454+00:00,27.2,69.0,105.3,97.5,True,synth01-exertion-2,synth01,sitting,synth-post-exertion,48497.0,268.0,0.66,99.7,,,0.5526115017423758,787.1555260698589,0.525,1297.0,73,1,0
2350,pi4b-01,2026-07-27 16:37:13.855454+00:00,29.6,63.0,110.8,95.9,True,synth01-exertion-2,synth01,sitting,synth-post-exertion,49368.0,355.0,0.685,99.8,,,0.7190892886080053,591.0592750873358,0.5882,871.0,74,1,0
2351,pi4b-01,2026-07-27 16:37:14.855454+00:00,30.6,72.0,107.9,96.8,True,synth01-exertion-2,synth01,sitting,synth-post-exertion,48995.0,324.0,0.621,99.4,,,0.6612919685682213,582.7901852297288,0.6335000000000001,373.0,75,1,0
2352,pi4b-01,2026-07-27 16:37:15.855454+00:00,28.1,70.0,111.1,98.5,True,synth01-exertion-2,synth01,sitting,synth-post-exertion,50341.0,374.0,0.598,99.8,,,0.7429331956059673,717.0958792240373,0.6879000000000001,1346.0,76,1,0
2353,pi4b-01,2026-07-27 16:37:16.855454+00:00,26.7,71.0,110.3,99.3,True,synth01-exertion-2,synth01,sitting,synth-post-exertion,48015.0,289.0,0.69,99.6,,,0.6018952410704989,801.0219861042025,0.6966,2326.0,77,1,0
2354,pi4b-01,2026-07-27 16:37:17.855454+00:00,26.1,67.0,112.1,96.7,True,synth01-exertion-2,synth01,sitting,synth-post-exertion,49996.0,256.0,0.714,99.7,,,0.5120409632770622,854.0243621297966,0.7020000000000001,1981.0,78,1,0
2355,pi4b-01,2026-07-27 16:37:18.855454+00:00,30.1,71.0,113.4,96.5,True,synth01-exertion-2,synth01,sitting,synth-post-exertion,50447.0,359.0,0.501,99.5,,,0.7116379566673935,940.740275882113,0.6775,451.0,79,1,0
2356,pi4b-01,2026-07-27 16:37:19.855454+00:00,27.4,62.0,106.4,97.6,True,synth01-exertion-2,synth01,sitting,synth-post-exertion,48334.0,414.0,0.621,99.9,,,0.8565399097943476,971.6412232232427,0.6617,2113.0,80,1,0
2357,pi4b-01,2026-07-27 16:37:20.855454+00:00,29.1,70.0,106.6,96.7,True,synth01-exertion-2,synth01,sitting,synth-post-exertion,48157.0,364.0,0.728,99.6,,,0.7558610378553482,921.9253042772816,0.6616,177.0,81,1,0
2358,pi4b-01,2026-07-27 16:37:21.855454+00:00,29.6,65.0,116.6,94.2,True,synth01-exertion-2,synth01,sitting,synth-post-exertion,50555.0,447.0,0.684,99.8,,,0.8841855405004451,1004.6180313377707,0.6502,2398.0,82,1,0
2359,pi4b-01,2026-07-27 16:37:22.855454+00:00,27.4,67.0,114.7,96.1,True,synth01-exertion-2,synth01,sitting,synth-post-exertion,49381.0,323.0,0.765,99.8,,,0.6540977298961139,967.1883017857472,0.6607000000000001,1174.0,83,1,0
2360,pi4b-01,2026-07-27 16:37:23.855454+00:00,28.5,68.0,116.4,99.3,True,synth01-exertion-2,synth01,sitting,synth-post-exertion,48292.0,286.0,0.674,99.7,,,0.5922305972003644,1024.233811197468,0.6596,1089.0,84,1,0
2361,pi4b-01,2026-07-27 16:37:24.855454+00:00,28.0,73.0,109.0,100.0,True,synth01-exertion-2,synth01,sitting,synth-post-exertion,48696.0,329.0,0.617,99.9,,,0.6756201741416132,1036.833984353909,0.6592,404.0,85,1,0
2362,pi4b-01,2026-07-27 16:37:25.855454+00:00,30.0,64.0,107.5,96.8,True,synth01-exertion-2,synth01,sitting,synth-post-exertion,48235.0,292.0,0.891,99.8,,,0.6053695449362496,997.2840674106893,0.6885,461.0,86,1,0
2363,pi4b-01,2026-07-27 16:37:26.855454+00:00,26.5,67.0,110.0,97.2,True,synth01-exertion-2,synth01,sitting,synth-post-exertion,49009.0,314.0,0.704,99.5,,,0.6406986471872513,934.568325782364,0.6899,774.0,87,1,0
2364,pi4b-01,2026-07-27 16:37:27.855454+00:00,27.5,67.0,107.6,98.2,True,synth01-exertion-2,synth01,sitting,synth-post-exertion,49078.0,304.0,0.808,99.8,,,0.6194221443416602,881.4687490522008,0.6992999999999999,69.0,88,1,0
2365,pi4b-01,2026-07-27 16:37:28.855454+00:00,29.7,73.0,105.0,100.0,True,synth01-exertion-2,synth01,sitting,synth-post-exertion,50526.0,399.0,0.85,99.9,,,0.7896924355777223,895.9303110300029,0.7342000000000001,1448.0,89,1,0
2366,pi4b-01,2026-07-27 16:37:29.855454+00:00,27.4,65.0,108.2,98.2,True,synth01-exertion-2,synth01,sitting,synth-post-exertion,50004.0,357.0,0.66,99.8,,,0.7139428845692345,908.1084186373863,0.7381,522.0,90,1,0
2367,pi4b-01,2026-07-27 16:37:30.855454+00:00,30.6,69.0,,98.1,True,synth01-exertion-2,synth01,sitting,synth-post-exertion,47904.0,298.0,0.75,99.6,,,0.6220774883099532,943.0402371526801,0.7403000000000001,2100.0,91,0,0
2368,pi4b-01,2026-07-27 16:37:31.855454+00:00,27.1,73.0,118.7,98.8,True,synth01-exertion-2,synth01,sitting,synth-post-exertion,48328.0,413.0,0.703,99.6,,,0.8545770567786791,835.9825955126666,0.7422,424.0,92,1,0
2369,pi4b-01,2026-07-27 16:37:32.855454+00:00,26.3,68.0,112.5,98.1,True,synth01-exertion-2,synth01,sitting,synth-post-exertion,48993.0,275.0,0.701,99.7,,,0.5613046761782295,822.4076104814891,0.7358,665.0,93,1,0
2370,pi4b-01,2026-07-27 16:37:33.855454+00:00,30.9,62.0,110.0,100.0,True,synth01-exertion-2,synth01,sitting,synth-post-exertion,48754.0,297.0,0.753,99.7,,,0.6091807851663453,796.624134150608,0.7436999999999999,239.0,94,1,0
2371,pi4b-01,2026-07-27 16:37:34.855454+00:00,29.3,72.0,118.1,96.7,True,synth01-exertion-2,synth01,sitting,synth-post-exertion,48473.0,360.0,0.731,99.7,,,0.7426814927898006,807.6532809456774,0.7551,281.0,95,1,0
2372,pi4b-01,2026-07-27 16:37:35.855454+00:00,26.2,73.0,109.1,99.7,True,synth01-exertion-2,synth01,sitting,synth-post-exertion,47950.0,357.0,0.649,99.5,,,0.7445255474452555,839.3261119626372,0.7309,523.0,96,1,0
2373,pi4b-01,2026-07-27 16:37:36.855454+00:00,29.1,63.0,113.9,96.0,True,synth01-exertion-2,synth01,sitting,synth-post-exertion,49332.0,385.0,0.606,99.5,,,0.7804264980134599,850.0521291205132,0.7211000000000001,1382.0,97,1,0
2374,pi4b-01,2026-07-27 16:37:37.855454+00:00,27.1,64.0,109.0,96.5,True,synth01-exertion-2,synth01,sitting,synth-post-exertion,48463.0,313.0,0.703,99.6,,,0.6458535377504488,860.6732571398106,0.7106,869.0,98,1,0
2375,pi4b-01,2026-07-27 16:37:38.855454+00:00,28.6,71.0,113.4,97.8,True,synth01-exertion-2,synth01,sitting,synth-post-exertion,49854.0,305.0,0.701,99.9,,,0.6117864163357002,734.1825764451578,0.6957,1391.0,99,1,0
2376,pi4b-01,2026-07-27 16:37:39.855454+00:00,30.9,69.0,106.7,97.0,True,synth01-exertion-2,synth01,sitting,synth-post-exertion,48471.0,346.0,0.701,99.7,,,0.7138288873759567,604.7676872615224,0.6998,1383.0,100,1,0
2377,pi4b-01,2026-07-27 16:37:40.855454+00:00,26.4,74.0,110.1,99.9,True,synth01-exertion-2,synth01,sitting,synth-post-exertion,49047.0,344.0,0.767,99.8,,,0.7013680755193997,553.4853706789818,0.7015,576.0,101,1,0
2378,pi4b-01,2026-07-27 16:37:41.855454+00:00,28.5,72.0,120.3,96.5,True,synth01-exertion-2,synth01,sitting,synth-post-exertion,50003.0,462.0,0.693,99.7,,,0.9239445633262005,650.9140581606806,0.7005,956.0,102,1,0
2379,pi4b-01,2026-07-27 16:37:42.855454+00:00,28.4,63.0,110.5,98.7,True,synth01-exertion-2,synth01,sitting,synth-post-exertion,48576.0,312.0,0.664,99.5,,,0.6422924901185771,660.0080891760894,0.6968,1427.0,103,1,0
2380,pi4b-01,2026-07-27 16:37:43.855454+00:00,27.4,71.0,102.8,100.0,True,synth01-exertion-2,synth01,sitting,synth-post-exertion,50390.0,428.0,0.641,99.6,,,0.8493748759674539,808.0721158687128,0.6856,1814.0,104,1,0
2381,pi4b-01,2026-07-27 16:37:44.855454+00:00,30.4,69.0,114.4,97.4,True,synth01-exertion-2,synth01,sitting,synth-post-exertion,48775.0,372.0,0.64,99.5,,,0.7626858021527422,789.2920104611927,0.6765,1615.0,105,1,0
2382,pi4b-01,2026-07-27 16:37:45.855454+00:00,26.6,73.0,111.0,97.1,True,synth01-exertion-2,synth01,sitting,synth-post-exertion,49048.0,322.0,0.608,99.4,,,0.6564997553417061,682.8864310980779,0.6723999999999999,273.0,106,1,0
2383,pi4b-01,2026-07-27 16:37:46.855454+00:00,26.2,68.0,112.5,99.4,True,synth01-exertion-2,synth01,sitting,synth-post-exertion,48758.0,407.0,0.645,99.7,,,0.8347348127486772,694.2054210871303,0.6763,290.0,107,1,0
2384,pi4b-01,2026-07-27 16:37:47.855454+00:00,26.5,64.0,111.5,95.9,True,synth01-exertion-2,synth01,sitting,synth-post-exertion,48842.0,435.0,0.732,99.5,,,0.8906269194545677,662.8673740316747,0.6792,84.0,108,1,0
2385,pi4b-01,2026-07-27 16:37:48.855454+00:00,28.3,72.0,110.7,96.8,True,synth01-exertion-2,synth01,sitting,synth-post-exertion,47938.0,416.0,0.468,99.6,,,0.8677875589302849,719.7164256382026,0.6559,904.0,109,1,0
2386,pi4b-01,2026-07-27 16:37:49.855454+00:00,28.4,73.0,109.3,98.5,True,synth01-exertion-2,synth01,sitting,synth-post-exertion,50407.0,255.0,0.638,99.6,,,0.5058821195468883,819.6054877534978,0.6496000000000001,2469.0,110,1,0
2387,pi4b-01,2026-07-27 16:37:50.855454+00:00,27.3,64.0,111.3,97.4,True,synth01-exertion-2,synth01,sitting,synth-post-exertion,49310.0,289.0,0.737,99.5,,,0.5860880146015007,819.1400707788922,0.6466000000000001,1097.0,111,1,0
2388,pi4b-01,2026-07-27 16:37:51.855454+00:00,30.6,64.0,115.2,97.1,True,synth01-exertion-2,synth01,sitting,synth-post-exertion,49651.0,340.0,0.709,99.5,,,0.6847797627439528,787.9949590927906,0.6482,341.0,112,1,0
2389,pi4b-01,2026-07-27 16:37:52.855454+00:00,31.0,64.0,100.1,97.7,True,synth01-exertion-2,synth01,sitting,synth-post-exertion,50298.0,274.0,0.637,99.8,,,0.5447532705077737,830.8741113363562,0.6455,647.0,113,1,0
2390,pi4b-01,2026-07-27 16:37:53.855454+00:00,26.2,73.0,108.6,94.0,True,synth01-exertion-2,synth01,sitting,synth-post-exertion,50426.0,268.0,0.673,99.8,,,0.5314718597548883,835.983127155674,0.6487,128.0,114,1,0
2391,pi4b-01,2026-07-27 16:37:54.855454+00:00,30.6,71.0,102.6,98.1,True,synth01-exertion-2,synth01,sitting,synth-post-exertion,50368.0,335.0,0.614,99.7,,,0.665104828462516,866.4562821567965,0.6461,58.0,115,1,0
2392,pi4b-01,2026-07-27 16:37:55.855454+00:00,30.3,66.0,104.3,99.0,True,synth01-exertion-2,synth01,sitting,synth-post-exertion,50777.0,359.0,0.665,99.6,,,0.7070130177048664,935.0158941014364,0.6518,409.0,116,1,0
2393,pi4b-01,2026-07-27 16:37:56.855454+00:00,27.5,71.0,,97.7,True,synth01-exertion-2,synth01,sitting,synth-post-exertion,49424.0,424.0,0.639,99.8,,,0.8578828099708644,884.6040482737503,0.6512,1353.0,117,0,0
2394,pi4b-01,2026-07-27 16:37:57.855454+00:00,28.2,69.0,99.2,95.5,True,synth01-exertion-2,synth01,sitting,synth-post-exertion,49350.0,365.0,0.732,99.8,,,0.739614994934144,840.5317695100169,0.6512,74.0,118,1,0
2395,pi4b-01,2026-07-27 16:37:58.855454+00:00,28.9,64.0,96.7,95.2,True,synth01-exertion-2,synth01,sitting,synth-post-exertion,50619.0,337.0,0.636,99.7,,,0.6657579169876924,564.7742911996608,0.6679999999999999,1269.0,119,1,0
2396,pi4b-01,2026-07-27 16:37:59.855454+00:00,27.7,72.0,107.3,98.3,True,synth01-exertion-2,synth01,sitting,synth-post-exertion,50078.0,309.0,0.789,99.8,,,0.6170374216222693,551.9455387788341,0.6830999999999999,541.0,120,1,0
2397,pi4b-01,2026-07-27 16:38:00.855454+00:00,30.9,62.0,,95.5,True,synth01-exertion-2,synth01,sitting,synth-post-exertion,50531.0,350.0,0.653,99.9,,,0.6926441194514258,508.27241165001544,0.6747,453.0,121,0,0
2398,pi4b-01,2026-07-27 16:38:01.855454+00:00,26.8,72.0,99.2,95.1,True,synth01-exertion-2,synth01,sitting,synth-post-exertion,48139.0,341.0,0.743,99.4,,,0.7083653586489125,809.5421202411414,0.6781,2392.0,122,1,0
2399,pi4b-01,2026-07-27 16:38:02.855454+00:00,29.1,71.0,101.5,100.0,True,synth01-exertion-2,synth01,sitting,synth-post-exertion,49096.0,403.0,0.642,99.8,,,0.8208408016946391,848.8267458348158,0.6786,957.0,123,1,0
2400,pi4b-01,2026-07-27 16:38:03.855454+00:00,27.1,69.0,102.1,98.9,True,synth01-exertion-2,synth01,sitting,synth-post-exertion,49176.0,466.0,0.708,99.9,,,0.9476167236050106,851.6527461354653,0.6820999999999999,80.0,124,1,0
2401,pi4b-01,2026-07-27 16:38:04.855454+00:00,26.0,63.0,103.2,97.8,True,synth01-exertion-2,synth01,sitting,synth-post-exertion,50664.0,436.0,0.667,99.8,,,0.8605716090320544,879.9677014275211,0.6874,1488.0,125,1,0
2402,pi4b-01,2026-07-27 16:38:05.855454+00:00,26.2,74.0,101.4,99.3,True,synth01-exertion-2,synth01,sitting,synth-post-exertion,50105.0,386.0,0.698,99.8,,,0.7703821973854904,819.4038212153406,0.6907,559.0,126,1,0
2403,pi4b-01,2026-07-27 16:38:06.855454+00:00,26.7,62.0,106.0,97.4,True,synth01-exertion-2,synth01,sitting,synth-post-exertion,49299.0,354.0,0.659,99.5,,,0.7180673035964218,825.322569935249,0.6927000000000001,806.0,127,1,0
2404,pi4b-01,2026-07-27 16:38:07.855454+00:00,29.5,72.0,104.1,96.7,True,synth01-exertion-2,synth01,sitting,synth-post-exertion,50001.0,392.0,0.51,99.7,,,0.7839843203135938,819.8045566543224,0.6705,702.0,128,1,0
2405,pi4b-01,2026-07-27 16:38:08.855454+00:00,30.5,62.0,99.5,96.7,True,synth01-exertion-2,synth01,sitting,synth-post-exertion,49321.0,367.0,0.614,99.7,,,0.7441049451552076,771.9464575561013,0.6683,680.0,129,1,0
2406,pi4b-01,2026-07-27 16:38:09.855454+00:00,30.2,70.0,107.3,96.3,True,synth01-exertion-2,synth01,sitting,synth-post-exertion,49696.0,423.0,0.589,99.8,,,0.8511751448808758,757.2300105575385,0.6483000000000001,375.0,130,1,0
2407,pi4b-01,2026-07-27 16:38:10.855454+00:00,27.6,63.0,105.3,98.4,True,synth01-exertion-2,synth01,sitting,synth-post-exertion,50605.0,309.0,0.704,99.8,,,0.6106115996443039,767.5992588729506,0.6534,909.0,131,1,0
2408,pi4b-01,2026-07-27 16:38:11.855454+00:00,29.2,66.0,102.1,98.5,True,synth01-exertion-2,synth01,sitting,synth-post-exertion,48797.0,293.0,0.645,99.7,,,0.6004467487755395,646.0517695115217,0.6436,1808.0,132,1,0
2409,pi4b-01,2026-07-27 16:38:12.855454+00:00,30.9,69.0,113.0,97.0,True,synth01-exertion-2,synth01,sitting,synth-post-exertion,49413.0,336.0,0.648,99.7,,,0.6799830004249894,621.7507628553337,0.6442,616.0,133,1,0
2410,pi4b-01,2026-07-27 16:38:13.855454+00:00,29.7,71.0,114.3,98.2,True,synth01-exertion-2,synth01,sitting,synth-post-exertion,51362.0,266.0,0.769,99.7,,,0.5178926054281375,778.5535091865813,0.6503,1949.0,134,1,0
2411,pi4b-01,2026-07-27 16:38:14.855454+00:00,27.3,70.0,109.3,96.9,True,synth01-exertion-2,synth01,sitting,synth-post-exertion,50929.0,347.0,0.771,99.9,,,0.6813406899801685,810.315000478254,0.6607000000000001,433.0,135,1,0
2412,pi4b-01,2026-07-27 16:38:15.855454+00:00,26.8,74.0,110.5,100.0,True,synth01-exertion-2,synth01,sitting,synth-post-exertion,51165.0,293.0,0.692,99.8,,,0.5726570898074856,897.1186964697739,0.6601,236.0,136,1,0
2413,pi4b-01,2026-07-27 16:38:16.855454+00:00,29.5,65.0,110.6,96.4,True,synth01-exertion-2,synth01,sitting,synth-post-exertion,49375.0,372.0,0.7,99.5,,,0.7534177215189873,890.2625330641789,0.6641999999999999,1790.0,137,1,0
2414,pi4b-01,2026-07-27 16:38:17.855454+00:00,30.8,73.0,110.9,98.5,True,synth01-exertion-2,synth01,sitting,synth-post-exertion,50697.0,340.0,0.713,99.9,,,0.6706511233406316,911.5337502132581,0.6845,1322.0,138,1,0
2415,pi4b-01,2026-07-27 16:38:18.855454+00:00,27.2,65.0,108.0,98.5,True,synth01-exertion-2,synth01,sitting,synth-post-exertion,49641.0,314.0,0.738,99.6,,,0.6325416490401079,884.9735714823861,0.6969000000000001,1056.0,139,1,0
2416,pi4b-01,2026-07-27 16:38:19.855454+00:00,26.4,63.0,116.0,97.6,True,synth01-exertion-2,synth01,sitting,synth-post-exertion,50046.0,294.0,0.744,99.8,,,0.5874595372257523,871.0436907016649,0.7123999999999999,405.0,140,1,0
2417,pi4b-01,2026-07-27 16:38:20.855454+00:00,27.7,74.0,113.5,98.0,True,synth01-exertion-2,synth01,sitting,synth-post-exertion,48951.0,351.0,0.58,99.5,,,0.7170435741864313,940.4952832299849,0.7,1095.0,141,1,0
2418,pi4b-01,2026-07-27 16:38:21.855454+00:00,28.2,68.0,111.6,98.3,True,synth01-exertion-2,synth01,sitting,synth-post-exertion,50311.0,281.0,0.706,99.9,,,0.5585259684760787,834.4806768284495,0.7061,1360.0,142,1,0
2419,pi4b-01,2026-07-27 16:38:22.855454+00:00,26.3,73.0,118.5,95.9,True,synth01-exertion-2,synth01,sitting,synth-post-exertion,50472.0,389.0,0.735,99.5,,,0.7707243620225075,791.1304780713463,0.7148,161.0,143,1,0
2420,pi4b-01,2026-07-27 16:38:23.855454+00:00,28.5,64.0,114.4,97.0,True,synth01-exertion-2,synth01,sitting,synth-post-exertion,51017.0,373.0,0.68,99.8,,,0.7311288394064723,745.6399488582932,0.7059,545.0,144,1,0
2421,pi4b-01,2026-07-27 16:38:24.855454+00:00,29.5,68.0,,100.0,True,synth01-exertion-2,synth01,sitting,synth-post-exertion,49502.0,369.0,0.669,99.6,,,0.7454244272958668,739.9941516285887,0.6957,1515.0,145,0,0
2422,pi4b-01,2026-07-27 16:38:25.855454+00:00,27.8,68.0,112.5,96.7,True,synth01-exertion-2,synth01,sitting,synth-post-exertion,49270.0,492.0,0.668,99.8,,,0.998579257154455,682.3959098484229,0.6933,232.0,146,1,0
2423,pi4b-01,2026-07-27 16:38:26.855454+00:00,30.6,66.0,123.4,95.6,True,synth01-exertion-2,synth01,sitting,synth-post-exertion,49736.0,546.0,0.744,99.4,,,1.0977963648061766,659.0275748741641,0.6977,466.0,147,1,0
2424,pi4b-01,2026-07-27 16:38:27.855454+00:00,30.2,71.0,,97.8,True,synth01-exertion-2,synth01,sitting,synth-post-exertion,48289.0,436.0,0.751,99.9,,,0.9028971401354345,788.7254486406654,0.7015,1447.0,148,0,0
2425,pi4b-01,2026-07-27 16:38:28.855454+00:00,29.5,72.0,105.3,95.2,True,synth01-exertion-2,synth01,sitting,synth-post-exertion,48780.0,491.0,0.764,99.6,,,1.0065600656006561,843.8038476645044,0.7041,491.0,149,1,0
2426,pi4b-01,2026-07-27 16:38:29.855454+00:00,28.7,67.0,101.9,98.9,True,synth01-exertion-2,synth01,sitting,synth-post-exertion,50136.0,445.0,0.731,99.7,,,0.8875857667145364,849.1094943135555,0.7028000000000001,1356.0,150,1,0
2427,pi4b-01,2026-07-27 16:38:30.855454+00:00,29.9,72.0,106.1,99.3,True,synth01-exertion-2,synth01,sitting,synth-post-exertion,49169.0,467.0,0.715,99.4,,,0.949785433911611,831.8960672264022,0.7163,967.0,151,1,0
2428,pi4b-01,2026-07-27 16:38:31.855454+00:00,26.9,63.0,99.0,99.1,True,synth01-exertion-2,synth01,sitting,synth-post-exertion,50683.0,521.0,0.752,99.9,,,1.0279580924570368,871.221900551224,0.7209000000000001,1514.0,152,1,0
2429,pi4b-01,2026-07-27 16:38:32.855454+00:00,28.6,66.0,104.7,93.9,True,synth01-exertion-2,synth01,sitting,synth-post-exertion,48799.0,534.0,0.665,99.5,,,1.0942847189491587,868.2831655374007,0.7139,1884.0,153,1,0
2430,pi4b-01,2026-07-27 16:38:33.855454+00:00,30.2,74.0,102.3,96.4,True,synth01-exertion-2,synth01,sitting,synth-post-exertion,50176.0,560.0,0.704,99.9,,,1.1160714285714286,740.4416099719648,0.7163,1377.0,154,1,0
2431,pi4b-01,2026-07-27 16:38:34.855454+00:00,28.9,68.0,105.8,97.8,True,synth01-exertion-2,synth01,sitting,synth-post-exertion,49375.0,512.0,0.83,99.8,,,1.0369620253164558,740.6159673617692,0.7323999999999999,801.0,155,1,0
2432,pi4b-01,2026-07-27 16:38:35.855454+00:00,27.3,71.0,105.7,94.2,True,synth01-exertion-2,synth01,sitting,synth-post-exertion,51427.0,433.0,0.662,99.6,,,0.8419701713107901,965.2290459322071,0.7318,2052.0,156,1,0
2433,pi4b-01,2026-07-27 16:38:36.855454+00:00,27.9,71.0,,99.0,True,synth01-exertion-2,synth01,sitting,synth-post-exertion,51536.0,327.0,0.748,99.6,,,0.6345079167960261,1134.5779440440351,0.7322,109.0,157,0,0
2434,pi4b-01,2026-07-27 16:38:37.855454+00:00,28.5,67.0,109.1,98.0,True,synth01-exertion-2,synth01,sitting,synth-post-exertion,49853.0,332.0,0.698,99.7,,,0.665957916273845,996.9256296791565,0.7268999999999999,1683.0,158,1,0
2435,pi4b-01,2026-07-27 16:38:38.855454+00:00,29.4,73.0,,96.9,True,synth01-exertion-2,synth01,sitting,synth-post-exertion,49364.0,303.0,0.679,99.7,,,0.6138076330929422,933.0026557066299,0.7184,489.0,159,0,0
2436,pi4b-01,2026-07-27 16:38:39.855454+00:00,29.7,65.0,104.4,97.9,True,synth01-exertion-2,synth01,sitting,synth-post-exertion,50666.0,288.0,0.6,99.7,,,0.5684285319543678,953.1531065072967,0.7052999999999999,1302.0,160,1,0
2437,pi4b-01,2026-07-27 16:38:40.855454+00:00,28.2,69.0,105.6,98.1,True,synth01-exertion-2,synth01,sitting,synth-post-exertion,51651.0,351.0,0.697,99.7,,,0.6795608991113434,1004.1850205791802,0.7034999999999999,985.0,161,1,0
2438,pi4b-01,2026-07-27 16:38:41.855454+00:00,30.0,63.0,109.3,95.6,True,synth01-exertion-2,synth01,sitting,synth-post-exertion,50170.0,269.0,0.764,99.8,,,0.5361769982060993,998.5411636760955,0.7047,1481.0,162,1,0
2439,pi4b-01,2026-07-27 16:38:42.855454+00:00,26.6,69.0,111.0,96.5,True,synth01-exertion-2,synth01,sitting,synth-post-exertion,51952.0,329.0,0.698,99.8,,,0.6332768709578073,968.6761871521355,0.708,1782.0,163,1,0
2440,pi4b-01,2026-07-27 16:38:43.855454+00:00,26.1,70.0,99.3,96.0,True,synth01-exertion-2,synth01,sitting,synth-post-exertion,51607.0,344.0,0.811,99.9,,,0.6665762396574109,1001.4347984544949,0.7187,345.0,164,1,0
2441,pi4b-01,2026-07-27 16:38:44.855454+00:00,26.4,67.0,107.0,97.5,True,synth01-exertion-2,synth01,sitting,synth-post-exertion,51981.0,361.0,0.698,99.7,,,0.6944845231911659,938.0130359198572,0.7055,374.0,165,1,0
2442,pi4b-01,2026-07-27 16:38:45.855454+00:00,29.4,63.0,107.4,94.7,True,synth01-exertion-2,synth01,sitting,synth-post-exertion,49933.0,441.0,0.651,99.6,,,0.8831834658442314,983.9616128465536,0.7044,2048.0,166,1,0
2443,pi4b-01,2026-07-27 16:38:46.855454+00:00,30.3,70.0,,97.1,True,synth01-exertion-2,synth01,sitting,synth-post-exertion,51894.0,468.0,0.739,99.7,,,0.9018383628165106,1016.7976363728275,0.7035,1961.0,167,0,0
2444,pi4b-01,2026-07-27 16:38:47.855454+00:00,29.2,72.0,100.5,98.3,True,synth01-exertion-2,synth01,sitting,synth-post-exertion,49653.0,428.0,0.785,99.8,,,0.8619821561637766,1041.5019549776457,0.7121999999999999,2241.0,168,1,0
2445,pi4b-01,2026-07-27 16:38:48.855454+00:00,30.0,71.0,100.5,98.4,True,synth01-exertion-2,synth01,sitting,synth-post-exertion,49387.0,496.0,0.754,99.9,,,1.0043128758580193,1037.7834499012426,0.7197,266.0,169,1,0
2446,pi4b-01,2026-07-27 16:38:49.855454+00:00,27.0,67.0,101.9,97.8,True,synth01-exertion-2,synth01,sitting,synth-post-exertion,51316.0,444.0,0.759,99.9,,,0.8652272195806375,1042.581219857731,0.7356,1929.0,170,1,0
2447,pi4b-01,2026-07-27 16:38:50.855454+00:00,30.5,65.0,107.8,97.8,True,synth01-exertion-2,synth01,sitting,synth-post-exertion,50128.0,419.0,0.773,99.5,,,0.8358601978933929,1040.7536211803624,0.7432000000000001,1188.0,171,1,0
2448,pi4b-01,2026-07-27 16:38:51.855454+00:00,30.3,71.0,100.8,97.4,True,synth01-exertion-2,synth01,sitting,synth-post-exertion,49227.0,533.0,0.797,99.6,,,1.0827391472159589,1142.170331722334,0.7464999999999999,901.0,172,1,0
2449,pi4b-01,2026-07-27 16:38:52.855454+00:00,27.4,63.0,102.8,95.8,True,synth01-exertion-2,synth01,sitting,synth-post-exertion,51259.0,389.0,0.738,99.5,,,0.7588911215591408,1077.483719907966,0.7505,2032.0,173,1,0
2450,pi4b-01,2026-07-27 16:38:53.855454+00:00,29.7,62.0,100.4,99.1,True,synth01-exertion-2,synth01,sitting,synth-post-exertion,49356.0,400.0,0.702,99.6,,,0.8104384471999352,1087.7527496837197,0.7396,1903.0,174,1,0
2451,pi4b-01,2026-07-27 16:38:54.855454+00:00,30.8,62.0,96.8,97.8,True,synth01-exertion-2,synth01,sitting,synth-post-exertion,49793.0,432.0,0.671,99.8,,,0.8675918301769324,948.545459579532,0.7369000000000001,437.0,175,1,0
2452,pi4b-01,2026-07-27 16:38:55.855454+00:00,26.9,72.0,101.1,94.1,True,synth01-exertion-2,synth01,sitting,synth-post-exertion,51319.0,444.0,0.746,99.8,,,0.8651766402307137,1005.6168698311201,0.7464,1526.0,176,1,0
2453,pi4b-01,2026-07-27 16:38:56.855454+00:00,26.0,66.0,,94.5,True,synth01-exertion-2,synth01,sitting,synth-post-exertion,49051.0,522.0,0.744,99.9,,,1.0641984872887402,912.9356129176882,0.7468999999999999,2268.0,177,0,0
2454,pi4b-01,2026-07-27 16:38:57.855454+00:00,28.6,68.0,106.8,96.6,True,synth01-exertion-2,synth01,sitting,synth-post-exertion,49968.0,566.0,0.75,99.9,,,1.1327249439641371,903.1394871964097,0.7434,917.0,178,1,0
2455,pi4b-01,2026-07-27 16:38:58.855454+00:00,30.7,67.0,,96.4,True,synth01-exertion-2,synth01,sitting,synth-post-exertion,49195.0,478.0,0.717,99.6,,,0.971643459701189,921.3752764211013,0.7397,773.0,179,0,0
2456,pi4b-01,2026-07-27 16:38:59.855454+00:00,27.3,66.0,109.5,97.6,True,synth01-exertion-2,synth01,sitting,synth-post-exertion,50923.0,613.0,0.671,99.8,,,1.2037782534414703,868.7873349292078,0.7308999999999999,1728.0,180,1,0
2457,pi4b-01,2026-07-27 16:39:00.855454+00:00,29.7,74.0,106.3,97.3,True,synth01-exertion-2,synth01,sitting,synth-post-exertion,51259.0,587.0,0.724,99.5,,,1.1451647515558245,953.6110318154141,0.726,336.0,181,1,0
2458,pi4b-01,2026-07-27 16:39:01.855454+00:00,29.9,66.0,96.2,98.1,True,synth01-exertion-2,synth01,sitting,synth-post-exertion,49570.0,451.0,0.739,99.7,,,0.9098244906193262,923.00006620925,0.7202,1689.0,182,1,0
2459,pi4b-01,2026-07-27 16:39:02.855454+00:00,26.0,71.0,,95.3,True,synth01-exertion-2,synth01,sitting,synth-post-exertion,52190.0,446.0,0.665,99.4,,,0.8545698409657023,1078.91243594858,0.7129,2620.0,183,0,0
2460,pi4b-01,2026-07-27 16:39:03.855454+00:00,26.4,66.0,103.8,97.8,True,synth01-exertion-2,synth01,sitting,synth-post-exertion,50892.0,551.0,0.651,99.8,,,1.0826849013597422,1044.316576097095,0.7078,1298.0,184,1,0
2461,pi4b-01,2026-07-27 16:39:04.855454+00:00,29.7,66.0,108.1,95.5,True,synth01-exertion-2,synth01,sitting,synth-post-exertion,50126.0,733.0,0.669,99.8,,,1.462314966284962,1027.4161820368408,0.7076,766.0,185,1,0
2462,pi4b-01,2026-07-27 16:39:05.855454+00:00,30.5,68.0,105.7,96.3,True,synth01-exertion-2,synth01,sitting,synth-post-exertion,51777.0,682.0,0.68,99.5,,,1.3171871680475888,1079.3871151929181,0.701,1651.0,186,1,0
2463,pi4b-01,2026-07-27 16:39:06.855454+00:00,26.6,68.0,110.7,97.0,True,synth01-exertion-2,synth01,sitting,synth-post-exertion,52053.0,592.0,0.704,99.4,,,1.1373023648973162,1050.1913106138907,0.6970000000000001,276.0,187,1,0
2464,pi4b-01,2026-07-27 16:39:07.855454+00:00,28.9,65.0,110.3,99.8,True,synth01-exertion-2,synth01,sitting,synth-post-exertion,50635.0,663.0,0.606,99.9,,,1.3093709884467266,1012.3074851271596,0.6826000000000001,1418.0,188,1,0
2465,pi4b-01,2026-07-27 16:39:08.855454+00:00,28.6,66.0,106.7,98.0,True,synth01-exertion-2,synth01,sitting,synth-post-exertion,49730.0,503.0,0.634,99.9,,,1.0114618942288358,924.7708725228616,0.6743,905.0,189,1,0
2466,pi4b-01,2026-07-27 16:39:09.855454+00:00,27.6,68.0,110.2,97.6,True,synth01-exertion-2,synth01,sitting,synth-post-exertion,52318.0,472.0,0.626,99.8,,,0.9021751596009021,1025.7332336756424,0.6698000000000001,2588.0,190,1,0
2467,pi4b-01,2026-07-27 16:39:10.855454+00:00,29.0,68.0,104.5,96.7,True,synth01-exertion-2,synth01,sitting,synth-post-exertion,50286.0,555.0,0.646,99.6,,,1.1036869108698246,1050.0915356926555,0.662,2032.0,191,1,0
2468,pi4b-01,2026-07-27 16:39:11.855454+00:00,27.4,73.0,109.2,97.8,True,synth01-exertion-2,synth01,sitting,synth-post-exertion,51958.0,676.0,0.677,99.7,,,1.301050848762462,967.7502260397665,0.6558,1672.0,192,1,0
2469,pi4b-01,2026-07-27 16:39:12.855454+00:00,28.9,69.0,103.2,98.6,True,synth01-exertion-2,synth01,sitting,synth-post-exertion,52173.0,693.0,0.724,99.7,,,1.3282732447817838,965.8240925643745,0.6617000000000001,215.0,193,1,0
2470,pi4b-01,2026-07-27 16:39:13.855454+00:00,27.0,66.0,100.0,97.6,True,synth01-exertion-2,synth01,sitting,synth-post-exertion,49478.0,766.0,0.643,99.8,,,1.5481628198391204,1108.1075158425238,0.6609,2695.0,194,1,0
2471,pi4b-01,2026-07-27 16:39:14.855454+00:00,26.1,68.0,108.0,96.5,True,synth01-exertion-2,synth01,sitting,synth-post-exertion,48968.0,783.0,0.834,99.5,,,1.599003430811959,1265.167814955796,0.6774,510.0,195,1,0
2472,pi4b-01,2026-07-27 16:39:15.855454+00:00,30.7,65.0,104.7,98.7,True,synth01-exertion-2,synth01,sitting,synth-post-exertion,50254.0,539.0,0.715,99.6,,,1.0725514386914474,1244.3923148803835,0.6809,1286.0,196,1,0
2473,pi4b-01,2026-07-27 16:39:16.855454+00:00,29.8,68.0,106.9,97.8,True,synth01-exertion-2,synth01,sitting,synth-post-exertion,50312.0,615.0,0.679,99.8,,,1.2223723962474162,1166.6881712303928,0.6784,58.0,197,1,0
2474,pi4b-01,2026-07-27 16:39:17.855454+00:00,28.1,72.0,110.3,96.8,True,synth01-exertion-2,synth01,sitting,synth-post-exertion,49604.0,795.0,0.706,99.5,,,1.602693331182969,1209.1337992316958,0.6884,708.0,198,1,0
2475,pi4b-01,2026-07-27 16:39:18.855454+00:00,30.0,66.0,105.4,98.5,True,synth01-exertion-2,synth01,sitting,synth-post-exertion,48915.0,512.0,0.654,99.6,,,1.0467136870080753,1292.0331265103196,0.6904,689.0,199,1,0
2476,pi4b-01,2026-07-27 16:39:19.855454+00:00,30.3,70.0,,96.8,True,synth01-exertion-2,synth01,sitting,synth-post-exertion,50945.0,555.0,0.592,99.7,,,1.0894101481990381,1131.713455095625,0.687,2030.0,200,0,0
2477,pi4b-01,2026-07-27 16:39:20.855454+00:00,29.7,71.0,99.0,98.5,True,synth01-exertion-2,synth01,sitting,synth-post-exertion,49697.0,469.0,0.576,99.8,,,0.9437189367567459,1147.1265744362354,0.6799999999999999,1248.0,201,1,0
2478,pi4b-01,2026-07-27 16:39:21.855454+00:00,27.4,67.0,103.5,94.5,True,synth01-exertion-2,synth01,sitting,synth-post-exertion,51017.0,682.0,0.689,99.4,,,1.336809298861164,1021.3653226060978,0.6811999999999999,1320.0,202,1,0
2479,pi4b-01,2026-07-27 16:39:22.855454+00:00,29.4,73.0,100.6,96.5,True,synth01-exertion-2,synth01,sitting,synth-post-exertion,49435.0,515.0,0.63,99.6,,,1.041772023869728,744.0649986541938,0.6718,1582.0,203,1,0
2480,pi4b-01,2026-07-27 16:39:23.855454+00:00,27.0,69.0,108.6,100.0,True,synth01-exertion-2,synth01,sitting,synth-post-exertion,50645.0,627.0,0.724,99.6,,,1.2380294204758615,768.1848446536774,0.6799,1210.0,204,1,0
2481,pi4b-01,2026-07-27 16:39:24.855454+00:00,29.8,66.0,103.5,97.3,True,synth01-exertion-2,synth01,sitting,synth-post-exertion,51641.0,555.0,0.7,99.8,,,1.0747274452469935,839.0161235373148,0.6665,996.0,205,1,0
2482,pi4b-01,2026-07-27 16:39:25.855454+00:00,29.2,63.0,107.5,97.5,True,synth01-exertion-2,synth01,sitting,synth-post-exertion,49242.0,623.0,0.731,99.7,,,1.2651801307826651,897.0372282625295,0.6681,2399.0,206,1,0
2483,pi4b-01,2026-07-27 16:39:26.855454+00:00,28.5,69.0,107.0,97.0,True,synth01-exertion-2,synth01,sitting,synth-post-exertion,50668.0,437.0,0.648,99.6,,,0.8624773032288624,911.338143123145,0.6649999999999999,1426.0,207,1,0
2484,pi4b-01,2026-07-27 16:39:27.855454+00:00,26.1,62.0,100.5,96.2,True,synth01-exertion-2,synth01,sitting,synth-post-exertion,50629.0,573.0,0.614,99.7,,,1.1317624286476131,896.7690400048032,0.6557999999999999,39.0,208,1,0
2485,pi4b-01,2026-07-27 16:39:28.855454+00:00,26.1,67.0,103.1,98.2,True,synth01-exertion-2,synth01,sitting,synth-post-exertion,50793.0,439.0,0.679,99.7,,,0.864292323745398,765.3784539545086,0.6582999999999999,164.0,209,1,0
2486,pi4b-01,2026-07-27 16:39:29.855454+00:00,30.2,73.0,103.0,96.6,True,synth01-exertion-2,synth01,sitting,synth-post-exertion,49876.0,526.0,0.604,99.7,,,1.0546154463068411,766.5027433451077,0.6595,917.0,210,1,0
2487,pi4b-01,2026-07-27 16:39:30.855454+00:00,28.5,70.0,100.4,99.2,True,synth01-exertion-2,synth01,sitting,synth-post-exertion,49896.0,506.0,0.598,99.8,,,1.0141093474426808,749.651296715137,0.6617,20.0,211,1,0
2488,pi4b-01,2026-07-27 16:39:31.855454+00:00,27.3,72.0,97.9,98.4,True,synth01-exertion-2,synth01,sitting,synth-post-exertion,50358.0,361.0,0.69,99.7,,,0.7168672306286985,716.0552508167543,0.6618,462.0,212,1,0
2489,pi4b-01,2026-07-27 16:39:32.855454+00:00,26.1,66.0,98.5,97.3,True,synth01-exertion-2,synth01,sitting,synth-post-exertion,50908.0,510.0,0.74,99.6,,,1.0018071815824625,663.7578541071324,0.6728,550.0,213,1,0
2490,pi4b-01,2026-07-27 16:39:33.855454+00:00,30.5,64.0,100.6,97.6,True,synth01-exertion-2,synth01,sitting,synth-post-exertion,50100.0,505.0,0.661,99.8,,,1.0079840319361277,669.7384978897168,0.6665,808.0,214,1,0
2491,pi4b-01,2026-07-27 16:39:34.855454+00:00,28.6,63.0,106.0,99.4,True,synth01-exertion-2,synth01,sitting,synth-post-exertion,50418.0,457.0,0.616,99.6,,,0.9064223094926416,513.6760327937161,0.6580999999999999,318.0,215,1,0
2492,pi4b-01,2026-07-27 16:39:35.855454+00:00,29.0,67.0,109.3,98.6,True,synth01-exertion-2,synth01,sitting,synth-post-exertion,51990.0,346.0,0.494,99.9,,,0.6655125985766494,616.2528701758823,0.6344000000000001,1572.0,216,1,0
2493,pi4b-01,2026-07-27 16:39:36.855454+00:00,29.6,64.0,106.1,97.6,True,synth01-exertion-2,synth01,sitting,synth-post-exertion,51211.0,325.0,0.571,99.4,,,0.6346292788658687,649.4998845265565,0.6267,779.0,217,1,0
2494,pi4b-01,2026-07-27 16:39:37.855454+00:00,26.2,69.0,111.8,95.5,True,synth01-exertion-2,synth01,sitting,synth-post-exertion,52440.0,258.0,0.599,99.4,,,0.49199084668192217,868.4983208580973,0.6252000000000001,1229.0,218,1,0
2495,pi4b-01,2026-07-27 16:39:38.855454+00:00,29.8,66.0,106.1,96.7,True,synth01-exertion-2,synth01,sitting,synth-post-exertion,52206.0,337.0,0.62,99.7,,,0.6455196720683446,975.7367643649217,0.6193,234.0,219,1,0
2496,pi4b-01,2026-07-27 16:39:39.855454+00:00,27.2,62.0,,94.7,True,synth01-exertion-2,synth01,sitting,synth-post-exertion,50111.0,411.0,0.638,99.8,,,0.82017920217118,949.7392390662893,0.6227,2095.0,220,0,0
2497,pi4b-01,2026-07-27 16:39:40.855454+00:00,29.2,69.0,98.7,96.7,True,synth01-exertion-2,synth01,sitting,synth-post-exertion,50344.0,325.0,0.7,99.8,,,0.6455585571269665,903.1996457040879,0.6329,233.0,221,1,0
2498,pi4b-01,2026-07-27 16:39:41.855454+00:00,30.4,71.0,97.0,96.0,True,synth01-exertion-2,synth01,sitting,synth-post-exertion,51518.0,395.0,0.622,99.6,,,0.7667223106487053,884.6577743838351,0.6260999999999999,1174.0,222,1,0
2499,pi4b-01,2026-07-27 16:39:42.855454+00:00,30.9,63.0,99.5,97.9,True,synth01-exertion-2,synth01,sitting,synth-post-exertion,51786.0,395.0,0.684,99.7,,,0.762754412389449,904.1275966981032,0.6204999999999999,268.0,223,1,0
2500,pi4b-01,2026-07-27 16:39:43.855454+00:00,27.9,69.0,103.2,99.6,True,synth01-exertion-2,synth01,sitting,synth-post-exertion,49228.0,511.0,0.705,99.5,,,1.03802713902657,1053.1113479167786,0.6249,2558.0,224,1,0
2501,pi4b-01,2026-07-27 16:39:44.855454+00:00,29.7,64.0,106.0,96.4,True,synth01-exertion-2,synth01,sitting,synth-post-exertion,50638.0,521.0,0.811,99.6,,,1.0288715984043604,1038.8981128526852,0.6444,1410.0,225,1,0
2502,pi4b-01,2026-07-27 16:39:45.855454+00:00,29.2,71.0,,96.8,True,synth01-exertion-2,synth01,sitting,synth-post-exertion,49526.0,359.0,0.689,99.5,,,0.7248717845172232,1106.7786891093747,0.6638999999999999,1112.0,226,0,0
2503,pi4b-01,2026-07-27 16:39:46.855454+00:00,27.9,72.0,102.6,95.9,True,synth01-exertion-2,synth01,sitting,synth-post-exertion,50193.0,393.0,0.607,99.8,,,0.7829777060546291,1121.792018750954,0.6675,667.0,227,1,0
2504,pi4b-01,2026-07-27 16:39:47.855454+00:00,28.2,71.0,114.3,97.9,True,synth01-exertion-2,synth01,sitting,synth-post-exertion,50122.0,461.0,0.743,99.6,,,0.9197557958581062,974.9012257659883,0.6819,71.0,228,1,0
2505,pi4b-01,2026-07-27 16:39:48.855454+00:00,27.8,73.0,110.2,100.0,True,synth01-exertion-2,synth01,sitting,synth-post-exertion,51532.0,516.0,0.672,99.6,,,1.001319568423504,866.2587245031419,0.6870999999999999,1410.0,229,1,0
2506,pi4b-01,2026-07-27 16:39:49.855454+00:00,30.5,66.0,104.1,96.2,True,synth01-exertion-2,synth01,sitting,synth-post-exertion,49328.0,518.0,0.801,99.8,,,1.0501135257865715,937.7442496639565,0.7034,2204.0,230,1,0
2507,pi4b-01,2026-07-27 16:39:50.855454+00:00,29.4,63.0,102.0,97.4,True,synth01-exertion-2,synth01,sitting,synth-post-exertion,51171.0,527.0,0.766,99.7,,,1.0298802055851948,966.185489437733,0.7100000000000001,1843.0,231,1,0
2508,pi4b-01,2026-07-27 16:39:51.855454+00:00,26.3,73.0,108.6,94.8,True,synth01-exertion-2,synth01,sitting,synth-post-exertion,51240.0,572.0,0.716,99.6,,,1.1163153786104605,937.3433143138769,0.7194,69.0,232,1,0
2509,pi4b-01,2026-07-27 16:39:52.855454+00:00,28.6,71.0,110.8,96.2,True,synth01-exertion-2,synth01,sitting,synth-post-exertion,51378.0,619.0,0.635,99.7,,,1.2047958270076686,881.2047561278025,0.7145,138.0,233,1,0
2510,pi4b-01,2026-07-27 16:39:53.855454+00:00,28.2,67.0,107.6,99.8,True,synth01-exertion-2,synth01,sitting,synth-post-exertion,50651.0,381.0,0.75,99.8,,,0.7522062743085033,772.7514261822432,0.7190000000000001,727.0,234,1,0
2511,pi4b-01,2026-07-27 16:39:54.855454+00:00,26.5,66.0,108.1,98.7,True,synth01-exertion-2,synth01,sitting,synth-post-exertion,52060.0,330.0,0.698,99.8,,,0.6338839800230504,904.6241024130837,0.7077,1409.0,235,1,0
2512,pi4b-01,2026-07-27 16:39:55.855454+00:00,26.7,65.0,109.6,100.0,True,synth01-exertion-2,synth01,sitting,synth-post-exertion,51882.0,441.0,0.754,99.6,,,0.850005782352261,865.0090622518163,0.7142000000000001,178.0,236,1,0
2513,pi4b-01,2026-07-27 16:39:56.855454+00:00,26.7,70.0,106.2,94.8,True,synth01-exertion-2,synth01,sitting,synth-post-exertion,49523.0,425.0,0.738,99.8,,,0.8581871049815236,952.2017818368795,0.7273,2359.0,237,1,0
2514,pi4b-01,2026-07-27 16:39:57.855454+00:00,29.2,67.0,110.6,100.0,True,synth01-exertion-2,synth01,sitting,synth-post-exertion,50022.0,366.0,0.647,99.8,,,0.7316780616528727,961.6267524934541,0.7177,499.0,238,1,0
2515,pi4b-01,2026-07-27 16:39:58.855454+00:00,30.8,71.0,105.6,97.9,True,synth01-exertion-2,synth01,sitting,synth-post-exertion,51128.0,454.0,0.734,99.4,,,0.8879674542325146,939.3592437874278,0.7239,1106.0,239,1,0
2516,pi4b-01,2026-07-27 16:39:59.855454+00:00,29.6,70.0,102.9,97.1,True,synth01-exertion-2,synth01,sitting,synth-post-exertion,50819.0,495.0,0.699,99.6,,,0.9740451405970207,777.361663291638,0.7137,309.0,240,1,0
2517,pi4b-01,2026-07-27 16:40:00.855454+00:00,28.4,71.0,108.9,97.9,True,synth01-exertion-2,synth01,sitting,synth-post-exertion,50532.0,382.0,0.638,99.7,,,0.7559566215467426,786.7986118159764,0.7009,287.0,241,1,0
2518,pi4b-01,2026-07-27 16:40:01.855454+00:00,29.7,66.0,115.0,96.3,True,synth01-exertion-2,synth01,sitting,synth-post-exertion,50154.0,363.0,0.772,99.6,,,0.7237707859791841,812.7789709112534,0.7064999999999999,378.0,242,1,0
2519,pi4b-01,2026-07-27 16:40:02.855454+00:00,28.4,74.0,111.5,95.4,True,synth01-exertion-2,synth01,sitting,synth-post-exertion,49548.0,289.0,0.674,99.8,,,0.5832727859853072,875.5030871193836,0.7104,606.0,243,1,0
2520,pi4b-01,2026-07-27 16:40:03.855454+00:00,26.3,72.0,113.7,97.8,True,synth01-exertion-2,synth01,sitting,synth-post-exertion,50514.0,329.0,0.87,99.6,,,0.6513045888268598,876.242584371864,0.7224,966.0,244,1,0
2521,pi4b-01,2026-07-27 16:40:04.855454+00:00,29.9,74.0,110.0,97.9,True,synth01-exertion-2,synth01,sitting,synth-post-exertion,50850.0,328.0,0.79,99.7,,,0.6450344149459194,725.6218482561644,0.7316,336.0,245,1,0
2522,pi4b-01,2026-07-27 16:40:05.855454+00:00,30.3,72.0,115.0,98.5,True,synth01-exertion-2,synth01,sitting,synth-post-exertion,50027.0,287.0,0.669,99.8,,,0.5736902072880644,547.5255549591935,0.7231,823.0,246,1,0
2523,pi4b-01,2026-07-27 16:40:06.855454+00:00,27.9,72.0,,98.7,True,synth01-exertion-2,synth01,sitting,synth-post-exertion,49371.0,324.0,0.662,99.4,,,0.6562556966640335,573.3543116317411,0.7155,656.0,247,0,0
2524,pi4b-01,2026-07-27 16:40:07.855454+00:00,26.4,71.0,106.3,97.9,True,synth01-exertion-2,synth01,sitting,synth-post-exertion,51869.0,305.0,0.592,99.8,,,0.5880198191598064,746.4643773594902,0.7100000000000001,2498.0,248,1,0
2525,pi4b-01,2026-07-27 16:40:08.855454+00:00,30.3,70.0,104.4,95.4,True,synth01-exertion-2,synth01,sitting,synth-post-exertion,49259.0,388.0,0.664,99.7,,,0.787673318581376,798.6786379180979,0.7030000000000001,2610.0,249,1,0
2526,pi4b-01,2026-07-27 16:40:09.855454+00:00,30.8,73.0,109.9,97.5,True,synth01-exertion-2,synth01,sitting,synth-post-exertion,52201.0,352.0,0.643,99.5,,,0.674316583973487,994.9980736999931,0.6974,2942.0,250,1,0
2527,pi4b-01,2026-07-27 16:40:10.855454+00:00,26.6,72.0,112.1,100.0,True,synth01-exertion-2,synth01,sitting,synth-post-exertion,49152.0,436.0,0.628,99.6,,,0.8870442708333334,1072.3562063667903,0.6964,3049.0,251,1,0
2528,pi4b-01,2026-07-27 16:40:11.855454+00:00,26.8,72.0,110.0,96.0,True,synth01-exertion-2,synth01,sitting,synth-post-exertion,51716.0,457.0,0.81,99.8,,,0.883672364452007,1159.8116753258907,0.7002,2564.0,252,1,0
2529,pi4b-01,2026-07-27 16:40:12.855454+00:00,28.8,68.0,109.4,99.0,True,synth01-exertion-2,synth01,sitting,synth-post-exertion,49357.0,363.0,0.589,99.8,,,0.7354579897481613,1177.7630586082462,0.6917,2359.0,253,1,0
2530,pi4b-01,2026-07-27 16:40:13.855454+00:00,29.4,65.0,112.6,93.4,True,synth01-exertion-2,synth01,sitting,synth-post-exertion,51240.0,410.0,0.555,99.9,,,0.8001561280249805,1205.45729451064,0.6602,1883.0,254,1,0
2531,pi4b-01,2026-07-27 16:40:14.855454+00:00,27.4,72.0,110.8,97.8,True,synth01-exertion-2,synth01,sitting,synth-post-exertion,50712.0,319.0,0.672,99.8,,,0.6290424357154125,1201.8432325206059,0.6484,528.0,255,1,0
2532,pi4b-01,2026-07-27 16:40:15.855454+00:00,29.2,66.0,,97.0,True,synth01-exertion-2,synth01,sitting,synth-post-exertion,49940.0,389.0,0.61,99.6,,,0.7789347216659992,1205.878568605582,0.6425000000000001,772.0,256,0,0
2533,pi4b-01,2026-07-27 16:40:16.855454+00:00,26.2,65.0,106.6,98.6,True,synth01-exertion-2,synth01,sitting,synth-post-exertion,49694.0,278.0,0.766,99.5,,,0.5594236728780134,1176.7975375757999,0.6529,246.0,257,1,0
2534,pi4b-01,2026-07-27 16:40:17.855454+00:00,26.3,70.0,101.9,98.7,True,synth01-exertion-2,synth01,sitting,synth-post-exertion,49998.0,373.0,0.729,99.4,,,0.7460298411936478,1082.3759307909609,0.6666,304.0,258,1,0
2535,pi4b-01,2026-07-27 16:40:18.855454+00:00,28.3,71.0,105.7,97.3,True,synth01-exertion-2,synth01,sitting,synth-post-exertion,51667.0,280.0,0.713,99.8,,,0.5419319875355643,1086.2499252013852,0.6715,1669.0,259,1,0
2536,pi4b-01,2026-07-27 16:40:19.855454+00:00,29.0,64.0,,95.8,True,synth01-exertion-2,synth01,sitting,synth-post-exertion,51039.0,326.0,0.698,99.5,,,0.6387272477909051,945.0973200916789,0.677,628.0,260,0,0
2537,pi4b-01,2026-07-27 16:40:20.855454+00:00,30.2,65.0,102.3,98.3,True,synth01-exertion-2,synth01,sitting,synth-post-exertion,50551.0,298.0,0.668,99.9,,,0.5895036695614331,827.6043338053178,0.681,488.0,261,1,0
2538,pi4b-01,2026-07-27 16:40:21.855454+00:00,30.4,73.0,105.3,99.3,True,synth01-exertion-2,synth01,sitting,synth-post-exertion,50233.0,356.0,0.771,99.6,,,0.708697469790775,730.9169963515595,0.6771,318.0,262,1,0
2539,pi4b-01,2026-07-27 16:40:22.855454+00:00,29.0,69.0,105.8,95.6,True,synth01-exertion-2,synth01,sitting,synth-post-exertion,50825.0,343.0,0.794,99.5,,,0.6748647319232661,628.8339208407988,0.6976,592.0,263,1,0
2540,pi4b-01,2026-07-27 16:40:23.855454+00:00,29.0,67.0,103.1,96.7,True,synth01-exertion-2,synth01,sitting,synth-post-exertion,49972.0,372.0,0.806,99.8,,,0.7444168734491315,610.7624470010358,0.7226999999999999,853.0,264,1,0
2541,pi4b-01,2026-07-27 16:40:24.855454+00:00,29.7,66.0,112.5,95.1,True,synth01-exertion-2,synth01,sitting,synth-post-exertion,50122.0,365.0,0.711,99.8,,,0.7282231355492598,612.5415994943884,0.7266,150.0,265,1,0
2542,pi4b-01,2026-07-27 16:40:25.855454+00:00,26.9,72.0,114.9,98.9,True,synth01-exertion-2,synth01,sitting,synth-post-exertion,52590.0,317.0,0.698,99.4,,,0.6027761931926221,896.7462727983769,0.7354,2468.0,266,1,0
2543,pi4b-01,2026-07-27 16:40:26.855454+00:00,27.7,65.0,107.9,98.5,True,synth01-exertion-2,synth01,sitting,synth-post-exertion,51101.0,274.0,0.641,99.9,,,0.5361930294906166,835.0074916496854,0.7228999999999999,1489.0,267,1,0
2544,pi4b-01,2026-07-27 16:40:27.855454+00:00,26.2,73.0,106.0,94.6,True,synth01-exertion-2,synth01,sitting,synth-post-exertion,52006.0,219.0,0.586,99.6,,,0.4211052570857209,859.1860747888542,0.7086,905.0,268,1,0
2545,pi4b-01,2026-07-27 16:40:28.855454+00:00,30.5,73.0,115.7,96.0,True,synth01-exertion-2,synth01,sitting,synth-post-exertion,51078.0,266.0,0.577,99.6,,,0.5207721523943772,828.840964506713,0.6950000000000001,928.0,269,1,0
2546,pi4b-01,2026-07-27 16:40:29.855454+00:00,30.3,68.0,111.4,93.6,True,synth01-exertion-2,synth01,sitting,synth-post-exertion,51061.0,209.0,0.618,99.4,,,0.409314349503535,829.1275803182632,0.687,17.0,270,1,0
2547,pi4b-01,2026-07-27 16:40:30.855454+00:00,30.2,67.0,108.6,94.3,True,synth01-exertion-2,synth01,sitting,synth-post-exertion,51609.0,256.0,0.623,99.5,,,0.49603751283690833,839.4418846934798,0.6824999999999999,548.0,271,1,0
2548,pi4b-01,2026-07-27 16:40:31.855454+00:00,30.6,65.0,112.3,97.6,True,synth01-exertion-2,synth01,sitting,synth-post-exertion,52385.0,270.0,0.674,99.5,,,0.5154147179536127,878.8781295871526,0.6728,776.0,272,1,0
2549,pi4b-01,2026-07-27 16:40:32.855454+00:00,28.2,68.0,108.0,98.0,True,synth01-exertion-2,synth01,sitting,synth-post-exertion,52652.0,297.0,0.692,99.6,,,0.5640811365190306,961.0204298903302,0.6626000000000001,267.0,273,1,0
2550,pi4b-01,2026-07-27 16:40:33.855454+00:00,29.8,73.0,102.6,95.8,True,synth01-exertion-2,synth01,sitting,synth-post-exertion,52796.0,229.0,0.629,99.7,,,0.4337449806803546,888.1223639416106,0.6449,144.0,274,1,0
2551,pi4b-01,2026-07-27 16:40:34.855454+00:00,29.1,74.0,110.6,94.0,True,synth01-exertion-2,synth01,sitting,synth-post-exertion,51133.0,314.0,0.523,99.9,,,0.6140848375804275,726.2663193805411,0.6261,1663.0,275,1,0
2552,pi4b-01,2026-07-27 16:40:35.855454+00:00,26.6,68.0,108.0,94.8,True,synth01-exertion-2,synth01,sitting,synth-post-exertion,51349.0,262.0,0.351,99.6,,,0.5102338896570527,689.1595525629692,0.5914,216.0,276,1,0
2553,pi4b-01,2026-07-27 16:40:36.855454+00:00,29.5,64.0,,96.1,True,synth01-exertion-2,synth01,sitting,synth-post-exertion,50636.0,272.0,0.519,99.5,,,0.5371672327987993,748.4762669731953,0.5791999999999999,713.0,277,0,0
2554,pi4b-01,2026-07-27 16:40:37.855454+00:00,27.7,65.0,115.5,96.7,True,synth01-exertion-2,synth01,sitting,synth-post-exertion,52181.0,308.0,0.448,99.8,,,0.5902531572794695,759.1616721386496,0.5654,1545.0,278,1,0
2555,pi4b-01,2026-07-27 16:40:38.855454+00:00,27.1,67.0,110.9,96.2,True,synth01-exertion-2,synth01,sitting,synth-post-exertion,51277.0,328.0,0.589,99.6,,,0.6396630068061704,743.8487674848922,0.5666,904.0,279,1,0
2556,pi4b-01,2026-07-27 16:40:39.855454+00:00,27.9,63.0,100.6,99.7,True,synth01-exertion-2,synth01,sitting,synth-post-exertion,50666.0,365.0,0.582,99.8,,,0.7204042158449453,791.0100715750979,0.563,611.0,280,1,0
2557,pi4b-01,2026-07-27 16:40:40.855454+00:00,28.0,70.0,114.6,95.4,True,synth01-exertion-2,synth01,sitting,synth-post-exertion,50420.0,390.0,0.617,99.5,,,0.7735025783419278,884.7394154965931,0.5624,246.0,281,1,0
2558,pi4b-01,2026-07-27 16:40:41.855454+00:00,28.0,64.0,105.8,95.7,True,synth01-exertion-2,synth01,sitting,synth-post-exertion,50159.0,420.0,0.736,99.5,,,0.8373372674893838,930.0416298925952,0.5686,261.0,282,1,0
2559,pi4b-01,2026-07-27 16:40:42.855454+00:00,28.4,68.0,96.2,95.6,True,synth01-exertion-2,synth01,sitting,synth-post-exertion,52144.0,352.0,0.698,99.7,,,0.6750536974532065,860.9266906459653,0.5691999999999999,1985.0,283,1,0
2560,pi4b-01,2026-07-27 16:40:43.855454+00:00,28.5,73.0,111.9,97.9,True,synth01-exertion-2,synth01,sitting,synth-post-exertion,50142.0,379.0,0.703,99.8,,,0.7558533764109928,741.055411033611,0.5766,2002.0,284,1,0
2561,pi4b-01,2026-07-27 16:40:44.855454+00:00,28.2,67.0,114.0,96.2,True,synth01-exertion-2,synth01,sitting,synth-post-exertion,52896.0,343.0,0.696,99.9,,,0.6484422262552935,952.8349513133961,0.5938999999999999,2754.0,285,1,0
2562,pi4b-01,2026-07-27 16:40:45.855454+00:00,30.1,73.0,107.3,93.9,True,synth01-exertion-2,synth01,sitting,synth-post-exertion,53227.0,401.0,0.554,99.5,,,0.7533770454844346,1152.47162413848,0.6142,331.0,286,1,0
2563,pi4b-01,2026-07-27 16:40:46.855454+00:00,30.0,65.0,105.9,95.3,True,synth01-exertion-2,synth01,sitting,synth-post-exertion,52453.0,365.0,0.512,99.8,,,0.6958610565649248,1166.202693455193,0.6134999999999999,774.0,287,1,0
2564,pi4b-01,2026-07-27 16:40:47.855454+00:00,28.8,69.0,105.8,96.5,True,synth01-exertion-2,synth01,sitting,synth-post-exertion,51599.0,322.0,0.695,99.5,,,0.6240431016104964,1145.919916728689,0.6382,854.0,288,1,0
2565,pi4b-01,2026-07-27 16:40:48.855454+00:00,28.9,71.0,110.6,97.9,True,synth01-exertion-2,synth01,sitting,synth-post-exertion,51994.0,372.0,0.771,99.6,,,0.7154671692887641,1152.9444431059164,0.6563999999999999,395.0,289,1,0
2566,pi4b-01,2026-07-27 16:40:49.855454+00:00,28.9,71.0,114.1,99.7,True,synth01-exertion-2,synth01,sitting,synth-post-exertion,52667.0,303.0,0.802,99.5,,,0.5753128144758577,1152.2596592010518,0.6784,673.0,290,1,0
2567,pi4b-01,2026-07-27 16:40:50.855454+00:00,30.6,63.0,,94.8,True,synth01-exertion-2,synth01,sitting,synth-post-exertion,51352.0,272.0,0.602,99.5,,,0.529677519862907,1065.337510421464,0.6769,1315.0,291,0,0
2568,pi4b-01,2026-07-27 16:40:51.855454+00:00,30.4,74.0,111.3,95.0,True,synth01-exertion-2,synth01,sitting,synth-post-exertion,52054.0,242.0,0.508,99.7,,,0.46490183271218355,881.1054672650222,0.6540999999999999,702.0,292,1,0
2569,pi4b-01,2026-07-27 16:40:52.855454+00:00,28.9,70.0,102.2,97.7,True,synth01-exertion-2,synth01,sitting,synth-post-exertion,51295.0,166.0,0.514,99.8,,,0.32361828638268836,911.7129726203988,0.6357,759.0,293,1,0
2570,pi4b-01,2026-07-27 16:40:53.855454+00:00,26.3,73.0,101.0,96.2,True,synth01-exertion-2,synth01,sitting,synth-post-exertion,54706.0,149.0,0.433,99.8,,,0.2723650056666545,1030.7093619875131,0.6087,3411.0,294,1,0
2571,pi4b-01,2026-07-27 16:40:54.855454+00:00,29.7,66.0,114.9,92.7,True,synth01-exertion-2,synth01,sitting,synth-post-exertion,54074.0,155.0,0.456,99.9,,,0.28664422827976477,1150.9173587475634,0.5847,632.0,295,1,0
2572,pi4b-01,2026-07-27 16:40:55.855454+00:00,28.1,62.0,105.1,94.6,True,synth01-exertion-2,synth01,sitting,synth-post-exertion,53567.0,185.0,0.74,99.6,,,0.3453618832490153,1178.099642078913,0.6033000000000001,507.0,296,1,0
2573,pi4b-01,2026-07-27 16:40:56.855454+00:00,26.4,70.0,109.7,92.0,True,synth01-exertion-2,synth01,sitting,synth-post-exertion,53392.0,150.0,0.591,99.7,,,0.28094096493856757,1204.3271980652864,0.6112,175.0,297,1,0
2574,pi4b-01,2026-07-27 16:40:57.855454+00:00,28.2,71.0,106.2,95.9,True,synth01-exertion-2,synth01,sitting,synth-post-exertion,54605.0,218.0,0.691,99.7,,,0.3992308396666972,1280.0701543273888,0.6108,1213.0,298,1,0
2575,pi4b-01,2026-07-27 16:40:58.855454+00:00,30.8,72.0,,93.3,True,synth01-exertion-2,synth01,sitting,synth-post-exertion,52554.0,207.0,0.641,99.6,,,0.39388057997488296,1244.350093645391,0.5978,2051.0,299,0,0
2576,pi4b-01,2026-07-27 16:40:59.855454+00:00,29.1,63.0,100.6,94.9,True,synth01-exertion-2,synth01,sitting,synth-post-exertion,53028.0,244.0,0.453,99.6,,,0.4601342686882402,1237.978733437767,0.5629,474.0,300,1,0
2577,pi4b-01,2026-07-27 16:41:00.855454+00:00,30.9,68.0,,96.5,True,synth01-exertion-2,synth01,sitting,synth-post-exertion,52615.0,222.0,0.486,99.8,,,0.42193290886629287,1100.8958977930183,0.5513,413.0,301,0,0
2578,pi4b-01,2026-07-27 16:41:01.855454+00:00,26.9,67.0,103.2,94.6,True,synth01-exertion-2,synth01,sitting,synth-post-exertion,54623.0,232.0,0.487,99.5,,,0.4247295095472603,1106.340358519282,0.5492,2008.0,302,1,0
2579,pi4b-01,2026-07-27 16:41:02.855454+00:00,27.4,62.0,110.0,93.8,True,synth01-exertion-2,synth01,sitting,synth-post-exertion,53821.0,320.0,0.542,99.6,,,0.5945634603593393,809.1259001057086,0.5519999999999999,802.0,303,1,0
2580,pi4b-01,2026-07-27 16:41:03.855454+00:00,28.9,69.0,99.2,99.4,True,synth01-exertion-2,synth01,sitting,synth-post-exertion,51815.0,345.0,0.645,99.4,,,0.6658303580044388,918.2646919293658,0.5732,2006.0,304,1,0
2581,pi4b-01,2026-07-27 16:41:04.855454+00:00,26.9,66.0,103.3,96.2,True,synth01-exertion-2,synth01,sitting,synth-post-exertion,51802.0,279.0,0.644,99.6,,,0.538589243658546,1011.8593226771233,0.592,13.0,305,1,0
2582,pi4b-01,2026-07-27 16:41:05.855454+00:00,27.6,70.0,107.2,100.0,True,synth01-exertion-2,synth01,sitting,synth-post-exertion,52521.0,291.0,0.641,99.8,,,0.5540640886502541,1021.6781619797873,0.5821,719.0,306,1,0
2583,pi4b-01,2026-07-27 16:41:06.855454+00:00,30.6,72.0,103.7,96.4,True,synth01-exertion-2,synth01,sitting,synth-post-exertion,52781.0,390.0,0.576,99.6,,,0.7389022564938141,1019.0534006287747,0.5806,260.0,307,1,0
2584,pi4b-01,2026-07-27 18:36:00.191042+00:00,29.7,64.0,,,False,synth01-poor-1,synth01,sitting,synth-poor-contact,10966.0,653.0,0.155,99.4,,,5.954769286886741,0.0,0.155,0.0,0,0,1
2585,pi4b-01,2026-07-27 18:36:01.191042+00:00,29.9,64.0,,,False,synth01-poor-1,synth01,sitting,synth-poor-contact,10988.0,577.0,0.122,99.5,,,5.251183108846014,15.556349186104045,0.1385,22.0,1,0,1
2586,pi4b-01,2026-07-27 18:36:02.191042+00:00,27.3,69.0,,,False,synth01-poor-1,synth01,sitting,synth-poor-contact,11242.0,442.0,0.185,99.6,,,3.9316847536025614,153.3927421142645,0.154,254.0,2,0,1
2587,pi4b-01,2026-07-27 18:36:03.191042+00:00,30.6,68.0,,,False,synth01-poor-1,synth01,sitting,synth-poor-contact,11442.0,573.0,0.176,99.8,,,5.007865757734662,226.17618501218593,0.1595,200.0,3,0,1
2588,pi4b-01,2026-07-27 18:36:04.191042+00:00,27.7,73.0,,,False,synth01-poor-1,synth01,sitting,synth-poor-contact,11298.0,1573.0,0.177,99.7,,,13.922818197911136,205.43417437223022,0.16299999999999998,144.0,4,0,1
2589,pi4b-01,2026-07-27 18:36:05.191042+00:00,27.3,62.0,,,False,synth01-poor-1,synth01,sitting,synth-poor-contact,11241.0,1450.0,0.188,99.8,,,12.899208255493283,185.0539560956927,0.16716666666666666,57.0,5,0,1
2590,pi4b-01,2026-07-27 18:36:06.191042+00:00,28.9,68.0,,,False,synth01-poor-1,synth01,sitting,synth-poor-contact,11722.0,1398.0,0.175,99.7,,,11.926292441562873,260.8401261856986,0.1682857142857143,481.0,6,0,1
2591,pi4b-01,2026-07-27 18:36:07.191042+00:00,27.3,72.0,,,False,synth01-poor-1,synth01,sitting,synth-poor-contact,11158.0,1459.0,0.171,99.6,,,13.07582003943359,244.7899609869649,0.168625,564.0,7,0,1
2592,pi4b-01,2026-07-27 18:36:08.191042+00:00,29.6,65.0,,,False,synth01-poor-1,synth01,sitting,synth-poor-contact,11329.0,629.0,0.11,99.6,,,5.552122870509312,230.230017832408,0.16211111111111112,171.0,8,0,1
2593,pi4b-01,2026-07-27 18:36:09.191042+00:00,30.1,70.0,,,False,synth01-poor-1,synth01,sitting,synth-poor-contact,11410.0,351.0,0.19,99.6,,,3.0762489044697636,221.84589245690296,0.1649,81.0,9,0,1
2594,pi4b-01,2026-07-27 18:36:10.191042+00:00,26.9,65.0,,,False,synth01-poor-1,synth01,sitting,synth-poor-contact,11093.0,281.0,0.348,99.6,,,2.5331290002704407,204.88536089996967,0.18419999999999997,317.0,10,0,1
2595,pi4b-01,2026-07-27 18:36:11.191042+00:00,27.2,65.0,,,False,synth01-poor-1,synth01,sitting,synth-poor-contact,11581.0,361.0,0.349,99.6,,,3.1171746826698903,192.46540814736707,0.2069,488.0,11,0,1
2596,pi4b-01,2026-07-27 18:36:12.191042+00:00,29.0,73.0,,,False,synth01-poor-1,synth01,sitting,synth-poor-contact,11571.0,393.0,0.187,99.4,,,3.396422089707026,199.63480547127674,0.20709999999999998,10.0,12,0,1
2597,pi4b-01,2026-07-27 18:36:13.191042+00:00,29.1,66.0,,,False,synth01-poor-1,synth01,sitting,synth-poor-contact,11717.0,400.0,0.265,99.8,,,3.413843133907997,225.6777446813114,0.21600000000000003,146.0,13,0,1
2598,pi4b-01,2026-07-27 18:36:14.191042+00:00,26.8,70.0,,,False,synth01-poor-1,synth01,sitting,synth-poor-contact,11315.0,392.0,0.229,99.4,,,3.46442775077331,224.7858487044425,0.2212,402.0,14,0,1
2599,pi4b-01,2026-07-27 18:36:15.191042+00:00,27.2,67.0,,,False,synth01-poor-1,synth01,sitting,synth-poor-contact,11314.0,426.0,0.183,99.4,,,3.765246597136291,219.68158775827953,0.22069999999999998,1.0,15,0,1
2600,pi4b-01,2026-07-27 18:36:16.191042+00:00,28.5,68.0,,,False,synth01-poor-1,synth01,sitting,synth-poor-contact,11474.0,445.0,0.113,99.5,,,3.8783336238452155,194.47867635181635,0.2145,160.0,16,0,1
2601,pi4b-01,2026-07-27 18:36:17.191042+00:00,27.4,69.0,,,False,synth01-poor-1,synth01,sitting,synth-poor-contact,11382.0,407.0,0.261,99.8,,,3.575821472500439,176.01843337811968,0.22349999999999998,92.0,17,0,1
2602,pi4b-01,2026-07-27 18:36:18.191042+00:00,29.9,66.0,,,False,synth01-poor-1,synth01,sitting,synth-poor-contact,11298.0,350.0,0.229,99.7,,,3.0978934324659235,178.03323659736134,0.2354,84.0,18,0,1
2603,pi4b-01,2026-07-27 18:36:19.191042+00:00,27.7,64.0,,,False,synth01-poor-1,synth01,sitting,synth-poor-contact,11054.0,315.0,0.159,99.4,,,2.8496471865388093,211.67083985387208,0.23230000000000003,244.0,19,0,1
2604,pi4b-01,2026-07-27 18:36:20.191042+00:00,27.0,73.0,,,False,synth01-poor-1,synth01,sitting,synth-poor-contact,11204.0,383.0,0.178,99.7,,,3.418421992145662,197.3823137410663,0.2153,150.0,20,0,1
2605,pi4b-01,2026-07-27 18:36:21.191042+00:00,30.8,72.0,,,False,synth01-poor-1,synth01,sitting,synth-poor-contact,11317.0,303.0,0.113,99.8,,,2.6773880003534507,186.50123621871856,0.1917,113.0,21,0,1
2606,pi4b-01,2026-07-27 18:36:22.191042+00:00,28.9,70.0,,,False,synth01-poor-1,synth01,sitting,synth-poor-contact,11133.0,444.0,0.216,99.8,,,3.9881433575855567,184.0584448242202,0.19460000000000002,184.0,22,0,1
2607,pi4b-01,2026-07-27 18:36:23.191042+00:00,28.0,66.0,,,False,synth01-poor-1,synth01,sitting,synth-poor-contact,11210.0,394.0,0.15,99.5,,,3.514719000892061,122.24515441430594,0.18309999999999998,77.0,23,0,1
2608,pi4b-01,2026-07-27 18:36:24.191042+00:00,26.3,67.0,,,False,synth01-poor-1,synth01,sitting,synth-poor-contact,11641.0,471.0,0.19,99.5,,,4.046044154282278,169.77701061490302,0.1792,431.0,24,0,1
2609,pi4b-01,2026-07-27 18:36:25.191042+00:00,28.1,66.0,,,False,synth01-poor-1,synth01,sitting,synth-poor-contact,11358.0,579.0,0.285,99.9,,,5.097728473322768,170.67021480686594,0.1894,283.0,25,0,1
2610,pi4b-01,2026-07-27 18:36:26.191042+00:00,28.7,71.0,,,False,synth01-poor-1,synth01,sitting,synth-poor-contact,11125.0,631.0,0.147,99.7,,,5.671910112359551,168.4173387748415,0.1928,233.0,26,0,1
2611,pi4b-01,2026-07-27 18:36:27.191042+00:00,26.2,63.0,,,False,synth01-poor-1,synth01,sitting,synth-poor-contact,11146.0,627.0,0.169,99.6,,,5.625336443567199,167.85589057283602,0.18359999999999999,21.0,27,0,1
2612,pi4b-01,2026-07-27 18:36:28.191042+00:00,27.5,72.0,,,False,synth01-poor-1,synth01,sitting,synth-poor-contact,11406.0,561.0,0.22,99.5,,,4.918463966333508,174.7214926676161,0.1827,260.0,28,0,1
2613,pi4b-01,2026-07-27 18:36:29.191042+00:00,27.9,65.0,,,False,synth01-poor-1,synth01,sitting,synth-poor-contact,11603.0,535.0,0.172,99.6,,,4.6108764974575545,188.70320612008533,0.184,197.0,29,0,1
2614,pi4b-01,2026-07-27 18:36:30.191042+00:00,26.4,73.0,,,False,synth01-poor-1,synth01,sitting,synth-poor-contact,11533.0,430.0,0.188,99.5,,,3.7284314575565767,195.87966827734743,0.185,70.0,30,0,1
2615,pi4b-01,2026-07-27 18:36:31.191042+00:00,30.8,73.0,,,False,synth01-poor-1,synth01,sitting,synth-poor-contact,11129.0,576.0,0.175,99.7,,,5.175667175846887,207.7617224931789,0.1912,404.0,31,0,1
2616,pi4b-01,2026-07-27 18:36:32.191042+00:00,29.1,62.0,,,False,synth01-poor-1,synth01,sitting,synth-poor-contact,11586.0,480.0,0.17,99.9,,,4.142931123770068,209.7988719384965,0.18660000000000002,457.0,32,0,1
2617,pi4b-01,2026-07-27 18:36:33.191042+00:00,28.8,72.0,,,False,synth01-poor-1,synth01,sitting,synth-poor-contact,11449.0,447.0,0.226,99.5,,,3.904271115381256,202.56697109296107,0.19419999999999998,137.0,33,0,1
2618,pi4b-01,2026-07-27 18:36:34.191042+00:00,28.6,62.0,,,False,synth01-poor-1,synth01,sitting,synth-poor-contact,11444.0,639.0,0.289,99.6,,,5.583711988815099,185.0912387625778,0.2041,5.0,34,0,1
2619,pi4b-01,2026-07-27 18:36:35.191042+00:00,29.3,72.0,,,False,synth01-poor-1,synth01,sitting,synth-poor-contact,11159.0,373.0,0.224,99.8,,,3.3425934223496734,197.73438974768155,0.198,285.0,35,0,1
2620,pi4b-01,2026-07-27 18:36:36.191042+00:00,27.9,72.0,,,False,synth01-poor-1,synth01,sitting,synth-poor-contact,11327.0,490.0,0.261,99.6,,,4.325946852652953,180.88719627927424,0.20940000000000003,168.0,36,0,1
2621,pi4b-01,2026-07-27 18:36:37.191042+00:00,28.5,70.0,,,False,synth01-poor-1,synth01,sitting,synth-poor-contact,11413.0,483.0,0.089,99.8,,,4.232016121966179,161.46788466372007,0.20140000000000002,86.0,37,0,1
2622,pi4b-01,2026-07-27 18:36:38.191042+00:00,28.3,68.0,,,False,synth01-poor-1,synth01,sitting,synth-poor-contact,11257.0,558.0,0.245,99.4,,,4.956915696899706,168.0938891083026,0.20390000000000003,156.0,38,0,1
2623,pi4b-01,2026-07-27 18:36:39.191042+00:00,26.6,70.0,,,False,synth01-poor-1,synth01,sitting,synth-poor-contact,11373.0,744.0,0.131,99.5,,,6.54180954893168,150.52869789142486,0.1998,116.0,39,0,1
2624,pi4b-01,2026-07-27 18:36:40.191042+00:00,28.6,73.0,,,False,synth01-poor-1,synth01,sitting,synth-poor-contact,11215.0,822.0,0.296,99.8,,,7.3294694605439155,145.05385972879685,0.21059999999999998,158.0,40,0,1
2625,pi4b-01,2026-07-27 18:36:41.191042+00:00,30.7,70.0,,,False,synth01-poor-1,synth01,sitting,synth-poor-contact,11258.0,2801.0,0.01,99.5,,,24.88008527269497,129.59033743128646,0.1941,43.0,41,0,1
2626,pi4b-01,2026-07-27 18:36:42.191042+00:00,29.2,71.0,,,False,synth01-poor-1,synth01,sitting,synth-poor-contact,11447.0,5368.0,0.094,99.8,,,46.89438280772254,106.6643749753787,0.1865,189.0,42,0,1
2627,pi4b-01,2026-07-27 18:36:43.191042+00:00,27.4,67.0,,,False,synth01-poor-1,synth01,sitting,synth-poor-contact,11563.0,4748.0,0.118,99.8,,,41.06200812937819,124.84052048735907,0.17570000000000002,116.0,43,0,1
2628,pi4b-01,2026-07-27 18:36:44.191042+00:00,28.5,64.0,,,False,synth01-poor-1,synth01,sitting,synth-poor-contact,11500.0,6332.0,0.049,99.9,,,55.060869565217395,130.85598530020695,0.1517,63.0,44,0,1
2629,pi4b-01,2026-07-27 18:36:45.191042+00:00,27.9,69.0,,,False,synth01-poor-1,synth01,sitting,synth-poor-contact,10992.0,6472.0,0.011,99.9,,,58.87918486171762,164.45347197442723,0.1304,508.0,45,0,1
2630,pi4b-01,2026-07-27 18:36:46.191042+00:00,26.8,68.0,,,False,synth01-poor-1,synth01,sitting,synth-poor-contact,10905.0,3031.0,0.123,99.4,,,27.794589637780838,213.44010348989602,0.1166,87.0,46,0,1
2631,pi4b-01,2026-07-27 18:36:47.191042+00:00,27.7,66.0,,,False,synth01-poor-1,synth01,sitting,synth-poor-contact,11397.0,2775.0,0.023,99.6,,,24.348512766517505,212.49264039543112,0.11000000000000001,492.0,47,0,1
2632,pi4b-01,2026-07-27 18:36:48.191042+00:00,28.4,68.0,,,False,synth01-poor-1,synth01,sitting,synth-poor-contact,10900.0,3396.0,0.075,99.8,,,31.155963302752294,246.11289189222825,0.093,497.0,48,0,1
2633,pi4b-01,2026-07-27 18:36:49.191042+00:00,29.3,70.0,,,False,synth01-poor-1,synth01,sitting,synth-poor-contact,10531.0,3346.0,0.052,99.5,,,31.772861076820814,330.73984405336637,0.0851,369.0,49,0,1
2634,pi4b-01,2026-07-27 18:36:50.191042+00:00,26.2,64.0,,,False,synth01-poor-1,synth01,sitting,synth-poor-contact,10996.0,2837.0,0.188,99.9,,,25.800291014914517,334.7146213982571,0.0743,465.0,50,0,1
2635,pi4b-01,2026-07-27 18:36:51.191042+00:00,27.7,67.0,,,False,synth01-poor-1,synth01,sitting,synth-poor-contact,10423.0,956.0,0.115,99.8,,,9.172023409766862,401.8858876181995,0.0848,573.0,51,0,1
2636,pi4b-01,2026-07-27 18:36:52.191042+00:00,29.9,68.0,,,False,synth01-poor-1,synth01,sitting,synth-poor-contact,10251.0,659.0,0.078,99.4,,,6.428641108184567,450.70285850731955,0.0832,172.0,52,0,1
2637,pi4b-01,2026-07-27 18:36:53.191042+00:00,30.2,73.0,,,False,synth01-poor-1,synth01,sitting,synth-poor-contact,10311.0,688.0,0.141,99.6,,,6.6724856948889535,433.77956511471854,0.08549999999999999,60.0,53,0,1
2638,pi4b-01,2026-07-27 18:36:54.191042+00:00,27.3,74.0,,,False,synth01-poor-1,synth01,sitting,synth-poor-contact,10499.0,887.0,0.087,99.5,,,8.448423659396132,370.45385077706993,0.08929999999999999,188.0,54,0,1
2639,pi4b-01,2026-07-27 18:36:55.191042+00:00,28.5,67.0,,,False,synth01-poor-1,synth01,sitting,synth-poor-contact,10633.0,800.0,0.071,99.9,,,7.523746825919307,358.41943151689367,0.0953,134.0,55,0,1
2640,pi4b-01,2026-07-27 18:36:56.191042+00:00,28.5,73.0,,,False,synth01-poor-1,synth01,sitting,synth-poor-contact,10902.0,326.0,0.084,99.9,,,2.990277013392038,358.2156550955861,0.0914,269.0,56,0,1
2641,pi4b-01,2026-07-27 18:36:57.191042+00:00,30.3,64.0,,,False,synth01-poor-1,synth01,sitting,synth-poor-contact,10939.0,8785.0,0.01,99.6,,,80.30898619617881,277.0520408395108,0.0901,37.0,57,0,1
2642,pi4b-01,2026-07-27 18:36:58.191042+00:00,30.6,62.0,,,False,synth01-poor-1,synth01,sitting,synth-poor-contact,10868.0,8404.0,0.01,99.6,,,77.32793522267207,273.8625161970554,0.0836,71.0,58,0,1
2643,pi4b-01,2026-07-27 18:36:59.191042+00:00,29.0,69.0,,,False,synth01-poor-1,synth01,sitting,synth-poor-contact,10951.0,6824.0,0.01,99.7,,,62.313943932061,287.93403951446123,0.0794,83.0,59,0,1
2644,pi4b-01,2026-07-27 18:37:00.191042+00:00,26.5,73.0,,,False,synth01-poor-1,synth01,sitting,synth-poor-contact,11167.0,7186.0,0.052,99.5,,,64.35031790095817,312.954806818996,0.0658,216.0,60,0,1
2645,pi4b-01,2026-07-27 18:37:01.191042+00:00,30.8,68.0,,,False,synth01-poor-1,synth01,sitting,synth-poor-contact,11064.0,840.0,0.083,99.5,,,7.592190889370933,316.81128276766293,0.0626,103.0,61,0,1
2646,pi4b-01,2026-07-27 18:37:02.191042+00:00,26.4,70.0,,,False,synth01-poor-1,synth01,sitting,synth-poor-contact,11038.0,5137.0,0.01,99.8,,,46.539228121036416,271.20136020636056,0.0558,26.0,62,0,1
2647,pi4b-01,2026-07-27 18:37:03.191042+00:00,27.1,72.0,,,False,synth01-poor-1,synth01,sitting,synth-poor-contact,11418.0,7797.0,0.01,99.7,,,68.28691539674199,258.16637615649915,0.0427,380.0,63,0,1
2648,pi4b-01,2026-07-27 18:37:04.191042+00:00,29.2,72.0,,,False,synth01-poor-1,synth01,sitting,synth-poor-contact,11165.0,9188.0,0.101,99.5,,,82.29287953425884,211.11200292209423,0.0441,253.0,64,0,1
2649,pi4b-01,2026-07-27 18:37:05.191042+00:00,28.6,73.0,,,False,synth01-poor-1,synth01,sitting,synth-poor-contact,11327.0,7533.0,0.047,99.8,,,66.50481151231571,184.10893514438683,0.0417,162.0,65,0,1
2650,pi4b-01,2026-07-27 18:37:06.191042+00:00,30.1,67.0,,,False,synth01-poor-1,synth01,sitting,synth-poor-contact,11241.0,7185.0,0.01,99.7,,,63.91780090739259,178.00299622946366,0.034300000000000004,86.0,66,0,1
2651,pi4b-01,2026-07-27 18:37:07.191042+00:00,28.3,73.0,,,False,synth01-poor-1,synth01,sitting,synth-poor-contact,10979.0,716.0,0.251,99.7,,,6.521541123963931,173.94175270283182,0.05840000000000001,262.0,67,0,1
2652,pi4b-01,2026-07-27 18:37:08.191042+00:00,26.5,72.0,,,False,synth01-poor-1,synth01,sitting,synth-poor-contact,10853.0,483.0,0.184,99.4,,,4.450382382751314,176.42061481962108,0.0758,126.0,68,0,1
2653,pi4b-01,2026-07-27 18:37:09.191042+00:00,28.3,68.0,,,False,synth01-poor-1,synth01,sitting,synth-poor-contact,10614.0,288.0,0.185,99.6,,,2.7133973996608254,234.86128293574123,0.09330000000000001,239.0,69,0,1
2654,pi4b-01,2026-07-27 18:37:10.191042+00:00,27.3,70.0,,,False,synth01-poor-1,synth01,sitting,synth-poor-contact,10562.0,300.0,0.26,99.8,,,2.840371141829199,284.52238732459966,0.11410000000000001,52.0,70,0,1
2655,pi4b-01,2026-07-27 18:37:11.191042+00:00,30.3,64.0,,,False,synth01-poor-1,synth01,sitting,synth-poor-contact,10784.0,291.0,0.264,99.9,,,2.698442136498516,293.99790248685036,0.1322,222.0,71,0,1
2656,pi4b-01,2026-07-27 18:37:12.191042+00:00,26.6,65.0,,,False,synth01-poor-1,synth01,sitting,synth-poor-contact,10632.0,267.0,0.172,99.4,,,2.5112866817155757,315.14837775245053,0.1484,152.0,72,0,1
2657,pi4b-01,2026-07-27 18:37:13.191042+00:00,29.0,69.0,,,False,synth01-poor-1,synth01,sitting,synth-poor-contact,10589.0,294.0,0.232,99.5,,,2.776466144111814,288.45843143626195,0.17060000000000003,43.0,73,0,1
2658,pi4b-01,2026-07-27 18:37:14.191042+00:00,27.6,71.0,,,False,synth01-poor-1,synth01,sitting,synth-poor-contact,11061.0,373.0,0.102,99.9,,,3.372208661061387,278.5289931048509,0.17070000000000002,472.0,74,0,1
2659,pi4b-01,2026-07-27 18:37:15.191042+00:00,31.0,73.0,,,False,synth01-poor-1,synth01,sitting,synth-poor-contact,10951.0,275.0,0.2,99.6,,,2.5111861930417314,230.31823394792545,0.186,110.0,75,0,1
2660,pi4b-01,2026-07-27 18:37:16.191042+00:00,27.8,73.0,,,False,synth01-poor-1,synth01,sitting,synth-poor-contact,10789.0,267.0,0.161,99.5,,,2.47474279358606,178.47327842316886,0.2011,162.0,76,0,1
2661,pi4b-01,2026-07-27 18:37:17.191042+00:00,26.8,66.0,,,False,synth01-poor-1,synth01,sitting,synth-poor-contact,11145.0,296.0,0.207,99.7,,,2.655899506505159,204.6889238712202,0.1967,356.0,77,0,1
2662,pi4b-01,2026-07-27 18:37:18.191042+00:00,26.8,68.0,,,False,synth01-poor-1,synth01,sitting,synth-poor-contact,11143.0,248.0,0.227,99.6,,,2.225612492147537,232.06033698157532,0.20099999999999998,2.0,78,0,1
2663,pi4b-01,2026-07-27 18:37:19.191042+00:00,26.2,68.0,,,False,synth01-poor-1,synth01,sitting,synth-poor-contact,10748.0,381.0,0.167,99.9,,,3.54484555266096,222.0471421417881,0.1992,395.0,79,0,1
2664,pi4b-01,2026-07-27 18:37:20.191042+00:00,26.7,72.0,,,False,synth01-poor-1,synth01,sitting,synth-poor-contact,10865.0,395.0,0.201,99.5,,,3.635526921306949,199.3495255407825,0.1933,117.0,80,0,1
2665,pi4b-01,2026-07-27 18:37:21.191042+00:00,30.6,68.0,,,False,synth01-poor-1,synth01,sitting,synth-poor-contact,10967.0,320.0,0.276,99.4,,,2.9178444424181635,198.9053376190163,0.1945,102.0,81,0,1
2666,pi4b-01,2026-07-27 18:37:22.191042+00:00,26.8,74.0,,,False,synth01-poor-1,synth01,sitting,synth-poor-contact,11171.0,366.0,0.274,99.5,,,3.276340524572554,194.5058982253374,0.20470000000000002,204.0,82,0,1
2667,pi4b-01,2026-07-27 18:37:23.191042+00:00,28.4,70.0,,,False,synth01-poor-1,synth01,sitting,synth-poor-contact,11020.0,321.0,0.201,99.6,,,2.912885662431942,150.0429568120052,0.2016,151.0,83,0,1
2668,pi4b-01,2026-07-27 18:37:24.191042+00:00,29.0,71.0,,,False,synth01-poor-1,synth01,sitting,synth-poor-contact,11192.0,390.0,0.112,99.4,,,3.484631879914225,162.51868268670657,0.20260000000000003,172.0,84,0,1
2669,pi4b-01,2026-07-27 18:37:25.191042+00:00,29.2,69.0,,,False,synth01-poor-1,synth01,sitting,synth-poor-contact,10682.0,370.0,0.169,99.6,,,3.4637708294326908,191.11183462395488,0.1995,510.0,85,0,1
2670,pi4b-01,2026-07-27 18:37:26.191042+00:00,27.8,72.0,,,False,synth01-poor-1,synth01,sitting,synth-poor-contact,11019.0,387.0,0.225,99.5,,,3.5121154369725023,180.1393287924045,0.20590000000000003,337.0,86,0,1
2671,pi4b-01,2026-07-27 18:37:27.191042+00:00,29.4,68.0,,,False,synth01-poor-1,synth01,sitting,synth-poor-contact,11214.0,367.0,0.29,99.4,,,3.2726948457285534,187.67847801788903,0.21420000000000003,195.0,87,0,1
2672,pi4b-01,2026-07-27 18:37:28.191042+00:00,30.2,67.0,,,False,synth01-poor-1,synth01,sitting,synth-poor-contact,10645.0,328.0,0.182,99.6,,,3.0812588069516202,210.7858576322866,0.2097,569.0,88,0,1
2673,pi4b-01,2026-07-27 18:37:29.191042+00:00,26.3,72.0,,,False,synth01-poor-1,synth01,sitting,synth-poor-contact,11002.0,374.0,0.131,99.9,,,3.3993819305580804,198.37005262331868,0.20610000000000003,357.0,89,0,1
2674,pi4b-01,2026-07-27 18:37:30.191042+00:00,26.3,72.0,,,False,synth01-poor-1,synth01,sitting,synth-poor-contact,10701.0,441.0,0.215,99.7,,,4.121110176619007,214.81984700364015,0.20750000000000002,301.0,90,0,1
2675,pi4b-01,2026-07-27 18:37:31.191042+00:00,27.8,73.0,,,False,synth01-poor-1,synth01,sitting,synth-poor-contact,10842.0,345.0,0.199,99.4,,,3.1820697288323188,218.0635992854704,0.19980000000000003,141.0,91,0,1
2676,pi4b-01,2026-07-27 18:37:32.191042+00:00,30.9,65.0,,,False,synth01-poor-1,synth01,sitting,synth-poor-contact,10757.0,419.0,0.2,99.7,,,3.8951380496420933,210.35430429001167,0.19240000000000002,85.0,92,0,1
2677,pi4b-01,2026-07-27 18:37:33.191042+00:00,29.4,66.0,,,False,synth01-poor-1,synth01,sitting,synth-poor-contact,10702.0,368.0,0.208,99.6,,,3.4386096056811812,215.4164958090921,0.1931,55.0,93,0,1
2678,pi4b-01,2026-07-27 18:37:34.191042+00:00,29.3,71.0,,,False,synth01-poor-1,synth01,sitting,synth-poor-contact,11037.0,392.0,0.21,99.5,,,3.551689770771043,194.70116703411557,0.2029,335.0,94,0,1
2679,pi4b-01,2026-07-27 18:37:35.191042+00:00,28.5,69.0,,,False,synth01-poor-1,synth01,sitting,synth-poor-contact,11084.0,321.0,0.253,99.8,,,2.896066402020931,195.34246281282353,0.2113,47.0,95,0,1
2680,pi4b-01,2026-07-27 18:37:36.191042+00:00,30.8,62.0,,,False,synth01-poor-1,synth01,sitting,synth-poor-contact,10716.0,327.0,0.167,99.5,,,3.051511758118701,198.36106248735695,0.20550000000000002,368.0,96,0,1
2681,pi4b-01,2026-07-27 18:37:37.191042+00:00,30.7,68.0,,,False,synth01-poor-1,synth01,sitting,synth-poor-contact,10984.0,311.0,0.184,99.6,,,2.831391114348143,164.48370402228696,0.19490000000000002,268.0,97,0,1
2682,pi4b-01,2026-07-27 18:37:38.191042+00:00,29.6,63.0,,,False,synth01-poor-1,synth01,sitting,synth-poor-contact,10760.0,392.0,0.157,99.5,,,3.6431226765799254,152.3652410055157,0.1924,224.0,98,0,1
2683,pi4b-01,2026-07-27 18:37:39.191042+00:00,27.4,65.0,,,False,synth01-poor-1,synth01,sitting,synth-poor-contact,11142.0,380.0,0.211,99.6,,,3.4105187578531684,172.1615843070489,0.2004,382.0,99,0,1
2684,pi4b-01,2026-07-27 18:37:40.191042+00:00,29.8,66.0,,,False,synth01-poor-1,synth01,sitting,synth-poor-contact,10622.0,303.0,0.221,99.6,,,2.852570137450574,182.41296250236996,0.20099999999999998,520.0,100,0,1
2685,pi4b-01,2026-07-27 18:37:41.191042+00:00,28.4,66.0,,,False,synth01-poor-1,synth01,sitting,synth-poor-contact,10636.0,355.0,0.179,99.5,,,3.3377209477247085,196.34832993093985,0.19899999999999998,14.0,101,0,1
2686,pi4b-01,2026-07-27 18:37:42.191042+00:00,30.7,69.0,,,False,synth01-poor-1,synth01,sitting,synth-poor-contact,10681.0,350.0,0.115,99.7,,,3.2768467371968915,201.49342421032674,0.1905,45.0,102,0,1
2687,pi4b-01,2026-07-27 18:37:43.191042+00:00,28.1,67.0,,,False,synth01-poor-1,synth01,sitting,synth-poor-contact,10945.0,340.0,0.205,99.7,,,3.1064412973960716,198.10830371289896,0.19019999999999998,264.0,103,0,1
2688,pi4b-01,2026-07-27 18:37:44.191042+00:00,27.4,69.0,,,False,synth01-poor-1,synth01,sitting,synth-poor-contact,11145.0,372.0,0.185,99.8,,,3.3378196500672948,211.29245135593933,0.1877,200.0,104,0,1
2689,pi4b-01,2026-07-27 18:37:45.191042+00:00,26.8,68.0,,,False,synth01-poor-1,synth01,sitting,synth-poor-contact,10802.0,463.0,0.186,99.9,,,4.286243288279948,198.19241492382073,0.181,343.0,105,0,1
2690,pi4b-01,2026-07-27 18:37:46.191042+00:00,26.5,72.0,,,False,synth01-poor-1,synth01,sitting,synth-poor-contact,10645.0,417.0,0.124,99.6,,,3.917332080789103,204.4329827705089,0.17670000000000002,157.0,106,0,1
2691,pi4b-01,2026-07-27 18:37:47.191042+00:00,28.2,69.0,,,False,synth01-poor-1,synth01,sitting,synth-poor-contact,11073.0,438.0,0.348,99.5,,,3.95556759685722,213.32627592493748,0.1931,428.0,107,0,1
2692,pi4b-01,2026-07-27 18:37:48.191042+00:00,26.9,70.0,,,False,synth01-poor-1,synth01,sitting,synth-poor-contact,10948.0,348.0,0.243,99.8,,,3.178662769455608,213.27731035230468,0.2017,125.0,108,0,1
2693,pi4b-01,2026-07-27 18:37:49.191042+00:00,30.9,65.0,,,False,synth01-poor-1,synth01,sitting,synth-poor-contact,11207.0,448.0,0.088,99.7,,,3.9975015615240475,223.44285871585416,0.18939999999999999,259.0,109,0,1
2694,pi4b-01,2026-07-27 18:37:50.191042+00:00,26.8,70.0,,,False,synth01-poor-1,synth01,sitting,synth-poor-contact,11132.0,270.0,0.197,99.6,,,2.4254401724757457,218.5971434193782,0.187,75.0,110,0,1
2695,pi4b-01,2026-07-27 18:37:51.191042+00:00,26.9,71.0,,,False,synth01-poor-1,synth01,sitting,synth-poor-contact,11130.0,268.0,0.258,99.9,,,2.4079065588499553,202.13295954231089,0.1949,2.0,111,0,1
2696,pi4b-01,2026-07-27 18:37:52.191042+00:00,30.9,70.0,,,False,synth01-poor-1,synth01,sitting,synth-poor-contact,10912.0,243.0,0.216,99.9,,,2.2269061583577714,176.96732278399048,0.205,218.0,112,0,1
2697,pi4b-01,2026-07-27 18:37:53.191042+00:00,29.4,72.0,,,False,synth01-poor-1,synth01,sitting,synth-poor-contact,10810.0,273.0,0.208,99.4,,,2.5254394079555964,186.02938835929479,0.20529999999999998,102.0,113,0,1
2698,pi4b-01,2026-07-27 18:37:54.191042+00:00,30.3,65.0,,,False,synth01-poor-1,synth01,sitting,synth-poor-contact,10953.0,368.0,0.214,99.4,,,3.359810097690131,176.8343857964292,0.2082,143.0,114,0,1
2699,pi4b-01,2026-07-27 18:37:55.191042+00:00,27.7,63.0,,,False,synth01-poor-1,synth01,sitting,synth-poor-contact,10718.0,291.0,0.214,99.7,,,2.715058779623064,186.9431286068944,0.211,235.0,115,0,1
2700,pi4b-01,2026-07-27 18:37:56.191042+00:00,30.6,67.0,,,False,synth01-poor-1,synth01,sitting,synth-poor-contact,11063.0,367.0,0.188,99.6,,,3.3173641869294044,154.3662311949511,0.21739999999999998,345.0,116,0,1
2701,pi4b-01,2026-07-27 18:37:57.191042+00:00,28.6,65.0,,,False,synth01-poor-1,synth01,sitting,synth-poor-contact,11117.0,351.0,0.245,99.5,,,3.157326616893047,157.44558142771362,0.2071,54.0,117,0,1
2702,pi4b-01,2026-07-27 18:37:58.191042+00:00,26.5,64.0,,,False,synth01-poor-1,synth01,sitting,synth-poor-contact,10728.0,341.0,0.28,99.7,,,3.1785980611483966,179.22735406305728,0.21080000000000002,389.0,118,0,1
2703,pi4b-01,2026-07-27 18:37:59.191042+00:00,30.1,69.0,,,False,synth01-poor-1,synth01,sitting,synth-poor-contact,10778.0,380.0,0.225,99.8,,,3.5257005010205975,169.11498389491845,0.22449999999999998,50.0,119,0,1
2704,pi4b-01,2026-07-27 18:38:00.191042+00:00,28.6,68.0,,,False,synth01-poor-1,synth01,sitting,synth-poor-contact,11245.0,358.0,0.137,99.4,,,3.1836371720764784,186.6715475552372,0.21849999999999997,467.0,120,0,1
2705,pi4b-01,2026-07-27 18:38:01.191042+00:00,30.2,73.0,,,False,synth01-poor-1,synth01,sitting,synth-poor-contact,11274.0,297.0,0.113,99.8,,,2.6343799893560402,206.94701415257705,0.20400000000000001,29.0,121,0,1
2706,pi4b-01,2026-07-27 18:38:02.191042+00:00,29.6,63.0,,,False,synth01-poor-1,synth01,sitting,synth-poor-contact,10754.0,294.0,0.202,99.6,,,2.7338664682908687,216.7989339867204,0.20260000000000003,520.0,122,0,1
2707,pi4b-01,2026-07-27 18:38:03.191042+00:00,29.4,69.0,,,False,synth01-poor-1,synth01,sitting,synth-poor-contact,11238.0,375.0,0.121,99.4,,,3.3368926855312333,229.29301971252534,0.19390000000000002,484.0,123,0,1
2708,pi4b-01,2026-07-27 18:38:04.191042+00:00,28.8,73.0,,,False,synth01-poor-1,synth01,sitting,synth-poor-contact,11126.0,367.0,0.295,99.9,,,3.298579902930074,232.9565767834553,0.202,112.0,124,0,1
2709,pi4b-01,2026-07-27 18:38:05.191042+00:00,27.3,72.0,,,False,synth01-poor-1,synth01,sitting,synth-poor-contact,10769.0,315.0,0.287,99.4,,,2.9250626799145696,226.46500833461914,0.20929999999999999,357.0,125,0,1
2710,pi4b-01,2026-07-27 18:38:06.191042+00:00,28.6,68.0,,,False,synth01-poor-1,synth01,sitting,synth-poor-contact,10924.0,452.0,0.241,99.7,,,4.137678506041743,227.06095608399357,0.21459999999999999,155.0,126,0,1
2711,pi4b-01,2026-07-27 18:38:07.191042+00:00,29.6,69.0,,,False,synth01-poor-1,synth01,sitting,synth-poor-contact,11255.0,390.0,0.266,99.7,,,3.4651266103953797,239.15102155564833,0.21670000000000003,331.0,127,0,1
2712,pi4b-01,2026-07-27 18:38:08.191042+00:00,30.3,72.0,,,False,synth01-poor-1,synth01,sitting,synth-poor-contact,11238.0,441.0,0.223,99.5,,,3.9241857981847303,226.59481704379,0.211,17.0,128,0,1
2713,pi4b-01,2026-07-27 18:38:09.191042+00:00,28.1,70.0,,,False,synth01-poor-1,synth01,sitting,synth-poor-contact,10809.0,396.0,0.133,99.9,,,3.6636136552872607,222.48136001821146,0.20179999999999998,429.0,129,0,1
2714,pi4b-01,2026-07-27 18:38:10.191042+00:00,26.4,70.0,,,False,synth01-poor-1,synth01,sitting,synth-poor-contact,10876.0,364.0,0.198,99.9,,,3.3468186833394626,219.55968563366574,0.20790000000000003,67.0,130,0,1
2715,pi4b-01,2026-07-27 18:38:11.191042+00:00,29.5,64.0,,,False,synth01-poor-1,synth01,sitting,synth-poor-contact,11166.0,272.0,0.266,99.8,,,2.4359663263478417,208.39399116950193,0.2232,290.0,131,0,1
2716,pi4b-01,2026-07-27 18:38:12.191042+00:00,29.3,68.0,,,False,synth01-poor-1,synth01,sitting,synth-poor-contact,10957.0,353.0,0.136,99.6,,,3.221684767728393,189.08305053599662,0.2166,209.0,132,0,1
2717,pi4b-01,2026-07-27 18:38:13.191042+00:00,27.5,65.0,,,False,synth01-poor-1,synth01,sitting,synth-poor-contact,10848.0,348.0,0.234,99.7,,,3.2079646017699117,182.861696371874,0.2279,109.0,133,0,1
2718,pi4b-01,2026-07-27 18:38:14.191042+00:00,30.1,70.0,,,False,synth01-poor-1,synth01,sitting,synth-poor-contact,11094.0,311.0,0.183,99.6,,,2.803317108346854,180.61573697893542,0.21670000000000003,246.0,134,0,1
2719,pi4b-01,2026-07-27 18:38:15.191042+00:00,28.8,68.0,,,False,synth01-poor-1,synth01,sitting,synth-poor-contact,10971.0,351.0,0.238,99.7,,,3.199343724364233,163.1575925294283,0.2118,123.0,135,0,1
2720,pi4b-01,2026-07-27 18:38:16.191042+00:00,28.9,71.0,,,False,synth01-poor-1,synth01,sitting,synth-poor-contact,11173.0,319.0,0.177,99.5,,,2.8550971091023003,166.88788651865934,0.20540000000000003,202.0,136,0,1
2721,pi4b-01,2026-07-27 18:38:17.191042+00:00,29.5,67.0,,,False,synth01-poor-1,synth01,sitting,synth-poor-contact,11199.0,414.0,0.303,99.7,,,3.6967586391642113,159.6039890896582,0.2091,26.0,137,0,1
2722,pi4b-01,2026-07-27 18:38:18.191042+00:00,29.6,68.0,,,False,synth01-poor-1,synth01,sitting,synth-poor-contact,11230.0,298.0,0.239,99.9,,,2.653606411398041,158.47891552716112,0.21070000000000003,31.0,138,0,1
2723,pi4b-01,2026-07-27 18:38:19.191042+00:00,29.6,65.0,,,False,synth01-poor-1,synth01,sitting,synth-poor-contact,11222.0,294.0,0.283,99.6,,,2.6198538584922475,147.23616705445,0.2257,8.0,139,0,1
2724,pi4b-01,2026-07-27 18:38:20.191042+00:00,29.9,70.0,,,False,synth01-poor-1,synth01,sitting,synth-poor-contact,10886.0,366.0,0.219,99.4,,,3.3621164798824177,145.77166315088388,0.2278,336.0,140,0,1
2725,pi4b-01,2026-07-27 18:38:21.191042+00:00,26.7,72.0,,,False,synth01-poor-1,synth01,sitting,synth-poor-contact,11221.0,422.0,0.179,99.9,,,3.760805632296587,150.56224257391256,0.2191,335.0,141,0,1
2726,pi4b-01,2026-07-27 18:38:22.191042+00:00,30.0,72.0,,,False,synth01-poor-1,synth01,sitting,synth-poor-contact,11287.0,373.0,0.241,99.8,,,3.3046868078320193,156.62584574568552,0.22959999999999997,66.0,142,0,1
2727,pi4b-01,2026-07-27 18:38:23.191042+00:00,29.7,72.0,,,False,synth01-poor-1,synth01,sitting,synth-poor-contact,11096.0,293.0,0.264,99.6,,,2.640591204037491,126.7757863315976,0.23259999999999997,191.0,143,0,1
2728,pi4b-01,2026-07-27 18:38:24.191042+00:00,30.0,63.0,,,False,synth01-poor-1,synth01,sitting,synth-poor-contact,11357.0,465.0,0.169,99.7,,,4.09439112441666,142.91007273415985,0.2312,261.0,144,0,1
2729,pi4b-01,2026-07-27 18:38:25.191042+00:00,26.6,69.0,,,False,synth01-poor-1,synth01,sitting,synth-poor-contact,10846.0,392.0,0.158,99.6,,,3.614235662917205,165.38577797244224,0.2232,511.0,145,0,1
2730,pi4b-01,2026-07-27 18:38:26.191042+00:00,28.4,68.0,,,False,synth01-poor-1,synth01,sitting,synth-poor-contact,11073.0,354.0,0.256,99.8,,,3.196965591980493,166.9704231958971,0.2311,227.0,146,0,1
2731,pi4b-01,2026-07-27 18:38:27.191042+00:00,29.7,73.0,,,False,synth01-poor-1,synth01,sitting,synth-poor-contact,10727.0,534.0,0.179,99.6,,,4.978092663372798,210.1128003927538,0.21870000000000003,346.0,147,0,1
2732,pi4b-01,2026-07-27 18:38:28.191042+00:00,28.9,71.0,,,False,synth01-poor-1,synth01,sitting,synth-poor-contact,10917.0,524.0,0.273,99.6,,,4.799853439589631,210.99647179777293,0.22210000000000002,190.0,148,0,1
2733,pi4b-01,2026-07-27 18:38:29.191042+00:00,29.2,70.0,,,False,synth01-poor-1,synth01,sitting,synth-poor-contact,10686.0,402.0,0.147,99.9,,,3.7619314991577766,233.0971185293065,0.2085,231.0,149,0,1
2734,pi4b-01,2026-07-27 18:38:30.191042+00:00,29.7,69.0,,,False,synth01-poor-1,synth01,sitting,synth-poor-contact,11197.0,422.0,0.192,99.7,,,3.768866660712691,235.50845703144356,0.20579999999999998,511.0,150,0,1
2735,pi4b-01,2026-07-27 18:38:31.191042+00:00,30.6,70.0,,,False,synth01-poor-1,synth01,sitting,synth-poor-contact,10730.0,507.0,0.169,99.6,,,4.72506989748369,244.7439478311967,0.2048,467.0,151,0,1
2736,pi4b-01,2026-07-27 18:38:32.191042+00:00,30.4,69.0,,,False,synth01-poor-1,synth01,sitting,synth-poor-contact,10958.0,628.0,0.268,99.6,,,5.7309728052564335,221.64538744981448,0.20750000000000002,228.0,152,0,1
2737,pi4b-01,2026-07-27 18:38:33.191042+00:00,30.0,72.0,,,False,synth01-poor-1,synth01,sitting,synth-poor-contact,10974.0,458.0,0.228,99.7,,,4.173501002369236,216.5472747974983,0.20390000000000003,16.0,153,0,1
2738,pi4b-01,2026-07-27 18:38:34.191042+00:00,29.3,71.0,,,False,synth01-poor-1,synth01,sitting,synth-poor-contact,11134.0,519.0,0.18,99.8,,,4.661397521106521,177.54736457257928,0.205,160.0,154,0,1
2739,pi4b-01,2026-07-27 18:38:35.191042+00:00,28.9,71.0,,,False,synth01-poor-1,synth01,sitting,synth-poor-contact,10808.0,486.0,0.228,99.8,,,4.496669133974834,179.79939438781224,0.21200000000000002,326.0,155,0,1
2740,pi4b-01,2026-07-27 18:38:36.191042+00:00,30.8,66.0,,,False,synth01-poor-1,synth01,sitting,synth-poor-contact,10912.0,446.0,0.102,99.9,,,4.0872434017595305,171.6398360909718,0.19660000000000002,104.0,156,0,1
2741,pi4b-01,2026-07-27 18:38:37.191042+00:00,28.9,63.0,,,False,synth01-poor-1,synth01,sitting,synth-poor-contact,10999.0,441.0,0.16,99.9,,,4.009455405036821,161.68436329260433,0.1947,87.0,157,0,1
2742,pi4b-01,2026-07-27 18:38:38.191042+00:00,29.6,67.0,,,False,synth01-poor-1,synth01,sitting,synth-poor-contact,11378.0,382.0,0.276,99.7,,,3.3573563016347334,214.26266331045423,0.195,379.0,158,0,1
2743,pi4b-01,2026-07-27 18:38:39.191042+00:00,27.3,64.0,,,False,synth01-poor-1,synth01,sitting,synth-poor-contact,11285.0,353.0,0.173,99.6,,,3.128046078865751,207.30023851623358,0.19760000000000003,93.0,159,0,1
2744,pi4b-01,2026-07-27 18:38:40.191042+00:00,29.6,64.0,,,False,synth01-poor-1,synth01,sitting,synth-poor-contact,11392.0,282.0,0.199,99.5,,,2.475421348314607,231.70575209854726,0.1983,107.0,160,0,1
2745,pi4b-01,2026-07-27 18:38:41.191042+00:00,30.9,63.0,,,False,synth01-poor-1,synth01,sitting,synth-poor-contact,11163.0,370.0,0.117,99.8,,,3.3145211860610946,202.4148929522865,0.1931,229.0,161,0,1
2746,pi4b-01,2026-07-27 18:38:42.191042+00:00,26.2,69.0,,,False,synth01-poor-1,synth01,sitting,synth-poor-contact,11167.0,353.0,0.224,99.8,,,3.1610996686666066,196.80153567602213,0.18870000000000003,4.0,162,0,1
2747,pi4b-01,2026-07-27 18:38:43.191042+00:00,29.0,64.0,,,False,synth01-poor-1,synth01,sitting,synth-poor-contact,11124.0,283.0,0.267,99.6,,,2.5440489032722042,189.93203462758342,0.1926,43.0,163,0,1
2748,pi4b-01,2026-07-27 18:38:44.191042+00:00,30.1,66.0,,,False,synth01-poor-1,synth01,sitting,synth-poor-contact,11421.0,328.0,0.255,99.4,,,2.871902635496016,210.16842452343226,0.2001,297.0,164,0,1
2749,pi4b-01,2026-07-27 18:38:45.191042+00:00,26.2,63.0,,,False,synth01-poor-1,synth01,sitting,synth-poor-contact,11015.0,350.0,0.133,99.8,,,3.177485247389923,178.99236482783587,0.19060000000000002,406.0,165,0,1
2750,pi4b-01,2026-07-27 18:38:46.191042+00:00,29.2,70.0,,,False,synth01-poor-1,synth01,sitting,synth-poor-contact,11003.0,447.0,0.205,99.5,,,4.062528401345087,165.32866256841504,0.2009,12.0,166,0,1
2751,pi4b-01,2026-07-27 18:38:47.191042+00:00,26.5,66.0,,,False,synth01-poor-1,synth01,sitting,synth-poor-contact,11490.0,345.0,0.276,99.6,,,3.0026109660574414,173.4607224192696,0.2125,487.0,167,0,1
2752,pi4b-01,2026-07-27 18:38:48.191042+00:00,27.9,74.0,,,False,synth01-poor-1,synth01,sitting,synth-poor-contact,11290.0,457.0,0.167,99.7,,,4.0478299379982285,168.04364512429385,0.2016,200.0,168,0,1
2753,pi4b-01,2026-07-27 18:38:49.191042+00:00,30.1,72.0,,,False,synth01-poor-1,synth01,sitting,synth-poor-contact,11033.0,472.0,0.318,99.7,,,4.27807486631016,178.29488682141275,0.21610000000000001,257.0,169,0,1
2754,pi4b-01,2026-07-27 18:38:50.191042+00:00,29.8,71.0,,,False,synth01-poor-1,synth01,sitting,synth-poor-contact,11391.0,438.0,0.238,99.6,,,3.845140900711088,178.18158652838264,0.22000000000000003,358.0,170,0,1
2755,pi4b-01,2026-07-27 18:38:51.191042+00:00,28.4,64.0,,,False,synth01-poor-1,synth01,sitting,synth-poor-contact,11329.0,407.0,0.217,99.8,,,3.5925500926824965,181.05680508243788,0.23000000000000004,62.0,171,0,1
2756,pi4b-01,2026-07-27 18:38:52.191042+00:00,30.1,71.0,,,False,synth01-poor-1,synth01,sitting,synth-poor-contact,10929.0,562.0,0.19,99.9,,,5.142282002012992,203.9173307440341,0.2266,400.0,172,0,1
2757,pi4b-01,2026-07-27 18:38:53.191042+00:00,27.5,73.0,,,False,synth01-poor-1,synth01,sitting,synth-poor-contact,10869.0,520.0,0.186,99.4,,,4.7842487809366085,229.2010277269846,0.2185,60.0,173,0,1
2758,pi4b-01,2026-07-27 18:38:54.191042+00:00,29.5,69.0,,,False,synth01-poor-1,synth01,sitting,synth-poor-contact,11363.0,422.0,0.242,99.5,,,3.7138079732465017,222.99018413871326,0.2172,494.0,174,0,1
2759,pi4b-01,2026-07-27 18:38:55.191042+00:00,30.7,71.0,,,False,synth01-poor-1,synth01,sitting,synth-poor-contact,11103.0,485.0,0.187,99.7,,,4.3681887778077995,217.81745670271513,0.2226,260.0,175,0,1
2760,pi4b-01,2026-07-27 18:38:56.191042+00:00,27.4,74.0,,,False,synth01-poor-1,synth01,sitting,synth-poor-contact,10785.0,511.0,0.231,99.7,,,4.738062123319425,246.51878449949118,0.22519999999999998,318.0,176,0,1
2761,pi4b-01,2026-07-27 18:38:57.191042+00:00,30.7,71.0,,,False,synth01-poor-1,synth01,sitting,synth-poor-contact,10808.0,571.0,0.182,99.4,,,5.283123612139156,238.74207374858653,0.2158,23.0,177,0,1
2762,pi4b-01,2026-07-27 18:38:58.191042+00:00,27.3,63.0,,,False,synth01-poor-1,synth01,sitting,synth-poor-contact,11153.0,576.0,0.281,99.6,,,5.164529722944499,229.75158081912534,0.2272,345.0,178,0,1
2763,pi4b-01,2026-07-27 18:38:59.191042+00:00,27.7,66.0,,,False,synth01-poor-1,synth01,sitting,synth-poor-contact,11229.0,579.0,0.256,99.9,,,5.156291744589901,233.96887257353478,0.221,76.0,179,0,1
2764,pi4b-01,2026-07-27 19:36:00.405805+00:00,30.2,65.0,,,False,synth01-poor-2,synth01,sitting,synth-poor-contact,7301.0,649.0,0.11,99.6,,,8.889193261197097,0.0,0.11,0.0,0,0,1
2765,pi4b-01,2026-07-27 19:36:01.405805+00:00,30.2,66.0,,,False,synth01-poor-2,synth01,sitting,synth-poor-contact,7693.0,732.0,0.19,99.5,,,9.515143637072663,277.18585822512665,0.15,392.0,1,0,1
2766,pi4b-01,2026-07-27 19:36:02.405805+00:00,29.0,63.0,,,False,synth01-poor-2,synth01,sitting,synth-poor-contact,7614.0,350.0,0.102,99.7,,,4.596795376937221,207.3137718531984,0.13399999999999998,79.0,2,0,1
2767,pi4b-01,2026-07-27 19:36:03.405805+00:00,30.6,71.0,,,False,synth01-poor-2,synth01,sitting,synth-poor-contact,7715.0,790.0,0.119,99.4,,,10.239792611795204,191.47562943274704,0.13025,101.0,3,0,1
2768,pi4b-01,2026-07-27 19:36:04.405805+00:00,29.0,67.0,,,False,synth01-poor-2,synth01,sitting,synth-poor-contact,7853.0,1266.0,0.032,99.8,,,16.121227556347893,205.721170519711,0.11059999999999999,138.0,4,0,1
2769,pi4b-01,2026-07-27 19:36:05.405805+00:00,28.5,65.0,,,False,synth01-poor-2,synth01,sitting,synth-poor-contact,7986.0,1260.0,0.137,99.6,,,15.777610818933132,233.16746485448337,0.11499999999999999,133.0,5,0,1
2770,pi4b-01,2026-07-27 19:36:06.405805+00:00,29.7,70.0,,,False,synth01-poor-2,synth01,sitting,synth-poor-contact,7964.0,1460.0,0.181,99.6,,,18.33249623304872,236.10570675420968,0.12442857142857143,22.0,6,0,1
2771,pi4b-01,2026-07-27 19:36:07.405805+00:00,27.4,73.0,,,False,synth01-poor-2,synth01,sitting,synth-poor-contact,7857.0,1196.0,0.161,99.8,,,15.222094947180858,222.99419435107677,0.129,107.0,7,0,1
2772,pi4b-01,2026-07-27 19:36:08.405805+00:00,29.7,63.0,,,False,synth01-poor-2,synth01,sitting,synth-poor-contact,7568.0,475.0,0.01,99.6,,,6.276427061310782,217.0382710747374,0.11577777777777779,289.0,8,0,1
2773,pi4b-01,2026-07-27 19:36:09.405805+00:00,26.7,72.0,,,False,synth01-poor-2,synth01,sitting,synth-poor-contact,7687.0,298.0,0.131,99.7,,,3.876674905684922,205.03376415713709,0.1173,119.0,9,0,1
2774,pi4b-01,2026-07-27 19:36:10.405805+00:00,27.3,68.0,,,False,synth01-poor-2,synth01,sitting,synth-poor-contact,7566.0,406.0,0.242,99.9,,,5.366111551678562,155.4449170034912,0.1305,121.0,10,0,1
2775,pi4b-01,2026-07-27 19:36:11.405805+00:00,26.8,69.0,,,False,synth01-poor-2,synth01,sitting,synth-poor-contact,7626.0,370.0,0.082,99.7,,,4.851822711775505,159.57805474298655,0.1197,60.0,11,0,1
2776,pi4b-01,2026-07-27 19:36:12.405805+00:00,30.2,66.0,,,False,synth01-poor-2,synth01,sitting,synth-poor-contact,7546.0,385.0,0.148,99.8,,,5.1020408163265305,166.9908846481017,0.12430000000000001,80.0,12,0,1
2777,pi4b-01,2026-07-27 19:36:13.405805+00:00,27.2,71.0,,,False,synth01-poor-2,synth01,sitting,synth-poor-contact,7755.0,316.0,0.181,99.8,,,4.074790457769181,166.88971741176218,0.1305,209.0,13,0,1
2778,pi4b-01,2026-07-27 19:36:14.405805+00:00,26.6,69.0,,,False,synth01-poor-2,synth01,sitting,synth-poor-contact,8001.0,349.0,0.142,99.4,,,4.3619547556555425,183.6646702855809,0.14150000000000001,246.0,14,0,1
2779,pi4b-01,2026-07-27 19:36:15.405805+00:00,29.0,70.0,,,False,synth01-poor-2,synth01,sitting,synth-poor-contact,7811.0,390.0,0.144,99.5,,,4.992958648060427,166.83887769675013,0.14220000000000002,190.0,15,0,1
2780,pi4b-01,2026-07-27 19:36:16.405805+00:00,30.1,64.0,,,False,synth01-poor-2,synth01,sitting,synth-poor-contact,7823.0,340.0,0.174,99.5,,,4.346158762623035,150.81482391035425,0.14150000000000001,12.0,16,0,1
2781,pi4b-01,2026-07-27 19:36:17.405805+00:00,27.6,66.0,,,False,synth01-poor-2,synth01,sitting,synth-poor-contact,7862.0,358.0,0.144,99.5,,,4.553548715339608,151.31222319723196,0.13979999999999998,39.0,17,0,1
2782,pi4b-01,2026-07-27 19:36:18.405805+00:00,29.4,66.0,,,False,synth01-poor-2,synth01,sitting,synth-poor-contact,7959.0,412.0,0.198,99.6,,,5.17652971478829,156.79725054278808,0.1586,97.0,18,0,1
2783,pi4b-01,2026-07-27 19:36:19.405805+00:00,26.5,72.0,,,False,synth01-poor-2,synth01,sitting,synth-poor-contact,7858.0,313.0,0.303,99.6,,,3.98320183252736,156.839656266449,0.1758,101.0,19,0,1
2784,pi4b-01,2026-07-27 19:36:20.405805+00:00,28.8,62.0,,,False,synth01-poor-2,synth01,sitting,synth-poor-contact,7817.0,404.0,0.113,99.7,,,5.168223103492388,137.56194564227798,0.1629,41.0,20,0,1
2785,pi4b-01,2026-07-27 19:36:21.405805+00:00,28.0,70.0,,,False,synth01-poor-2,synth01,sitting,synth-poor-contact,7966.0,277.0,0.124,99.5,,,3.4772784333417026,129.9938460081868,0.16709999999999997,149.0,21,0,1
2786,pi4b-01,2026-07-27 19:36:22.405805+00:00,27.0,70.0,,,False,synth01-poor-2,synth01,sitting,synth-poor-contact,7736.0,444.0,0.162,99.5,,,5.739400206825232,90.01950405946111,0.1685,230.0,22,0,1
2787,pi4b-01,2026-07-27 19:36:23.405805+00:00,26.1,65.0,,,False,synth01-poor-2,synth01,sitting,synth-poor-contact,7823.0,349.0,0.213,99.6,,,4.461204141633644,83.65033041045332,0.1717,87.0,23,0,1
2788,pi4b-01,2026-07-27 19:36:24.405805+00:00,29.0,66.0,,,False,synth01-poor-2,synth01,sitting,synth-poor-contact,7543.0,405.0,0.246,99.4,,,5.3692164921118914,119.1346577057522,0.18209999999999998,280.0,24,0,1
2789,pi4b-01,2026-07-27 19:36:25.405805+00:00,28.8,65.0,,,False,synth01-poor-2,synth01,sitting,synth-poor-contact,7714.0,578.0,0.136,99.6,,,7.492870106300234,123.78875375233237,0.18130000000000002,171.0,25,0,1
2790,pi4b-01,2026-07-27 19:36:26.405805+00:00,30.6,73.0,,,False,synth01-poor-2,synth01,sitting,synth-poor-contact,7857.0,532.0,0.233,99.7,,,6.7710322005854655,124.64638872515427,0.18719999999999998,143.0,26,0,1
2791,pi4b-01,2026-07-27 19:36:27.405805+00:00,28.0,70.0,,,False,synth01-poor-2,synth01,sitting,synth-poor-contact,7574.0,595.0,0.244,99.6,,,7.8558225508317925,143.969171082639,0.1972,283.0,27,0,1
2792,pi4b-01,2026-07-27 19:36:28.405805+00:00,30.0,74.0,,,False,synth01-poor-2,synth01,sitting,synth-poor-contact,7527.0,582.0,0.177,99.6,,,7.732164208848147,150.52150086357125,0.1951,47.0,28,0,1
2793,pi4b-01,2026-07-27 19:36:29.405805+00:00,30.3,69.0,,,False,synth01-poor-2,synth01,sitting,synth-poor-contact,7885.0,541.0,0.164,99.4,,,6.861128725428029,153.0641114769301,0.1812,358.0,29,0,1
2794,pi4b-01,2026-07-27 19:36:30.405805+00:00,27.8,64.0,,,False,synth01-poor-2,synth01,sitting,synth-poor-contact,7748.0,453.0,0.118,99.5,,,5.846670108415076,150.9584563896816,0.1817,137.0,30,0,1
2795,pi4b-01,2026-07-27 19:36:31.405805+00:00,27.2,66.0,,,False,synth01-poor-2,synth01,sitting,synth-poor-contact,7568.0,434.0,0.177,99.6,,,5.734672304439746,135.65253816685777,0.187,180.0,31,0,1
2796,pi4b-01,2026-07-27 19:36:32.405805+00:00,26.4,65.0,,,False,synth01-poor-2,synth01,sitting,synth-poor-contact,7946.0,463.0,0.224,99.5,,,5.826831109992449,156.87025778578158,0.1932,378.0,32,0,1
2797,pi4b-01,2026-07-27 19:36:33.405805+00:00,27.6,67.0,,,False,synth01-poor-2,synth01,sitting,synth-poor-contact,7790.0,544.0,0.153,99.6,,,6.983311938382542,154.76060365753364,0.1872,156.0,33,0,1
2798,pi4b-01,2026-07-27 19:36:34.405805+00:00,27.6,62.0,,,False,synth01-poor-2,synth01,sitting,synth-poor-contact,7600.0,451.0,0.182,99.9,,,5.934210526315789,148.64233732165354,0.18080000000000002,190.0,34,0,1
2799,pi4b-01,2026-07-27 19:36:35.405805+00:00,30.5,70.0,,,False,synth01-poor-2,synth01,sitting,synth-poor-contact,7562.0,384.0,0.126,99.6,,,5.07802168738429,156.9649996372148,0.1798,38.0,35,0,1
2800,pi4b-01,2026-07-27 19:36:36.405805+00:00,29.7,73.0,,,False,synth01-poor-2,synth01,sitting,synth-poor-contact,7615.0,507.0,0.201,99.8,,,6.657912015758372,149.5253601678757,0.1766,53.0,36,0,1
2801,pi4b-01,2026-07-27 19:36:37.405805+00:00,27.7,66.0,,,False,synth01-poor-2,synth01,sitting,synth-poor-contact,7817.0,492.0,0.206,99.6,,,6.29397467058974,149.85904488329373,0.1728,202.0,37,0,1
2802,pi4b-01,2026-07-27 19:36:38.405805+00:00,28.1,64.0,,,False,synth01-poor-2,synth01,sitting,synth-poor-contact,7492.0,543.0,0.233,99.6,,,7.247730912973839,154.82538551542413,0.1784,325.0,38,0,1
2803,pi4b-01,2026-07-27 19:36:39.405805+00:00,29.1,71.0,,,False,synth01-poor-2,synth01,sitting,synth-poor-contact,7529.0,557.0,0.208,99.5,,,7.398060831451719,148.9661035269419,0.18280000000000002,37.0,39,0,1
2804,pi4b-01,2026-07-27 19:36:40.405805+00:00,30.8,69.0,,,False,synth01-poor-2,synth01,sitting,synth-poor-contact,7675.0,704.0,0.148,99.8,,,9.172638436482085,146.3042491978031,0.1858,146.0,40,0,1
2805,pi4b-01,2026-07-27 19:36:41.405805+00:00,27.2,73.0,,,False,synth01-poor-2,synth01,sitting,synth-poor-contact,7974.0,3148.0,0.01,99.4,,,39.47830448959117,172.16916745521536,0.16909999999999997,299.0,41,0,1
2806,pi4b-01,2026-07-27 19:36:42.405805+00:00,30.3,70.0,,,False,synth01-poor-2,synth01,sitting,synth-poor-contact,7866.0,6081.0,0.062,99.6,,,77.30739893211289,160.96238345926852,0.15289999999999998,108.0,42,0,1
2807,pi4b-01,2026-07-27 19:36:43.405805+00:00,26.6,72.0,,,False,synth01-poor-2,synth01,sitting,synth-poor-contact,7556.0,4901.0,0.109,99.8,,,64.86236103758603,162.13725324208633,0.1485,310.0,43,0,1
2808,pi4b-01,2026-07-27 19:36:44.405805+00:00,28.8,62.0,,,False,synth01-poor-2,synth01,sitting,synth-poor-contact,7706.0,5364.0,0.169,99.5,,,69.6080975862964,160.61188554331028,0.1472,150.0,44,0,1
2809,pi4b-01,2026-07-27 19:36:45.405805+00:00,28.8,66.0,,,False,synth01-poor-2,synth01,sitting,synth-poor-contact,7604.0,5700.0,0.01,99.6,,,74.96054708048395,157.72986753025174,0.1356,102.0,45,0,1
2810,pi4b-01,2026-07-27 19:36:46.405805+00:00,26.2,65.0,,,False,synth01-poor-2,synth01,sitting,synth-poor-contact,7757.0,2792.0,0.158,99.4,,,35.99329637746552,157.27908669340263,0.1313,153.0,46,0,1
2811,pi4b-01,2026-07-27 19:36:47.405805+00:00,30.7,72.0,,,False,synth01-poor-2,synth01,sitting,synth-poor-contact,7535.0,3064.0,0.054,99.6,,,40.6635700066357,158.7662152698446,0.11610000000000001,222.0,47,0,1
2812,pi4b-01,2026-07-27 19:36:48.405805+00:00,28.6,66.0,,,False,synth01-poor-2,synth01,sitting,synth-poor-contact,7471.0,3031.0,0.044,99.7,,,40.57020479186186,161.4889401097712,0.0972,64.0,48,0,1
2813,pi4b-01,2026-07-27 19:36:49.405805+00:00,28.8,68.0,,,False,synth01-poor-2,synth01,sitting,synth-poor-contact,7256.0,3192.0,0.094,99.7,,,43.991179713340685,204.74808369744756,0.0858,215.0,49,0,1
2814,pi4b-01,2026-07-27 19:36:50.405805+00:00,29.0,70.0,,,False,synth01-poor-2,synth01,sitting,synth-poor-contact,7280.0,2739.0,0.104,99.7,,,37.62362637362637,233.3496422871789,0.0814,24.0,50,0,1
2815,pi4b-01,2026-07-27 19:36:51.405805+00:00,28.5,69.0,,,False,synth01-poor-2,synth01,sitting,synth-poor-contact,7201.0,862.0,0.065,99.7,,,11.970559644493822,223.7095338950791,0.0869,79.0,51,0,1
2816,pi4b-01,2026-07-27 19:36:52.405805+00:00,30.6,70.0,,,False,synth01-poor-2,synth01,sitting,synth-poor-contact,7073.0,733.0,0.178,99.7,,,10.3633535981903,229.1765210002432,0.0985,128.0,52,0,1
2817,pi4b-01,2026-07-27 19:36:53.405805+00:00,28.4,74.0,,,False,synth01-poor-2,synth01,sitting,synth-poor-contact,7234.0,783.0,0.01,99.8,,,10.823887199336466,234.2411150929674,0.0886,161.0,53,0,1
2818,pi4b-01,2026-07-27 19:36:54.405805+00:00,26.7,68.0,,,False,synth01-poor-2,synth01,sitting,synth-poor-contact,7020.0,772.0,0.023,99.7,,,10.997150997150996,238.88093268403833,0.074,214.0,54,0,1
2819,pi4b-01,2026-07-27 19:36:55.405805+00:00,29.8,67.0,,,False,synth01-poor-2,synth01,sitting,synth-poor-contact,7249.0,664.0,0.057,99.9,,,9.159884121947854,221.55019496467284,0.0787,229.0,55,0,1
2820,pi4b-01,2026-07-27 19:36:56.405805+00:00,27.8,64.0,,,False,synth01-poor-2,synth01,sitting,synth-poor-contact,7390.0,424.0,0.143,99.8,,,5.7374830852503385,160.94198402597584,0.0772,141.0,56,0,1
2821,pi4b-01,2026-07-27 19:36:57.405805+00:00,30.8,67.0,,,False,synth01-poor-2,synth01,sitting,synth-poor-contact,7483.0,7586.0,0.077,99.5,,,101.37645329413336,152.0555819429039,0.0795,93.0,57,0,1
2822,pi4b-01,2026-07-27 19:36:58.405805+00:00,29.1,67.0,,,False,synth01-poor-2,synth01,sitting,synth-poor-contact,7338.0,7510.0,0.027,99.8,,,102.3439629326792,137.19345627412204,0.07780000000000001,145.0,58,0,1
2823,pi4b-01,2026-07-27 19:36:59.405805+00:00,28.0,69.0,,,False,synth01-poor-2,synth01,sitting,synth-poor-contact,7549.0,9237.0,0.054,99.8,,,122.36057755994172,166.2568628491462,0.0738,211.0,59,0,1
2824,pi4b-01,2026-07-27 19:37:00.405805+00:00,27.9,66.0,,,False,synth01-poor-2,synth01,sitting,synth-poor-contact,7678.0,7239.0,0.061,99.7,,,94.28236519927064,208.16192948972383,0.0695,129.0,60,0,1
2825,pi4b-01,2026-07-27 19:37:01.405805+00:00,26.4,73.0,,,False,synth01-poor-2,synth01,sitting,synth-poor-contact,7749.0,771.0,0.029,99.5,,,9.949670925280682,242.2551685035082,0.0659,71.0,61,0,1
2826,pi4b-01,2026-07-27 19:37:02.405805+00:00,29.5,74.0,,,False,synth01-poor-2,synth01,sitting,synth-poor-contact,7587.0,6469.0,0.014,99.5,,,85.2642678265454,224.64097281365156,0.0495,162.0,62,0,1
2827,pi4b-01,2026-07-27 19:37:03.405805+00:00,29.4,69.0,,,False,synth01-poor-2,synth01,sitting,synth-poor-contact,7800.0,6736.0,0.037,99.5,,,86.35897435897436,241.11410392407313,0.0522,213.0,63,0,1
2828,pi4b-01,2026-07-27 19:37:04.405805+00:00,29.4,71.0,,,False,synth01-poor-2,synth01,sitting,synth-poor-contact,7603.0,9399.0,0.078,99.7,,,123.6222543732737,178.80790437412116,0.057699999999999994,197.0,64,0,1
2829,pi4b-01,2026-07-27 19:37:05.405805+00:00,26.7,63.0,,,False,synth01-poor-2,synth01,sitting,synth-poor-contact,7799.0,6926.0,0.033,99.4,,,88.80625721246314,162.28931641430052,0.0553,196.0,65,0,1
2830,pi4b-01,2026-07-27 19:37:06.405805+00:00,28.6,69.0,,,False,synth01-poor-2,synth01,sitting,synth-poor-contact,7681.0,5952.0,0.01,99.4,,,77.48991016794689,146.22285123133526,0.041999999999999996,118.0,66,0,1
2831,pi4b-01,2026-07-27 19:37:07.405805+00:00,27.9,65.0,,,False,synth01-poor-2,synth01,sitting,synth-poor-contact,7344.0,716.0,0.086,99.5,,,9.749455337690632,166.5891819883705,0.0429,337.0,67,0,1
2832,pi4b-01,2026-07-27 19:37:08.405805+00:00,30.4,74.0,,,False,synth01-poor-2,synth01,sitting,synth-poor-contact,7501.0,412.0,0.117,99.5,,,5.492600986535129,143.02093863797668,0.0519,157.0,68,0,1
2833,pi4b-01,2026-07-27 19:37:09.405805+00:00,26.2,68.0,,,False,synth01-poor-2,synth01,sitting,synth-poor-contact,7307.0,307.0,0.121,99.9,,,4.201450663747091,174.9828245539765,0.0586,194.0,69,0,1
2834,pi4b-01,2026-07-27 19:37:10.405805+00:00,28.2,73.0,,,False,synth01-poor-2,synth01,sitting,synth-poor-contact,7571.0,338.0,0.151,99.6,,,4.464403645489368,173.2793505681854,0.06760000000000001,264.0,70,0,1
2835,pi4b-01,2026-07-27 19:37:11.405805+00:00,27.5,69.0,,,False,synth01-poor-2,synth01,sitting,synth-poor-contact,7259.0,310.0,0.194,99.5,,,4.270560683289709,192.82046917620485,0.0841,312.0,71,0,1
2836,pi4b-01,2026-07-27 19:37:12.405805+00:00,27.6,66.0,,,False,synth01-poor-2,synth01,sitting,synth-poor-contact,7263.0,339.0,0.119,99.5,,,4.6674927715819905,211.34742329475304,0.09459999999999999,4.0,72,0,1
2837,pi4b-01,2026-07-27 19:37:13.405805+00:00,30.6,73.0,,,False,synth01-poor-2,synth01,sitting,synth-poor-contact,7200.0,372.0,0.127,99.6,,,5.166666666666667,205.850431138722,0.1036,63.0,73,0,1
2838,pi4b-01,2026-07-27 19:37:14.405805+00:00,27.1,68.0,,,False,synth01-poor-2,synth01,sitting,synth-poor-contact,7210.0,307.0,0.175,99.5,,,4.257975034674064,211.4280807587554,0.1133,10.0,74,0,1
2839,pi4b-01,2026-07-27 19:37:15.405805+00:00,27.1,66.0,,,False,synth01-poor-2,synth01,sitting,synth-poor-contact,7283.0,324.0,0.207,99.5,,,4.448716188383908,164.6919346335165,0.13069999999999998,73.0,75,0,1
2840,pi4b-01,2026-07-27 19:37:16.405805+00:00,31.0,65.0,,,False,synth01-poor-2,synth01,sitting,synth-poor-contact,7345.0,356.0,0.138,99.9,,,4.8468345813478555,120.77623938505823,0.14350000000000002,62.0,76,0,1
2841,pi4b-01,2026-07-27 19:37:17.405805+00:00,28.4,67.0,,,False,synth01-poor-2,synth01,sitting,synth-poor-contact,7266.0,246.0,0.035,99.5,,,3.3856317093311312,122.16041366442528,0.1384,79.0,77,0,1
2842,pi4b-01,2026-07-27 19:37:18.405805+00:00,28.2,66.0,,,False,synth01-poor-2,synth01,sitting,synth-poor-contact,7284.0,297.0,0.106,99.6,,,4.077429983525535,104.53686218531826,0.1373,18.0,78,0,1
2843,pi4b-01,2026-07-27 19:37:19.405805+00:00,26.7,72.0,,,False,synth01-poor-2,synth01,sitting,synth-poor-contact,7532.0,366.0,0.181,99.8,,,4.859267126925119,128.0642633819146,0.1433,248.0,79,0,1
2844,pi4b-01,2026-07-27 19:37:20.405805+00:00,27.6,70.0,,,False,synth01-poor-2,synth01,sitting,synth-poor-contact,7294.0,337.0,0.193,99.7,,,4.6202358102550045,93.28951352284975,0.14750000000000002,238.0,80,0,1
2845,pi4b-01,2026-07-27 19:37:21.405805+00:00,30.3,65.0,,,False,synth01-poor-2,synth01,sitting,synth-poor-contact,7289.0,406.0,0.116,99.6,,,5.57003704211826,92.53251680713824,0.1397,5.0,81,0,1
2846,pi4b-01,2026-07-27 19:37:22.405805+00:00,28.3,68.0,,,False,synth01-poor-2,synth01,sitting,synth-poor-contact,7602.0,317.0,0.148,99.9,,,4.16995527492765,132.3750983631876,0.1426,313.0,82,0,1
2847,pi4b-01,2026-07-27 19:37:23.405805+00:00,28.0,62.0,,,False,synth01-poor-2,synth01,sitting,synth-poor-contact,7604.0,397.0,0.212,99.9,,,5.220936349289848,148.75740877907185,0.1511,2.0,83,0,1
2848,pi4b-01,2026-07-27 19:37:24.405805+00:00,28.7,62.0,,,False,synth01-poor-2,synth01,sitting,synth-poor-contact,7691.0,327.0,0.231,99.7,,,4.251722792874789,167.53042841359286,0.1567,87.0,84,0,1
2849,pi4b-01,2026-07-27 19:37:25.405805+00:00,26.6,64.0,,,False,synth01-poor-2,synth01,sitting,synth-poor-contact,7324.0,368.0,0.153,99.4,,,5.024576734025123,164.30287073977397,0.1513,367.0,85,0,1
2850,pi4b-01,2026-07-27 19:37:26.405805+00:00,27.6,62.0,,,False,synth01-poor-2,synth01,sitting,synth-poor-contact,7303.0,324.0,0.188,99.7,,,4.436532931671916,167.03522582576457,0.1563,21.0,86,0,1
2851,pi4b-01,2026-07-27 19:37:27.405805+00:00,30.0,69.0,,,False,synth01-poor-2,synth01,sitting,synth-poor-contact,7554.0,388.0,0.187,99.5,,,5.136351601800371,162.51020480777336,0.1715,251.0,87,0,1
2852,pi4b-01,2026-07-27 19:37:28.405805+00:00,28.5,69.0,,,False,synth01-poor-2,synth01,sitting,synth-poor-contact,7328.0,356.0,0.272,99.8,,,4.858078602620088,158.1219290435146,0.1881,226.0,88,0,1
2853,pi4b-01,2026-07-27 19:37:29.405805+00:00,27.3,74.0,,,False,synth01-poor-2,synth01,sitting,synth-poor-contact,7376.0,428.0,0.237,99.5,,,5.802603036876356,157.05501513092605,0.19369999999999998,48.0,89,0,1
2854,pi4b-01,2026-07-27 19:37:30.405805+00:00,31.0,67.0,,,False,synth01-poor-2,synth01,sitting,synth-poor-contact,7606.0,364.0,0.203,99.8,,,4.785695503549829,156.59079723207162,0.19469999999999998,230.0,90,0,1
2855,pi4b-01,2026-07-27 19:37:31.405805+00:00,30.1,67.0,,,False,synth01-poor-2,synth01,sitting,synth-poor-contact,7550.0,438.0,0.227,99.8,,,5.801324503311258,144.80392873736554,0.20579999999999998,56.0,91,0,1
2856,pi4b-01,2026-07-27 19:37:32.405805+00:00,26.1,68.0,,,False,synth01-poor-2,synth01,sitting,synth-poor-contact,7517.0,375.0,0.165,99.9,,,4.988692297459093,140.16739991880488,0.20749999999999996,33.0,92,0,1
2857,pi4b-01,2026-07-27 19:37:33.405805+00:00,29.3,68.0,,,False,synth01-poor-2,synth01,sitting,synth-poor-contact,7582.0,405.0,0.149,99.7,,,5.341598522817199,138.25696687287427,0.2012,65.0,93,0,1
2858,pi4b-01,2026-07-27 19:37:34.405805+00:00,28.8,73.0,,,False,synth01-poor-2,synth01,sitting,synth-poor-contact,7409.0,373.0,0.156,99.5,,,5.034417600215954,118.48623923851555,0.1937,173.0,94,0,1
2859,pi4b-01,2026-07-27 19:37:35.405805+00:00,28.6,70.0,,,False,synth01-poor-2,synth01,sitting,synth-poor-contact,7277.0,358.0,0.121,99.8,,,4.919609729284045,125.00826639332486,0.1905,132.0,95,0,1
2860,pi4b-01,2026-07-27 19:37:36.405805+00:00,26.5,72.0,,,False,synth01-poor-2,synth01,sitting,synth-poor-contact,7435.0,348.0,0.185,99.7,,,4.680564895763282,114.24359938306367,0.1902,158.0,96,0,1
2861,pi4b-01,2026-07-27 19:37:37.405805+00:00,30.7,73.0,,,False,synth01-poor-2,synth01,sitting,synth-poor-contact,7643.0,403.0,0.221,99.8,,,5.27279863927777,125.04225952318967,0.1936,208.0,97,0,1
2862,pi4b-01,2026-07-27 19:37:38.405805+00:00,28.7,72.0,,,False,synth01-poor-2,synth01,sitting,synth-poor-contact,7358.0,416.0,0.2,99.6,,,5.6537102473498235,121.50541826052348,0.1864,285.0,98,0,1
2863,pi4b-01,2026-07-27 19:37:39.405805+00:00,26.3,69.0,,,False,synth01-poor-2,synth01,sitting,synth-poor-contact,7405.0,404.0,0.194,99.8,,,5.4557731262660365,119.19619680732879,0.1821,47.0,99,0,1
2864,pi4b-01,2026-07-27 19:37:40.405805+00:00,29.4,72.0,,,False,synth01-poor-2,synth01,sitting,synth-poor-contact,7407.0,341.0,0.259,99.7,,,4.603753206426353,111.87597299389732,0.18770000000000003,2.0,100,0,1
2865,pi4b-01,2026-07-27 19:37:41.405805+00:00,30.7,69.0,,,False,synth01-poor-2,synth01,sitting,synth-poor-contact,7471.0,344.0,0.151,99.7,,,4.6044706197296215,107.38011402902636,0.18009999999999998,64.0,101,0,1
2866,pi4b-01,2026-07-27 19:37:42.405805+00:00,27.4,74.0,,,False,synth01-poor-2,synth01,sitting,synth-poor-contact,7331.0,353.0,0.119,99.7,,,4.815168462692674,110.62228025531955,0.1755,140.0,102,0,1
2867,pi4b-01,2026-07-27 19:37:43.405805+00:00,27.6,65.0,,,False,synth01-poor-2,synth01,sitting,synth-poor-contact,7232.0,430.0,0.14,99.7,,,5.945796460176991,113.15947448916397,0.1746,99.0,103,0,1
2868,pi4b-01,2026-07-27 19:37:44.405805+00:00,28.2,72.0,,,False,synth01-poor-2,synth01,sitting,synth-poor-contact,7305.0,380.0,0.191,99.7,,,5.201916495550993,116.6392348702102,0.1781,73.0,104,0,1
2869,pi4b-01,2026-07-27 19:37:45.405805+00:00,29.9,70.0,,,False,synth01-poor-2,synth01,sitting,synth-poor-contact,7401.0,441.0,0.188,99.7,,,5.958654235914065,110.12598845563403,0.18480000000000002,96.0,105,0,1
2870,pi4b-01,2026-07-27 19:37:46.405805+00:00,31.0,65.0,,,False,synth01-poor-2,synth01,sitting,synth-poor-contact,7240.0,415.0,0.097,99.9,,,5.732044198895028,119.83975411633463,0.176,161.0,106,0,1
2871,pi4b-01,2026-07-27 19:37:47.405805+00:00,28.0,66.0,,,False,synth01-poor-2,synth01,sitting,synth-poor-contact,7529.0,398.0,0.178,99.5,,,5.286226590516669,94.76690702277568,0.17170000000000002,289.0,107,0,1
2872,pi4b-01,2026-07-27 19:37:48.405805+00:00,27.5,69.0,,,False,synth01-poor-2,synth01,sitting,synth-poor-contact,7231.0,418.0,0.217,99.6,,,5.780666574471027,104.27399803720616,0.1734,298.0,108,0,1
2873,pi4b-01,2026-07-27 19:37:49.405805+00:00,27.4,72.0,,,False,synth01-poor-2,synth01,sitting,synth-poor-contact,7396.0,318.0,0.144,99.4,,,4.299621416982152,103.83432316273489,0.1684,165.0,109,0,1
2874,pi4b-01,2026-07-27 19:37:50.405805+00:00,27.0,72.0,,,False,synth01-poor-2,synth01,sitting,synth-poor-contact,7506.0,336.0,0.108,99.6,,,4.476418864908074,113.67086991249494,0.1533,110.0,110,0,1
2875,pi4b-01,2026-07-27 19:37:51.405805+00:00,29.8,68.0,,,False,synth01-poor-2,synth01,sitting,synth-poor-contact,7692.0,265.0,0.262,99.5,,,3.4451378055122204,151.8230329473436,0.16440000000000002,186.0,111,0,1
2876,pi4b-01,2026-07-27 19:37:52.405805+00:00,27.3,67.0,,,False,synth01-poor-2,synth01,sitting,synth-poor-contact,7455.0,262.0,0.157,99.7,,,3.5144198524480217,151.86840063393058,0.16820000000000002,237.0,112,0,1
2877,pi4b-01,2026-07-27 19:37:53.405805+00:00,26.5,65.0,,,False,synth01-poor-2,synth01,sitting,synth-poor-contact,7592.0,320.0,0.17,99.6,,,4.214963119072708,150.6253999533554,0.1712,137.0,113,0,1
2878,pi4b-01,2026-07-27 19:37:54.405805+00:00,29.3,74.0,,,False,synth01-poor-2,synth01,sitting,synth-poor-contact,7633.0,263.0,0.211,99.7,,,3.4455653085287565,154.8958431405427,0.1732,41.0,114,0,1
2879,pi4b-01,2026-07-27 19:37:55.405805+00:00,29.2,71.0,,,False,synth01-poor-2,synth01,sitting,synth-poor-contact,7397.0,317.0,0.176,99.9,,,4.285521157225903,155.09169330860604,0.172,236.0,115,0,1
2880,pi4b-01,2026-07-27 19:37:56.405805+00:00,26.8,64.0,,,False,synth01-poor-2,synth01,sitting,synth-poor-contact,7622.0,410.0,0.189,99.5,,,5.37916557334033,139.16740518765258,0.1812,225.0,116,0,1
2881,pi4b-01,2026-07-27 19:37:57.405805+00:00,29.1,64.0,,,False,synth01-poor-2,synth01,sitting,synth-poor-contact,7542.0,372.0,0.178,99.6,,,4.932378679395385,139.47377292283642,0.1812,80.0,117,0,1
2882,pi4b-01,2026-07-27 19:37:58.405805+00:00,30.2,65.0,,,False,synth01-poor-2,synth01,sitting,synth-poor-contact,7337.0,318.0,0.223,99.5,,,4.334196538094589,118.678651080217,0.18180000000000002,205.0,118,0,1
2883,pi4b-01,2026-07-27 19:37:59.405805+00:00,29.6,67.0,,,False,synth01-poor-2,synth01,sitting,synth-poor-contact,7325.0,341.0,0.245,99.7,,,4.6552901023890785,128.45617497374937,0.19190000000000002,12.0,119,0,1
2884,pi4b-01,2026-07-27 19:38:00.405805+00:00,29.9,67.0,,,False,synth01-poor-2,synth01,sitting,synth-poor-contact,7366.0,336.0,0.083,99.8,,,4.56149877816997,136.33981239697377,0.18939999999999999,41.0,120,0,1
2885,pi4b-01,2026-07-27 19:38:01.405805+00:00,27.0,65.0,,,False,synth01-poor-2,synth01,sitting,synth-poor-contact,7431.0,403.0,0.275,99.5,,,5.423227021935136,118.48394171549936,0.1907,65.0,121,0,1
2886,pi4b-01,2026-07-27 19:38:02.405805+00:00,29.5,66.0,,,False,synth01-poor-2,synth01,sitting,synth-poor-contact,7702.0,353.0,0.157,99.9,,,4.583225136328227,138.98205319791717,0.1907,271.0,122,0,1
2887,pi4b-01,2026-07-27 19:38:03.405805+00:00,29.8,70.0,,,False,synth01-poor-2,synth01,sitting,synth-poor-contact,7710.0,368.0,0.104,99.7,,,4.773022049286641,152.51174818134822,0.18409999999999999,8.0,123,0,1
2888,pi4b-01,2026-07-27 19:38:04.405805+00:00,27.1,63.0,,,False,synth01-poor-2,synth01,sitting,synth-poor-contact,7482.0,350.0,0.148,99.8,,,4.677893611333868,145.92859745626663,0.1778,228.0,124,0,1
2889,pi4b-01,2026-07-27 19:38:05.405805+00:00,30.3,66.0,,,False,synth01-poor-2,synth01,sitting,synth-poor-contact,7267.0,380.0,0.185,99.6,,,5.229117930370167,160.35044953683214,0.1787,215.0,125,0,1
2890,pi4b-01,2026-07-27 19:38:06.405805+00:00,28.8,66.0,,,False,synth01-poor-2,synth01,sitting,synth-poor-contact,7335.0,342.0,0.129,99.4,,,4.662576687116564,157.45055661310033,0.1727,68.0,126,0,1
2891,pi4b-01,2026-07-27 19:38:07.405805+00:00,26.1,69.0,,,False,synth01-poor-2,synth01,sitting,synth-poor-contact,7590.0,426.0,0.167,99.7,,,5.612648221343874,161.26255334425431,0.1716,255.0,127,0,1
2892,pi4b-01,2026-07-27 19:38:08.405805+00:00,30.4,67.0,,,False,synth01-poor-2,synth01,sitting,synth-poor-contact,7568.0,347.0,0.17,99.9,,,4.585095137420718,159.09130851319918,0.16629999999999998,22.0,128,0,1
2893,pi4b-01,2026-07-27 19:38:09.405805+00:00,29.0,71.0,,,False,synth01-poor-2,synth01,sitting,synth-poor-contact,7609.0,411.0,0.127,99.5,,,5.401498225785254,154.09376654779558,0.1545,41.0,129,0,1
2894,pi4b-01,2026-07-27 19:38:10.405805+00:00,28.1,69.0,,,False,synth01-poor-2,synth01,sitting,synth-poor-contact,7630.0,379.0,0.085,99.4,,,4.967234600262123,150.00385180238982,0.1547,21.0,130,0,1
2895,pi4b-01,2026-07-27 19:38:11.405805+00:00,29.8,73.0,,,False,synth01-poor-2,synth01,sitting,synth-poor-contact,7704.0,309.0,0.133,99.4,,,4.010903426791277,154.28044450141263,0.1405,74.0,131,0,1
2896,pi4b-01,2026-07-27 19:38:12.405805+00:00,26.4,71.0,,,False,synth01-poor-2,synth01,sitting,synth-poor-contact,7431.0,348.0,0.266,99.5,,,4.683084376261607,150.25622560590003,0.1514,273.0,132,0,1
2897,pi4b-01,2026-07-27 19:38:13.405805+00:00,30.8,65.0,,,False,synth01-poor-2,synth01,sitting,synth-poor-contact,7479.0,373.0,0.104,99.5,,,4.98729776708116,137.13679302068323,0.1514,48.0,133,0,1
2898,pi4b-01,2026-07-27 19:38:14.405805+00:00,27.7,65.0,,,False,synth01-poor-2,synth01,sitting,synth-poor-contact,7426.0,321.0,0.177,99.7,,,4.322650148128198,139.50742712207088,0.15430000000000002,53.0,134,0,1
2899,pi4b-01,2026-07-27 19:38:15.405805+00:00,30.6,64.0,,,False,synth01-poor-2,synth01,sitting,synth-poor-contact,7469.0,316.0,0.169,99.7,,,4.230820725666087,113.61577550869508,0.1527,43.0,135,0,1
2900,pi4b-01,2026-07-27 19:38:16.405805+00:00,26.8,71.0,,,False,synth01-poor-2,synth01,sitting,synth-poor-contact,7762.0,400.0,0.223,99.6,,,5.15331100231899,114.88235528380088,0.1621,293.0,136,0,1
2901,pi4b-01,2026-07-27 19:38:17.405805+00:00,26.9,63.0,,,False,synth01-poor-2,synth01,sitting,synth-poor-contact,7471.0,366.0,0.182,99.6,,,4.8989425779681435,118.32389633730925,0.16360000000000002,291.0,137,0,1
2902,pi4b-01,2026-07-27 19:38:18.405805+00:00,27.2,62.0,,,False,synth01-poor-2,synth01,sitting,synth-poor-contact,7799.0,307.0,0.184,99.7,,,3.9364021028336964,141.45356521172954,0.165,328.0,138,0,1
2903,pi4b-01,2026-07-27 19:38:19.405805+00:00,26.6,73.0,,,False,synth01-poor-2,synth01,sitting,synth-poor-contact,7611.0,339.0,0.259,99.4,,,4.454079621600315,141.50367093784809,0.1782,188.0,139,0,1
2904,pi4b-01,2026-07-27 19:38:20.405805+00:00,26.2,71.0,,,False,synth01-poor-2,synth01,sitting,synth-poor-contact,7501.0,379.0,0.254,99.7,,,5.052659645380616,142.13534238729451,0.1951,110.0,140,0,1
2905,pi4b-01,2026-07-27 19:38:21.405805+00:00,28.9,72.0,,,False,synth01-poor-2,synth01,sitting,synth-poor-contact,7569.0,298.0,0.162,99.7,,,3.937111903818206,133.6561093087533,0.198,68.0,141,0,1
2906,pi4b-01,2026-07-27 19:38:22.405805+00:00,28.7,67.0,,,False,synth01-poor-2,synth01,sitting,synth-poor-contact,7632.0,284.0,0.117,99.8,,,3.7211740041928723,128.48471590901423,0.18309999999999998,63.0,142,0,1
2907,pi4b-01,2026-07-27 19:38:23.405805+00:00,30.8,72.0,,,False,synth01-poor-2,synth01,sitting,synth-poor-contact,7469.0,386.0,0.136,99.7,,,5.16802784844022,129.32426944183578,0.1863,163.0,143,0,1
2908,pi4b-01,2026-07-27 19:38:24.405805+00:00,29.8,65.0,,,False,synth01-poor-2,synth01,sitting,synth-poor-contact,7758.0,362.0,0.176,99.5,,,4.666151069863367,130.60155690750605,0.1862,289.0,144,0,1
2909,pi4b-01,2026-07-27 19:38:25.405805+00:00,26.2,72.0,,,False,synth01-poor-2,synth01,sitting,synth-poor-contact,7358.0,373.0,0.118,99.6,,,5.069312313128568,147.04194412932387,0.18109999999999998,400.0,145,0,1
2910,pi4b-01,2026-07-27 19:38:26.405805+00:00,26.8,63.0,,,False,synth01-poor-2,synth01,sitting,synth-poor-contact,7630.0,415.0,0.162,99.4,,,5.439056356487549,135.67018832447263,0.17500000000000002,272.0,146,0,1
2911,pi4b-01,2026-07-27 19:38:27.405805+00:00,28.9,63.0,,,False,synth01-poor-2,synth01,sitting,synth-poor-contact,7470.0,410.0,0.225,99.4,,,5.4886211512717535,135.75963235724987,0.1793,160.0,147,0,1
2912,pi4b-01,2026-07-27 19:38:28.405805+00:00,29.1,68.0,,,False,synth01-poor-2,synth01,sitting,synth-poor-contact,7456.0,426.0,0.185,99.7,,,5.7135193133047215,116.10359358970028,0.1794,14.0,148,0,1
2913,pi4b-01,2026-07-27 19:38:29.405805+00:00,30.7,66.0,,,False,synth01-poor-2,synth01,sitting,synth-poor-contact,7667.0,529.0,0.172,99.7,,,6.899700013042912,120.87183294712568,0.17070000000000002,211.0,149,0,1
2914,pi4b-01,2026-07-27 19:38:30.405805+00:00,29.2,71.0,,,False,synth01-poor-2,synth01,sitting,synth-poor-contact,7411.0,422.0,0.129,99.6,,,5.694238294427203,128.14054783712234,0.15819999999999998,256.0,150,0,1
2915,pi4b-01,2026-07-27 19:38:31.405805+00:00,28.3,63.0,,,False,synth01-poor-2,synth01,sitting,synth-poor-contact,7310.0,534.0,0.224,99.7,,,7.305061559507524,146.88124454809676,0.1644,101.0,151,0,1
2916,pi4b-01,2026-07-27 19:38:32.405805+00:00,26.1,64.0,,,False,synth01-poor-2,synth01,sitting,synth-poor-contact,7598.0,438.0,0.138,99.5,,,5.764674914451171,144.2706176291933,0.1665,288.0,152,0,1
2917,pi4b-01,2026-07-27 19:38:33.405805+00:00,30.1,67.0,,,False,synth01-poor-2,synth01,sitting,synth-poor-contact,7500.0,426.0,0.193,99.6,,,5.680000000000001,143.5585826994139,0.1722,98.0,153,0,1
2918,pi4b-01,2026-07-27 19:38:34.405805+00:00,26.3,68.0,,,False,synth01-poor-2,synth01,sitting,synth-poor-contact,7672.0,445.0,0.189,99.7,,,5.800312825860271,129.30566714399396,0.1735,172.0,154,0,1
2919,pi4b-01,2026-07-27 19:38:35.405805+00:00,27.0,73.0,,,False,synth01-poor-2,synth01,sitting,synth-poor-contact,7596.0,539.0,0.14,99.6,,,7.095839915745129,120.38826077874513,0.17570000000000002,76.0,155,0,1
2920,pi4b-01,2026-07-27 19:38:36.405805+00:00,28.6,67.0,,,False,synth01-poor-2,synth01,sitting,synth-poor-contact,7644.0,461.0,0.201,99.6,,,6.030873888016745,121.7412556750223,0.1796,48.0,156,0,1
2921,pi4b-01,2026-07-27 19:38:37.405805+00:00,30.6,70.0,,,False,synth01-poor-2,synth01,sitting,synth-poor-contact,7779.0,395.0,0.093,99.7,,,5.077773492736855,141.7188531329942,0.16640000000000002,135.0,157,0,1
2922,pi4b-01,2026-07-27 19:38:38.405805+00:00,27.7,62.0,,,False,synth01-poor-2,synth01,sitting,synth-poor-contact,7556.0,350.0,0.17,99.9,,,4.63208046585495,136.74717141091713,0.1649,223.0,158,0,1
2923,pi4b-01,2026-07-27 19:38:39.405805+00:00,29.4,68.0,,,False,synth01-poor-2,synth01,sitting,synth-poor-contact,7771.0,304.0,0.141,99.4,,,3.9119804400977993,148.14486153761084,0.1618,215.0,159,0,1
2924,pi4b-01,2026-07-27 19:38:40.405805+00:00,26.6,64.0,,,False,synth01-poor-2,synth01,sitting,synth-poor-contact,7593.0,317.0,0.198,99.8,,,4.174897932306072,135.18337340236178,0.16870000000000002,178.0,160,0,1
2925,pi4b-01,2026-07-27 19:38:41.405805+00:00,30.7,63.0,,,False,synth01-poor-2,synth01,sitting,synth-poor-contact,7807.0,330.0,0.28,99.8,,,4.226975790956834,103.61810223657434,0.1743,214.0,161,0,1
2926,pi4b-01,2026-07-27 19:38:42.405805+00:00,29.8,73.0,,,False,synth01-poor-2,synth01,sitting,synth-poor-contact,7713.0,355.0,0.187,99.5,,,4.60261895501102,103.38971580061256,0.1792,94.0,162,0,1
2927,pi4b-01,2026-07-27 19:38:43.405805+00:00,28.2,65.0,,,False,synth01-poor-2,synth01,sitting,synth-poor-contact,7734.0,290.0,0.16,99.6,,,3.7496767520041376,87.65747733839655,0.1759,21.0,163,0,1
2928,pi4b-01,2026-07-27 19:38:44.405805+00:00,30.8,69.0,,,False,synth01-poor-2,synth01,sitting,synth-poor-contact,7489.0,371.0,0.214,99.8,,,4.953932434236881,107.80723537869865,0.17840000000000003,245.0,164,0,1
2929,pi4b-01,2026-07-27 19:38:45.405805+00:00,26.8,69.0,,,False,synth01-poor-2,synth01,sitting,synth-poor-contact,7719.0,316.0,0.155,99.6,,,4.093794532970592,105.64957800829826,0.1799,230.0,165,0,1
2930,pi4b-01,2026-07-27 19:38:46.405805+00:00,31.0,69.0,,,False,synth01-poor-2,synth01,sitting,synth-poor-contact,7706.0,408.0,0.124,99.8,,,5.294575655333507,105.08731819036312,0.1722,13.0,166,0,1
2931,pi4b-01,2026-07-27 19:38:47.405805+00:00,26.2,74.0,,,False,synth01-poor-2,synth01,sitting,synth-poor-contact,7551.0,382.0,0.139,99.6,,,5.058932591709707,107.54167150974192,0.1768,155.0,167,0,1
2932,pi4b-01,2026-07-27 19:38:48.405805+00:00,28.3,63.0,,,False,synth01-poor-2,synth01,sitting,synth-poor-contact,7759.0,474.0,0.143,99.5,,,6.109034669416162,104.01260607359282,0.1741,208.0,168,0,1
2933,pi4b-01,2026-07-27 19:38:49.405805+00:00,27.8,73.0,,,False,synth01-poor-2,synth01,sitting,synth-poor-contact,7778.0,457.0,0.117,99.6,,,5.87554641295963,104.68306665570422,0.17170000000000002,19.0,169,0,1
2934,pi4b-01,2026-07-27 19:38:50.405805+00:00,27.9,65.0,,,False,synth01-poor-2,synth01,sitting,synth-poor-contact,7587.0,500.0,0.163,99.4,,,6.590220113351785,105.28379636855779,0.16820000000000002,191.0,170,0,1
2935,pi4b-01,2026-07-27 19:38:51.405805+00:00,26.3,70.0,,,False,synth01-poor-2,synth01,sitting,synth-poor-contact,7406.0,522.0,0.192,99.6,,,7.0483391844450445,127.40033141417871,0.15940000000000001,181.0,171,0,1
2936,pi4b-01,2026-07-27 19:38:52.405805+00:00,26.4,65.0,,,False,synth01-poor-2,synth01,sitting,synth-poor-contact,7521.0,457.0,0.233,99.7,,,6.076319638345964,130.31415033593206,0.164,115.0,172,0,1
2937,pi4b-01,2026-07-27 19:38:53.405805+00:00,28.4,70.0,,,False,synth01-poor-2,synth01,sitting,synth-poor-contact,7762.0,562.0,0.22,99.7,,,7.240401958258181,133.18558480555663,0.17,241.0,173,0,1
2938,pi4b-01,2026-07-27 19:38:54.405805+00:00,30.1,63.0,,,False,synth01-poor-2,synth01,sitting,synth-poor-contact,7470.0,496.0,0.194,99.8,,,6.639892904953146,135.50108650650213,0.168,292.0,174,0,1
2939,pi4b-01,2026-07-27 19:38:55.405805+00:00,30.6,66.0,,,False,synth01-poor-2,synth01,sitting,synth-poor-contact,7432.0,504.0,0.091,99.4,,,6.7814854682454255,143.73494124022702,0.16160000000000002,38.0,175,0,1
2940,pi4b-01,2026-07-27 19:38:56.405805+00:00,29.2,70.0,,,False,synth01-poor-2,synth01,sitting,synth-poor-contact,7732.0,569.0,0.224,99.6,,,7.3590274185204345,146.13677003257504,0.1716,300.0,176,0,1
2941,pi4b-01,2026-07-27 19:38:57.405805+00:00,28.5,70.0,,,False,synth01-poor-2,synth01,sitting,synth-poor-contact,7786.0,564.0,0.148,99.7,,,7.243770870793733,155.98080366221103,0.17250000000000001,54.0,177,0,1
2942,pi4b-01,2026-07-27 19:38:58.405805+00:00,30.9,66.0,,,False,synth01-poor-2,synth01,sitting,synth-poor-contact,7649.0,631.0,0.219,99.9,,,8.24944437181331,149.07347181842295,0.18009999999999998,137.0,178,0,1
2943,pi4b-01,2026-07-27 19:38:59.405805+00:00,28.0,67.0,,,False,synth01-poor-2,synth01,sitting,synth-poor-contact,7541.0,432.0,0.159,99.6,,,5.728683198514785,138.2495328503194,0.1843,108.0,179,0,1
1044,pi4b-01,2026-07-26 22:35:58.610119+00:00,30.2,67.0,,,True,synth01-rest-afternoon,synth01,sitting,synth-rest,49861.0,622.0,0.485,99.7,,,1.2474679609313895,0.0,0.485,0.0,0,0,0
1045,pi4b-01,2026-07-26 22:35:59.610119+00:00,26.8,74.0,,,True,synth01-rest-afternoon,synth01,sitting,synth-rest,49564.0,619.0,0.422,99.6,,,1.2488903236219837,210.0107140124046,0.4535,297.0,1,0,0
1046,pi4b-01,2026-07-26 22:36:00.610119+00:00,28.6,63.0,105.8,93.5,True,synth01-rest-afternoon,synth01,sitting,synth-rest,50668.0,430.0,0.581,99.8,,,0.848661877319018,571.2958953117027,0.496,1104.0,2,1,0
1047,pi4b-01,2026-07-26 22:36:01.610119+00:00,28.5,63.0,106.3,98.5,True,synth01-rest-afternoon,synth01,sitting,synth-rest,51156.0,640.0,0.472,99.6,,,1.2510751427007585,730.7477334894718,0.49,488.0,3,1,0
1048,pi4b-01,2026-07-26 22:36:02.610119+00:00,28.4,65.0,110.9,91.7,True,synth01-rest-afternoon,synth01,sitting,synth-rest,52100.0,1696.0,0.489,99.6,,,3.2552783109404992,1019.6588645228358,0.48979999999999996,944.0,4,1,0
1049,pi4b-01,2026-07-26 22:36:03.610119+00:00,30.0,65.0,106.6,95.8,True,synth01-rest-afternoon,synth01,sitting,synth-rest,50510.0,1704.0,0.626,99.5,,,3.3735893882399526,914.3409466203873,0.5125000000000001,1590.0,5,1,0
1050,pi4b-01,2026-07-26 22:36:04.610119+00:00,29.7,73.0,104.4,92.8,True,synth01-rest-afternoon,synth01,sitting,synth-rest,50061.0,1264.0,0.575,99.7,,,2.52491959809033,863.1915585005839,0.5214285714285715,449.0,6,1,0
1051,pi4b-01,2026-07-26 22:36:05.610119+00:00,28.6,69.0,105.0,90.6,True,synth01-rest-afternoon,synth01,sitting,synth-rest,51894.0,1681.0,0.41,99.5,,,3.239295486954176,927.9554715302103,0.5075,1833.0,7,1,0
1052,pi4b-01,2026-07-26 22:36:06.610119+00:00,29.1,65.0,104.5,93.2,True,synth01-rest-afternoon,synth01,sitting,synth-rest,50341.0,486.0,0.548,99.8,,,0.9654158638088238,877.4949350914283,0.512,1553.0,8,1,0
1053,pi4b-01,2026-07-26 22:36:07.610119+00:00,28.1,68.0,106.9,95.3,True,synth01-rest-afternoon,synth01,sitting,synth-rest,50503.0,370.0,0.684,99.7,,,0.7326297447676375,829.2853415910455,0.5292,162.0,9,1,0
1054,pi4b-01,2026-07-26 22:36:08.610119+00:00,27.7,64.0,,97.9,True,synth01-rest-afternoon,synth01,sitting,synth-rest,51325.0,309.0,0.712,99.6,,,0.6020457866536776,800.1346831072298,0.5519,822.0,10,0,0
1055,pi4b-01,2026-07-26 22:36:09.610119+00:00,27.5,63.0,98.5,97.0,True,synth01-rest-afternoon,synth01,sitting,synth-rest,50642.0,356.0,0.715,99.8,,,0.7029738161999921,676.3214225992398,0.5811999999999999,683.0,11,1,0
1056,pi4b-01,2026-07-26 22:36:10.610119+00:00,29.9,64.0,101.9,96.9,True,synth01-rest-afternoon,synth01,sitting,synth-rest,49798.0,369.0,0.764,99.4,,,0.7409936142013736,762.7717002266551,0.5995,844.0,12,1,0
1057,pi4b-01,2026-07-26 22:36:11.610119+00:00,29.9,72.0,95.7,95.9,True,synth01-rest-afternoon,synth01,sitting,synth-rest,49526.0,403.0,0.845,99.9,,,0.8137140088034569,854.7004673503397,0.6368,272.0,13,1,0
1058,pi4b-01,2026-07-26 22:36:12.610119+00:00,29.5,70.0,99.6,97.6,True,synth01-rest-afternoon,synth01,sitting,synth-rest,51445.0,337.0,0.823,99.6,,,0.6550685197784042,751.845026880172,0.6702,1919.0,14,1,0
1059,pi4b-01,2026-07-26 22:36:13.610119+00:00,29.4,63.0,100.7,97.6,True,synth01-rest-afternoon,synth01,sitting,synth-rest,50817.0,366.0,0.835,99.5,,,0.7202314186197533,753.8228203261333,0.6910999999999999,628.0,15,1,0
1060,pi4b-01,2026-07-26 22:36:14.610119+00:00,28.2,70.0,99.1,98.0,True,synth01-rest-afternoon,synth01,sitting,synth-rest,50051.0,456.0,0.708,99.5,,,0.9110707078779645,754.6753238608281,0.7044,766.0,16,1,0
1061,pi4b-01,2026-07-26 22:36:15.610119+00:00,29.6,65.0,100.2,97.4,True,synth01-rest-afternoon,synth01,sitting,synth-rest,49744.0,359.0,0.806,99.6,,,0.7216950788034738,655.65265194309,0.744,307.0,17,1,0
1062,pi4b-01,2026-07-26 22:36:16.610119+00:00,30.6,71.0,99.0,98.3,True,synth01-rest-afternoon,synth01,sitting,synth-rest,49845.0,433.0,0.819,99.8,,,0.8686929481392316,680.5155235391666,0.7711,101.0,18,1,0
1063,pi4b-01,2026-07-26 22:36:17.610119+00:00,28.0,73.0,99.7,97.9,True,synth01-rest-afternoon,synth01,sitting,synth-rest,49913.0,380.0,0.868,99.8,,,0.7613247049866768,693.1241992280789,0.7895,68.0,19,1,0
1064,pi4b-01,2026-07-26 22:36:18.610119+00:00,29.7,62.0,97.6,99.7,True,synth01-rest-afternoon,synth01,sitting,synth-rest,50819.0,362.0,0.763,99.7,,,0.7123320018103465,626.0679764299741,0.7946,906.0,20,1,0
1065,pi4b-01,2026-07-26 22:36:19.610119+00:00,28.3,67.0,97.7,96.6,True,synth01-rest-afternoon,synth01,sitting,synth-rest,50734.0,380.0,0.687,99.5,,,0.7490046122915599,632.9433536177628,0.7918000000000001,85.0,21,1,0
1066,pi4b-01,2026-07-26 22:36:20.610119+00:00,26.4,73.0,98.2,98.8,True,synth01-rest-afternoon,synth01,sitting,synth-rest,49927.0,392.0,0.776,99.6,,,0.7851463136178821,623.5171654057061,0.7929999999999999,807.0,22,1,0
1067,pi4b-01,2026-07-26 22:36:21.610119+00:00,28.5,73.0,98.9,100.0,True,synth01-rest-afternoon,synth01,sitting,synth-rest,49653.0,357.0,0.795,99.9,,,0.718989789136608,607.4929903573735,0.788,274.0,23,1,0
1068,pi4b-01,2026-07-26 22:36:22.610119+00:00,27.6,73.0,99.1,100.0,True,synth01-rest-afternoon,synth01,sitting,synth-rest,50316.0,489.0,0.814,99.7,,,0.9718578583353208,456.0037646043579,0.7871,663.0,24,1,0
1069,pi4b-01,2026-07-26 22:36:23.610119+00:00,28.7,74.0,94.9,96.7,True,synth01-rest-afternoon,synth01,sitting,synth-rest,51454.0,668.0,0.66,99.8,,,1.2982469778831578,581.7372832015137,0.7696,1138.0,25,1,0
1070,pi4b-01,2026-07-26 22:36:24.610119+00:00,28.4,74.0,89.9,100.0,True,synth01-rest-afternoon,synth01,sitting,synth-rest,51294.0,682.0,0.825,99.6,,,1.3295902054821227,662.6992698217126,0.7813,160.0,26,1,0
1071,pi4b-01,2026-07-26 22:36:25.610119+00:00,26.0,69.0,96.6,96.0,True,synth01-rest-afternoon,synth01,sitting,synth-rest,48916.0,605.0,0.777,99.5,,,1.236814130345899,789.2365438968421,0.7784,2378.0,27,1,0
1072,pi4b-01,2026-07-26 22:36:26.610119+00:00,27.4,70.0,93.9,99.0,True,synth01-rest-afternoon,synth01,sitting,synth-rest,51974.0,588.0,0.697,99.5,,,1.13133489821834,931.1261998247115,0.7662,3058.0,28,1,0
1073,pi4b-01,2026-07-26 22:36:27.610119+00:00,27.9,72.0,94.4,96.8,True,synth01-rest-afternoon,synth01,sitting,synth-rest,49057.0,502.0,0.781,99.7,,,1.0232994271969342,1025.636409476795,0.7575000000000001,2917.0,29,1,0
1074,pi4b-01,2026-07-26 22:36:28.610119+00:00,30.2,63.0,94.0,97.1,True,synth01-rest-afternoon,synth01,sitting,synth-rest,51561.0,435.0,0.698,99.6,,,0.8436609064990981,1083.3745838300333,0.751,2504.0,30,1,0
1075,pi4b-01,2026-07-26 22:36:29.610119+00:00,28.5,62.0,94.0,98.2,True,synth01-rest-afternoon,synth01,sitting,synth-rest,49039.0,492.0,0.705,99.6,,,1.0032831012051633,1169.8585337077702,0.7528,2522.0,31,1,0
1076,pi4b-01,2026-07-26 22:36:30.610119+00:00,28.6,64.0,92.7,95.9,True,synth01-rest-afternoon,synth01,sitting,synth-rest,49337.0,432.0,0.647,99.8,,,0.8756105965097188,1206.145785365749,0.7399,298.0,32,1,0
1077,pi4b-01,2026-07-26 22:36:31.610119+00:00,27.2,67.0,,96.2,True,synth01-rest-afternoon,synth01,sitting,synth-rest,51851.0,494.0,0.737,99.5,,,0.9527299377061195,1281.1609708905983,0.7341,2514.0,33,0,0
1078,pi4b-01,2026-07-26 22:36:32.610119+00:00,29.8,68.0,89.5,96.9,True,synth01-rest-afternoon,synth01,sitting,synth-rest,51527.0,543.0,0.748,99.7,,,1.0538164457468902,1320.5749589562236,0.7274999999999999,324.0,34,1,0
1079,pi4b-01,2026-07-26 22:36:33.610119+00:00,29.1,69.0,89.9,99.2,True,synth01-rest-afternoon,synth01,sitting,synth-rest,50397.0,460.0,0.7,99.4,,,0.9127527432188424,1286.5779805359668,0.7315,1130.0,35,1,0
1080,pi4b-01,2026-07-26 22:36:34.610119+00:00,29.6,66.0,92.0,95.7,True,synth01-rest-afternoon,synth01,sitting,synth-rest,51638.0,454.0,0.78,99.5,,,0.8791974902203804,1314.5998165897433,0.727,1241.0,36,1,0
1081,pi4b-01,2026-07-26 22:36:35.610119+00:00,27.3,63.0,87.8,98.2,True,synth01-rest-afternoon,synth01,sitting,synth-rest,50128.0,576.0,0.757,99.5,,,1.149058410469199,1200.1849348237095,0.725,1510.0,37,1,0
1082,pi4b-01,2026-07-26 22:36:36.610119+00:00,29.0,70.0,88.8,99.7,True,synth01-rest-afternoon,synth01,sitting,synth-rest,50238.0,469.0,0.812,99.8,,,0.9335562721445917,1109.6805396148957,0.7365,110.0,38,1,0
1083,pi4b-01,2026-07-26 22:36:37.610119+00:00,26.0,69.0,88.5,97.0,True,synth01-rest-afternoon,synth01,sitting,synth-rest,50384.0,710.0,0.7,99.8,,,1.4091775166719593,994.310369608566,0.7283999999999999,146.0,39,1,0
1084,pi4b-01,2026-07-26 22:36:38.610119+00:00,26.6,63.0,87.9,99.8,True,synth01-rest-afternoon,synth01,sitting,synth-rest,48973.0,675.0,0.862,99.5,,,1.3783104976211382,1054.2755068977192,0.7447999999999999,1411.0,40,1,0
1085,pi4b-01,2026-07-26 22:36:39.610119+00:00,28.0,65.0,,77.6,True,synth01-rest-afternoon,synth01,sitting,synth-rest,51669.0,3774.0,0.188,99.4,,,7.304186262555884,1017.9778211947732,0.6931,2696.0,41,0,0
1086,pi4b-01,2026-07-26 22:36:40.610119+00:00,29.1,67.0,,76.3,True,synth01-rest-afternoon,synth01,sitting,synth-rest,50659.0,6551.0,0.227,99.6,,,12.93156201267297,914.2397205693305,0.6511,1010.0,42,0,0
1087,pi4b-01,2026-07-26 22:36:41.610119+00:00,29.5,63.0,,75.6,True,synth01-rest-afternoon,synth01,sitting,synth-rest,51272.0,6545.0,0.262,99.7,,,12.76525198938992,852.779670645756,0.6036,613.0,43,0,0
1088,pi4b-01,2026-07-26 22:36:42.610119+00:00,30.0,74.0,,77.9,True,synth01-rest-afternoon,synth01,sitting,synth-rest,51693.0,5064.0,0.331,99.5,,,9.796297371017353,872.3073426264499,0.5619,421.0,44,0,0
1089,pi4b-01,2026-07-26 22:36:43.610119+00:00,30.5,70.0,,79.6,True,synth01-rest-afternoon,synth01,sitting,synth-rest,51387.0,4649.0,0.171,99.7,,,9.047035242376475,889.4650639569974,0.509,306.0,45,0,0
1090,pi4b-01,2026-07-26 22:36:44.610119+00:00,26.3,64.0,,88.6,True,synth01-rest-afternoon,synth01,sitting,synth-rest,51357.0,2303.0,0.309,99.7,,,4.484296201102089,864.275290505173,0.4619000000000001,30.0,46,0,0
1091,pi4b-01,2026-07-26 22:36:45.610119+00:00,29.9,69.0,,71.7,True,synth01-rest-afternoon,synth01,sitting,synth-rest,50181.0,2909.0,0.218,99.9,,,5.797014806400829,860.0120218798116,0.40800000000000003,1176.0,47,0,0
1092,pi4b-01,2026-07-26 22:36:46.610119+00:00,28.2,73.0,,73.7,True,synth01-rest-afternoon,synth01,sitting,synth-rest,48930.0,2807.0,0.326,99.8,,,5.736766809728183,1033.7438163190109,0.35940000000000005,1251.0,48,0,0
1093,pi4b-01,2026-07-26 22:36:47.610119+00:00,30.9,69.0,,74.2,True,synth01-rest-afternoon,synth01,sitting,synth-rest,49452.0,2892.0,0.191,99.4,,,5.8480951225430715,1100.3107692324468,0.3085,522.0,49,0,0
1094,pi4b-01,2026-07-26 22:36:48.610119+00:00,30.3,70.0,,71.1,True,synth01-rest-afternoon,synth01,sitting,synth-rest,48624.0,2715.0,0.347,99.5,,,5.583662388943732,1160.0582552421945,0.257,828.0,50,0,0
1095,pi4b-01,2026-07-26 22:36:49.610119+00:00,30.2,72.0,,92.7,True,synth01-rest-afternoon,synth01,sitting,synth-rest,45279.0,809.0,0.313,99.5,,,1.7867002363126394,1949.5571690913648,0.2695,3345.0,51,0,0
1096,pi4b-01,2026-07-26 22:36:50.610119+00:00,30.2,63.0,87.6,96.2,True,synth01-rest-afternoon,synth01,sitting,synth-rest,48051.0,826.0,0.392,99.6,,,1.7190068885142868,2007.8436858148682,0.28600000000000003,2772.0,52,1,0
1097,pi4b-01,2026-07-26 22:36:51.610119+00:00,26.2,71.0,93.5,93.8,True,synth01-rest-afternoon,synth01,sitting,synth-rest,47362.0,877.0,0.396,99.7,,,1.8516954520501667,2031.5267493521421,0.2994,689.0,53,1,0
1098,pi4b-01,2026-07-26 22:36:52.610119+00:00,27.6,70.0,,89.1,True,synth01-rest-afternoon,synth01,sitting,synth-rest,47827.0,826.0,0.325,99.9,,,1.7270579379848203,1872.7200656917128,0.2988,465.0,54,0,0
1099,pi4b-01,2026-07-26 22:36:53.610119+00:00,30.5,67.0,,94.3,True,synth01-rest-afternoon,synth01,sitting,synth-rest,46908.0,815.0,0.183,99.4,,,1.7374435064381342,1727.1616053835317,0.3,919.0,55,0,0
1100,pi4b-01,2026-07-26 22:36:54.610119+00:00,29.7,64.0,90.5,96.4,True,synth01-rest-afternoon,synth01,sitting,synth-rest,46620.0,384.0,0.517,99.4,,,0.8236808236808236,1453.0024241013255,0.32080000000000003,288.0,56,1,0
1101,pi4b-01,2026-07-26 22:36:55.610119+00:00,26.9,70.0,,75.8,True,synth01-rest-afternoon,synth01,sitting,synth-rest,47860.0,7644.0,0.052,99.5,,,15.971583786042624,1218.8109916361957,0.30419999999999997,1240.0,57,0,0
1102,pi4b-01,2026-07-26 22:36:56.610119+00:00,29.6,67.0,,79.8,True,synth01-rest-afternoon,synth01,sitting,synth-rest,49405.0,8438.0,0.03,99.4,,,17.07924299160004,1280.1618647654973,0.2746,1545.0,58,0,0
1103,pi4b-01,2026-07-26 22:36:57.610119+00:00,28.9,62.0,,76.8,True,synth01-rest-afternoon,synth01,sitting,synth-rest,49695.0,6314.0,0.046,99.8,,,12.705503571787908,1318.0410084666848,0.2601,290.0,59,0,0
1104,pi4b-01,2026-07-26 22:36:58.610119+00:00,26.8,70.0,,75.3,True,synth01-rest-afternoon,synth01,sitting,synth-rest,50501.0,7187.0,0.036,99.5,,,14.231401358388943,1564.811795570138,0.229,806.0,60,0,0
1105,pi4b-01,2026-07-26 22:36:59.610119+00:00,30.7,65.0,,94.1,True,synth01-rest-afternoon,synth01,sitting,synth-rest,49426.0,950.0,0.28,99.5,,,1.9220653097559988,1306.2100605270675,0.2257,1075.0,61,0,0
1106,pi4b-01,2026-07-26 22:37:00.610119+00:00,28.6,67.0,,80.4,True,synth01-rest-afternoon,synth01,sitting,synth-rest,50021.0,5309.0,0.025,99.8,,,10.613542312228864,1398.7829034954007,0.189,595.0,62,0,0
1107,pi4b-01,2026-07-26 22:37:01.610119+00:00,26.2,72.0,,79.8,True,synth01-rest-afternoon,synth01,sitting,synth-rest,50340.0,7901.0,0.09,99.5,,,15.695272149384188,1431.4250902121346,0.1584,319.0,63,0,0
1108,pi4b-01,2026-07-26 22:37:02.610119+00:00,26.7,74.0,,82.3,True,synth01-rest-afternoon,synth01,sitting,synth-rest,49825.0,7808.0,0.086,99.5,,,15.670847967887608,1410.4584321733234,0.1345,515.0,64,0,0
1109,pi4b-01,2026-07-26 22:37:03.610119+00:00,30.2,67.0,,80.1,True,synth01-rest-afternoon,synth01,sitting,synth-rest,48680.0,9535.0,0.07,99.5,,,19.58709942481512,1206.624313253005,0.1232,1145.0,65,0,0
1110,pi4b-01,2026-07-26 22:37:04.610119+00:00,30.8,71.0,,80.5,True,synth01-rest-afternoon,synth01,sitting,synth-rest,50005.0,6179.0,0.097,99.5,,,12.356764323567642,795.5963242191885,0.08120000000000001,1325.0,66,0,0
1111,pi4b-01,2026-07-26 22:37:05.610119+00:00,29.0,65.0,91.4,92.0,True,synth01-rest-afternoon,synth01,sitting,synth-rest,47181.0,681.0,0.73,99.9,,,1.443377630825968,968.4899414380283,0.149,2824.0,67,1,0
1112,pi4b-01,2026-07-26 22:37:06.610119+00:00,29.1,63.0,93.2,91.0,True,synth01-rest-afternoon,synth01,sitting,synth-rest,48506.0,512.0,0.674,99.5,,,1.0555395208840144,1019.4851641882598,0.21339999999999998,1325.0,68,1,0
1113,pi4b-01,2026-07-26 22:37:07.610119+00:00,27.2,67.0,91.3,96.0,True,synth01-rest-afternoon,synth01,sitting,synth-rest,46825.0,363.0,0.782,99.9,,,0.7752269087026161,1298.6052346866234,0.28700000000000003,1681.0,69,1,0
1114,pi4b-01,2026-07-26 22:37:08.610119+00:00,29.8,70.0,92.1,95.9,True,synth01-rest-afternoon,synth01,sitting,synth-rest,47861.0,283.0,0.733,99.5,,,0.5912956269196215,1256.82227153331,0.3567,1036.0,70,1,0
1115,pi4b-01,2026-07-26 22:37:09.610119+00:00,26.5,73.0,92.3,96.4,True,synth01-rest-afternoon,synth01,sitting,synth-rest,47061.0,373.0,0.778,99.5,,,0.792588342789146,1358.358997712526,0.4065,800.0,71,1,0
1116,pi4b-01,2026-07-26 22:37:10.610119+00:00,29.2,74.0,91.4,98.2,True,synth01-rest-afternoon,synth01,sitting,synth-rest,48471.0,328.0,0.829,99.5,,,0.6766932805182481,1267.4538124391627,0.48690000000000005,1410.0,72,1,0
1117,pi4b-01,2026-07-26 22:37:11.610119+00:00,28.2,62.0,91.2,96.2,True,synth01-rest-afternoon,synth01,sitting,synth-rest,48006.0,356.0,0.67,99.8,,,0.7415739699204266,1088.1823223461006,0.5448999999999999,465.0,73,1,0
1118,pi4b-01,2026-07-26 22:37:12.610119+00:00,30.3,65.0,93.8,99.3,True,synth01-rest-afternoon,synth01,sitting,synth-rest,48372.0,360.0,0.769,99.7,,,0.7442322004465393,940.2982741898024,0.6132000000000001,366.0,74,1,0
1119,pi4b-01,2026-07-26 22:37:13.610119+00:00,28.1,66.0,90.3,97.6,True,synth01-rest-afternoon,synth01,sitting,synth-rest,49598.0,387.0,0.772,99.8,,,0.780273398120892,1042.787631516756,0.6834,1226.0,75,1,0
1120,pi4b-01,2026-07-26 22:37:14.610119+00:00,29.1,67.0,90.4,96.6,True,synth01-rest-afternoon,synth01,sitting,synth-rest,48167.0,340.0,0.678,99.5,,,0.7058774679760003,826.6389511482189,0.7415,1431.0,76,1,0
1121,pi4b-01,2026-07-26 22:37:15.610119+00:00,28.2,72.0,90.9,98.1,True,synth01-rest-afternoon,synth01,sitting,synth-rest,49684.0,282.0,0.707,99.7,,,0.5675871507930118,922.830964418064,0.7392000000000001,1517.0,77,1,0
1122,pi4b-01,2026-07-26 22:37:16.610119+00:00,30.1,66.0,91.7,99.6,True,synth01-rest-afternoon,synth01,sitting,synth-rest,50102.0,286.0,0.723,99.8,,,0.5708354955889984,1093.3089478987397,0.7441,418.0,78,1,0
1123,pi4b-01,2026-07-26 22:37:17.610119+00:00,29.1,63.0,,97.3,True,synth01-rest-afternoon,synth01,sitting,synth-rest,50113.0,345.0,0.65,99.5,,,0.6884441162971684,1055.877860150248,0.7308999999999999,11.0,79,0,0
1124,pi4b-01,2026-07-26 22:37:18.610119+00:00,28.2,67.0,94.2,97.0,True,synth01-rest-afternoon,synth01,sitting,synth-rest,47890.0,435.0,0.728,99.6,,,0.9083315932344957,1053.221217661914,0.7304,2223.0,80,1,0
1125,pi4b-01,2026-07-26 22:37:19.610119+00:00,27.0,68.0,96.7,96.8,True,synth01-rest-afternoon,synth01,sitting,synth-rest,47760.0,335.0,0.836,99.6,,,0.7014237855946398,946.7503542820821,0.7362,130.0,81,1,0
1126,pi4b-01,2026-07-26 22:37:20.610119+00:00,27.6,67.0,95.1,93.6,True,synth01-rest-afternoon,synth01,sitting,synth-rest,48842.0,314.0,0.684,99.6,,,0.6428893165718029,938.9527499648652,0.7217,1082.0,82,1,0
1127,pi4b-01,2026-07-26 22:37:21.610119+00:00,29.5,72.0,98.1,97.6,True,synth01-rest-afternoon,synth01,sitting,synth-rest,48268.0,371.0,0.696,99.4,,,0.7686251761001077,916.0563058870741,0.7243,574.0,83,1,0
1128,pi4b-01,2026-07-26 22:37:22.610119+00:00,30.1,68.0,96.6,97.4,True,synth01-rest-afternoon,synth01,sitting,synth-rest,47678.0,361.0,0.733,99.7,,,0.757162632660766,982.6525100743744,0.7207,590.0,84,1,0
1129,pi4b-01,2026-07-26 22:37:23.610119+00:00,28.9,68.0,94.3,98.3,True,synth01-rest-afternoon,synth01,sitting,synth-rest,49160.0,278.0,0.728,99.5,,,0.565500406834825,952.9486636516502,0.7163,1482.0,85,1,0
1130,pi4b-01,2026-07-26 22:37:24.610119+00:00,30.6,72.0,93.9,98.7,True,synth01-rest-afternoon,synth01,sitting,synth-rest,48418.0,363.0,0.794,99.7,,,0.7497211780742699,938.6043125595935,0.7279,742.0,86,1,0
1131,pi4b-01,2026-07-26 22:37:25.610119+00:00,29.5,71.0,93.7,95.6,True,synth01-rest-afternoon,synth01,sitting,synth-rest,48581.0,371.0,0.793,99.5,,,0.7636730409007636,885.3684480987533,0.7365,163.0,87,1,0
1132,pi4b-01,2026-07-26 22:37:26.610119+00:00,26.9,64.0,90.3,96.9,True,synth01-rest-afternoon,synth01,sitting,synth-rest,47817.0,361.0,0.832,99.9,,,0.754961624526842,764.5581222000822,0.7474000000000001,764.0,88,1,0
1133,pi4b-01,2026-07-26 22:37:27.610119+00:00,27.8,66.0,91.1,100.0,True,synth01-rest-afternoon,synth01,sitting,synth-rest,49129.0,303.0,0.782,99.7,,,0.6167436748152821,564.2007227533869,0.7605999999999999,1312.0,89,1,0
1134,pi4b-01,2026-07-26 22:37:28.610119+00:00,29.6,72.0,,98.7,True,synth01-rest-afternoon,synth01,sitting,synth-rest,50048.0,365.0,0.785,99.5,,,0.7292998721227621,749.2404227689609,0.7663,919.0,90,0,0
1135,pi4b-01,2026-07-26 22:37:29.610119+00:00,29.0,69.0,90.7,99.6,True,synth01-rest-afternoon,synth01,sitting,synth-rest,48750.0,342.0,0.743,99.8,,,0.7015384615384616,693.6491988829916,0.757,1298.0,91,1,0
1136,pi4b-01,2026-07-26 22:37:30.610119+00:00,26.8,72.0,90.4,99.6,True,synth01-rest-afternoon,synth01,sitting,synth-rest,49535.0,363.0,0.829,99.8,,,0.7328151811850206,745.5204297073423,0.7715,785.0,92,1,0
1137,pi4b-01,2026-07-26 22:37:31.610119+00:00,26.3,66.0,,100.0,True,synth01-rest-afternoon,synth01,sitting,synth-rest,49745.0,320.0,0.81,99.6,,,0.6432807317318323,787.1199894410612,0.7829,210.0,93,0,0
1138,pi4b-01,2026-07-26 22:37:32.610119+00:00,27.2,64.0,93.8,98.7,True,synth01-rest-afternoon,synth01,sitting,synth-rest,49073.0,355.0,0.783,99.7,,,0.7234120595847003,663.0606139544905,0.7878999999999999,672.0,94,1,0
1139,pi4b-01,2026-07-26 22:37:33.610119+00:00,31.0,70.0,95.0,98.0,True,synth01-rest-afternoon,synth01,sitting,synth-rest,47266.0,265.0,0.814,99.8,,,0.5606567088393348,861.2813193788813,0.7965,1807.0,95,1,0
1140,pi4b-01,2026-07-26 22:37:34.610119+00:00,28.1,65.0,94.6,96.9,True,synth01-rest-afternoon,synth01,sitting,synth-rest,47567.0,262.0,0.812,99.9,,,0.5508020266150904,945.1517749957866,0.7983,301.0,96,1,0
1141,pi4b-01,2026-07-26 22:37:35.610119+00:00,26.7,64.0,93.0,96.4,True,synth01-rest-afternoon,synth01,sitting,synth-rest,48751.0,381.0,0.604,99.8,,,0.7815224303091218,943.2793211863003,0.7794,1184.0,97,1,0
1142,pi4b-01,2026-07-26 22:37:36.610119+00:00,29.0,72.0,93.1,98.1,True,synth01-rest-afternoon,synth01,sitting,synth-rest,48251.0,294.0,0.703,99.9,,,0.6093137966052516,903.8158920192652,0.7665,500.0,98,1,0
1143,pi4b-01,2026-07-26 22:37:37.610119+00:00,29.8,67.0,92.7,98.3,True,synth01-rest-afternoon,synth01,sitting,synth-rest,47616.0,399.0,0.835,99.4,,,0.837953629032258,969.0456702916601,0.7718,635.0,99,1,0
1144,pi4b-01,2026-07-26 22:37:38.610119+00:00,27.8,73.0,95.4,98.3,True,synth01-rest-afternoon,synth01,sitting,synth-rest,47592.0,392.0,0.846,99.4,,,0.8236678433350143,885.8965577938518,0.7779,24.0,100,1,0
1145,pi4b-01,2026-07-26 22:37:39.610119+00:00,29.7,70.0,89.9,96.9,True,synth01-rest-afternoon,synth01,sitting,synth-rest,48695.0,382.0,0.76,99.6,,,0.7844747920731081,883.7510270306121,0.7796000000000001,1103.0,101,1,0
1146,pi4b-01,2026-07-26 22:37:40.610119+00:00,26.9,65.0,,99.7,True,synth01-rest-afternoon,synth01,sitting,synth-rest,47604.0,454.0,0.672,99.8,,,0.9537013696328039,818.9968118238605,0.7639,1091.0,102,0,0
1147,pi4b-01,2026-07-26 22:37:41.610119+00:00,27.4,65.0,,100.0,True,synth01-rest-afternoon,synth01,sitting,synth-rest,49176.0,378.0,0.675,99.5,,,0.7686676427525623,714.0016262040929,0.7504,1572.0,103,0,0
1148,pi4b-01,2026-07-26 22:37:42.610119+00:00,26.8,63.0,90.4,98.9,True,synth01-rest-afternoon,synth01,sitting,synth-rest,47987.0,311.0,0.771,99.6,,,0.6480921916352346,638.1092295906307,0.7492000000000001,1189.0,104,1,0
1149,pi4b-01,2026-07-26 22:37:43.610119+00:00,27.7,68.0,90.8,100.0,True,synth01-rest-afternoon,synth01,sitting,synth-rest,48281.0,377.0,0.681,99.7,,,0.780845467160995,577.2846399787741,0.7359,294.0,105,1,0
1150,pi4b-01,2026-07-26 22:37:44.610119+00:00,28.6,71.0,90.3,97.3,True,synth01-rest-afternoon,synth01,sitting,synth-rest,49080.0,441.0,0.692,99.5,,,0.8985330073349633,604.5531039995047,0.7239,799.0,106,1,0
1151,pi4b-01,2026-07-26 22:37:45.610119+00:00,26.9,70.0,94.1,98.5,True,synth01-rest-afternoon,synth01,sitting,synth-rest,47051.0,456.0,0.79,99.7,,,0.969161123036705,696.6730541970958,0.7424999999999999,2029.0,107,1,0
1152,pi4b-01,2026-07-26 22:37:46.610119+00:00,29.1,70.0,90.4,100.0,True,synth01-rest-afternoon,synth01,sitting,synth-rest,48077.0,418.0,0.681,99.5,,,0.8694386088982258,695.5788077404611,0.7403,1026.0,108,1,0
1153,pi4b-01,2026-07-26 22:37:47.610119+00:00,29.1,65.0,98.5,97.1,True,synth01-rest-afternoon,synth01,sitting,synth-rest,47561.0,313.0,0.567,99.6,,,0.6581022266142428,700.1730262346084,0.7135,516.0,109,1,0
1154,pi4b-01,2026-07-26 22:37:48.610119+00:00,27.5,66.0,95.8,96.3,True,synth01-rest-afternoon,synth01,sitting,synth-rest,47741.0,277.0,0.665,99.9,,,0.580214071762217,689.4182813550357,0.6954,180.0,110,1,0
1155,pi4b-01,2026-07-26 22:37:49.610119+00:00,27.4,67.0,95.2,97.5,True,synth01-rest-afternoon,synth01,sitting,synth-rest,48698.0,315.0,0.746,99.7,,,0.6468438128875929,689.6943284285662,0.694,957.0,111,1,0
1156,pi4b-01,2026-07-26 22:37:50.610119+00:00,29.3,63.0,96.8,95.8,True,synth01-rest-afternoon,synth01,sitting,synth-rest,48256.0,246.0,0.701,99.5,,,0.5097811671087533,665.2928845419077,0.6969000000000001,442.0,112,1,0
1157,pi4b-01,2026-07-26 22:37:51.610119+00:00,28.2,68.0,85.4,98.6,True,synth01-rest-afternoon,synth01,sitting,synth-rest,48573.0,306.0,0.749,99.8,,,0.6299796183064665,589.0320213894034,0.7043,317.0,113,1,0
1158,pi4b-01,2026-07-26 22:37:52.610119+00:00,28.1,66.0,87.1,95.7,True,synth01-rest-afternoon,synth01,sitting,synth-rest,49553.0,320.0,0.614,99.8,,,0.6457732125199281,736.3805552987546,0.6886,980.0,114,1,0
1159,pi4b-01,2026-07-26 22:37:53.610119+00:00,27.8,68.0,87.4,96.3,True,synth01-rest-afternoon,synth01,sitting,synth-rest,49710.0,281.0,0.66,99.7,,,0.5652786159726414,862.8576553135675,0.6865,157.0,115,1,0
1160,pi4b-01,2026-07-26 22:37:54.610119+00:00,29.2,67.0,89.6,97.2,True,synth01-rest-afternoon,synth01,sitting,synth-rest,49027.0,413.0,0.698,99.8,,,0.8423929671405552,858.5736297940156,0.6871,683.0,116,1,0
1161,pi4b-01,2026-07-26 22:37:55.610119+00:00,27.1,70.0,,99.6,True,synth01-rest-afternoon,synth01,sitting,synth-rest,48827.0,311.0,0.726,99.6,,,0.6369426751592357,714.4317166655529,0.6807000000000001,200.0,117,0,0
1162,pi4b-01,2026-07-26 22:37:56.610119+00:00,30.2,65.0,90.9,97.6,True,synth01-rest-afternoon,synth01,sitting,synth-rest,48931.0,345.0,0.729,99.6,,,0.7050744926529194,695.4523787514355,0.6855,104.0,118,1,0
1163,pi4b-01,2026-07-26 22:37:57.610119+00:00,28.4,65.0,84.1,97.5,True,synth01-rest-afternoon,synth01,sitting,synth-rest,49722.0,426.0,0.656,99.5,,,0.8567636056473995,639.9841664707579,0.6944,791.0,119,1,0
1164,pi4b-01,2026-07-26 22:37:58.610119+00:00,26.3,68.0,83.3,96.6,True,synth01-rest-afternoon,synth01,sitting,synth-rest,48552.0,369.0,0.733,99.5,,,0.7600098863074641,515.5477022868766,0.7011999999999999,1170.0,120,1,0
1165,pi4b-01,2026-07-26 22:37:59.610119+00:00,26.8,71.0,88.1,96.6,True,synth01-rest-afternoon,synth01,sitting,synth-rest,49271.0,412.0,0.684,99.4,,,0.8361916746158998,511.9476535740253,0.6950000000000001,719.0,121,1,0
1166,pi4b-01,2026-07-26 22:38:00.610119+00:00,26.3,70.0,86.4,98.6,True,synth01-rest-afternoon,synth01,sitting,synth-rest,48493.0,350.0,0.638,99.5,,,0.7217536551667251,475.7108015029921,0.6887,778.0,122,1,0
1167,pi4b-01,2026-07-26 22:38:01.610119+00:00,28.4,62.0,84.8,98.9,True,synth01-rest-afternoon,synth01,sitting,synth-rest,47885.0,369.0,0.619,99.7,,,0.7705962201106819,590.7572259396796,0.6757000000000001,608.0,123,1,0
1168,pi4b-01,2026-07-26 22:38:02.610119+00:00,28.2,68.0,81.3,97.4,True,synth01-rest-afternoon,synth01,sitting,synth-rest,47972.0,403.0,0.772,99.6,,,0.8400733761360795,635.3298355971725,0.6915,87.0,124,1,0
1169,pi4b-01,2026-07-26 22:38:03.610119+00:00,26.6,69.0,83.7,96.3,True,synth01-rest-afternoon,synth01,sitting,synth-rest,48558.0,363.0,0.722,99.5,,,0.7475596194241938,559.8021078916364,0.6977,586.0,125,1,0
1170,pi4b-01,2026-07-26 22:38:04.610119+00:00,29.2,69.0,82.2,98.7,True,synth01-rest-afternoon,synth01,sitting,synth-rest,50342.0,320.0,0.793,99.4,,,0.6356521393667315,758.2233693165286,0.7072,1784.0,126,1,0
1171,pi4b-01,2026-07-26 22:38:05.610119+00:00,30.6,67.0,84.7,95.1,True,synth01-rest-afternoon,synth01,sitting,synth-rest,48210.0,422.0,0.764,99.7,,,0.8753370669985481,785.3991483456983,0.711,2132.0,127,1,0
1172,pi4b-01,2026-07-26 22:38:06.610119+00:00,28.1,72.0,85.6,95.9,True,synth01-rest-afternoon,synth01,sitting,synth-rest,48388.0,450.0,0.609,99.4,,,0.9299826403240473,793.5723799516611,0.6990000000000001,178.0,128,1,0
1173,pi4b-01,2026-07-26 22:38:07.610119+00:00,26.3,65.0,87.4,99.1,True,synth01-rest-afternoon,synth01,sitting,synth-rest,48150.0,421.0,0.696,99.6,,,0.8743509865005192,730.469476128512,0.7030000000000001,238.0,129,1,0
1174,pi4b-01,2026-07-26 22:38:08.610119+00:00,26.1,74.0,89.7,97.4,True,synth01-rest-afternoon,synth01,sitting,synth-rest,48383.0,347.0,0.62,99.6,,,0.717194055763388,733.1931381141558,0.6917000000000001,233.0,130,1,0
1175,pi4b-01,2026-07-26 22:38:09.610119+00:00,29.4,68.0,88.7,99.9,True,synth01-rest-afternoon,synth01,sitting,synth-rest,49228.0,312.0,0.702,99.6,,,0.6337856504428374,728.7062279592316,0.6935,845.0,131,1,0
1176,pi4b-01,2026-07-26 22:38:10.610119+00:00,28.7,63.0,83.8,96.3,True,synth01-rest-afternoon,synth01,sitting,synth-rest,48121.0,307.0,0.568,99.9,,,0.6379751044242639,741.9327687420442,0.6865,1107.0,132,1,0
1177,pi4b-01,2026-07-26 22:38:11.610119+00:00,30.7,70.0,86.8,98.3,True,synth01-rest-afternoon,synth01,sitting,synth-rest,49229.0,383.0,0.683,99.8,,,0.7779967092567389,735.0778416829377,0.6929,1108.0,133,1,0
1178,pi4b-01,2026-07-26 22:38:12.610119+00:00,27.7,62.0,89.4,95.9,True,synth01-rest-afternoon,synth01,sitting,synth-rest,48178.0,344.0,0.683,99.9,,,0.714018846776537,716.362268688067,0.6839999999999999,1051.0,134,1,0
1179,pi4b-01,2026-07-26 22:38:13.610119+00:00,29.4,64.0,91.9,95.2,True,synth01-rest-afternoon,synth01,sitting,synth-rest,50541.0,379.0,0.761,99.4,,,0.7498862309807879,923.696559121699,0.6879,2363.0,135,1,0
1180,pi4b-01,2026-07-26 22:38:14.610119+00:00,30.6,65.0,96.2,96.4,True,synth01-rest-afternoon,synth01,sitting,synth-rest,48650.0,406.0,0.746,99.6,,,0.8345323741007195,767.2429428370456,0.6832,1891.0,136,1,0
1181,pi4b-01,2026-07-26 22:38:15.610119+00:00,27.4,73.0,,97.0,True,synth01-rest-afternoon,synth01,sitting,synth-rest,50514.0,361.0,0.727,99.8,,,0.7146533634240013,929.8546839873802,0.6795,1864.0,137,0,0
1182,pi4b-01,2026-07-26 22:38:16.610119+00:00,26.7,64.0,95.2,96.4,True,synth01-rest-afternoon,synth01,sitting,synth-rest,48693.0,373.0,0.677,99.7,,,0.7660238637997248,914.6807639826804,0.6862999999999999,1821.0,138,1,0
1183,pi4b-01,2026-07-26 22:38:17.610119+00:00,31.0,66.0,96.9,96.8,True,synth01-rest-afternoon,synth01,sitting,synth-rest,48992.0,349.0,0.752,99.6,,,0.71236120182887,868.5329201206371,0.6919,299.0,139,1,0
1184,pi4b-01,2026-07-26 22:38:18.610119+00:00,29.5,70.0,95.2,94.2,True,synth01-rest-afternoon,synth01,sitting,synth-rest,50714.0,432.0,0.815,99.4,,,0.851835784990338,975.0370933114818,0.7114,1722.0,140,1,0
1185,pi4b-01,2026-07-26 22:38:19.610119+00:00,30.0,65.0,96.0,97.5,True,synth01-rest-afternoon,synth01,sitting,synth-rest,50934.0,317.0,0.752,99.6,,,0.6223740526956454,1104.4240530198877,0.7163999999999999,220.0,141,1,0
1186,pi4b-01,2026-07-26 22:38:20.610119+00:00,27.1,68.0,93.5,97.7,True,synth01-rest-afternoon,synth01,sitting,synth-rest,50650.0,315.0,0.7,99.8,,,0.6219151036525172,1052.9621972743853,0.7296,284.0,142,1,0
1187,pi4b-01,2026-07-26 22:38:21.610119+00:00,26.8,67.0,95.9,99.0,True,synth01-rest-afternoon,synth01,sitting,synth-rest,49912.0,347.0,0.778,99.6,,,0.6952235935246033,1040.4081250483803,0.7391,738.0,143,1,0
1188,pi4b-01,2026-07-26 22:38:22.610119+00:00,28.6,66.0,98.8,96.6,True,synth01-rest-afternoon,synth01,sitting,synth-rest,49366.0,341.0,0.828,99.6,,,0.6907588218612,895.1180182895978,0.7536,546.0,144,1,0
1189,pi4b-01,2026-07-26 22:38:23.610119+00:00,29.0,64.0,96.6,99.1,True,synth01-rest-afternoon,synth01,sitting,synth-rest,47926.0,350.0,0.695,99.6,,,0.7302925343237492,1053.8457034436656,0.7470000000000001,1440.0,145,1,0
1190,pi4b-01,2026-07-26 22:38:24.610119+00:00,27.6,64.0,95.2,99.0,True,synth01-rest-afternoon,synth01,sitting,synth-rest,47598.0,451.0,0.635,99.8,,,0.9475188033110635,1204.8052355279474,0.7359,328.0,146,1,0
1191,pi4b-01,2026-07-26 22:38:25.610119+00:00,26.2,71.0,97.7,96.9,True,synth01-rest-afternoon,synth01,sitting,synth-rest,50343.0,404.0,0.744,99.7,,,0.8024948850882943,1190.4133549131375,0.7375999999999999,2745.0,147,1,0
1192,pi4b-01,2026-07-26 22:38:26.610119+00:00,28.6,63.0,94.3,98.3,True,synth01-rest-afternoon,synth01,sitting,synth-rest,49201.0,408.0,0.774,99.7,,,0.8292514379789029,1162.0430475866394,0.7473,1142.0,148,1,0
1193,pi4b-01,2026-07-26 22:38:27.610119+00:00,30.8,66.0,91.9,96.3,True,synth01-rest-afternoon,synth01,sitting,synth-rest,48058.0,557.0,0.767,99.6,,,1.1590161887719006,1247.484829567074,0.7488,1143.0,149,1,0
1194,pi4b-01,2026-07-26 22:38:28.610119+00:00,27.1,69.0,92.3,95.0,True,synth01-rest-afternoon,synth01,sitting,synth-rest,50088.0,547.0,0.742,99.4,,,1.0920779428206355,1192.6355688138713,0.7415,2030.0,150,1,0
1195,pi4b-01,2026-07-26 22:38:29.610119+00:00,26.3,71.0,91.5,96.4,True,synth01-rest-afternoon,synth01,sitting,synth-rest,48820.0,571.0,0.863,99.7,,,1.16960262187628,1073.4106390380002,0.7525999999999999,1268.0,151,1,0
1196,pi4b-01,2026-07-26 22:38:30.610119+00:00,30.4,69.0,89.7,98.1,True,synth01-rest-afternoon,synth01,sitting,synth-rest,48037.0,567.0,0.809,99.8,,,1.180340154464267,995.3964536806149,0.7635,783.0,152,1,0
1197,pi4b-01,2026-07-26 22:38:31.610119+00:00,27.5,68.0,92.2,97.0,True,synth01-rest-afternoon,synth01,sitting,synth-rest,49733.0,578.0,0.722,99.8,,,1.1622061810065751,977.3184400865852,0.7579,1696.0,153,1,0
1198,pi4b-01,2026-07-26 22:38:32.610119+00:00,30.8,66.0,89.2,97.8,True,synth01-rest-afternoon,synth01,sitting,synth-rest,48952.0,554.0,0.787,99.7,,,1.1317208694231082,964.8745687047992,0.7538,781.0,154,1,0
1199,pi4b-01,2026-07-26 22:38:33.610119+00:00,28.3,68.0,86.4,94.0,True,synth01-rest-afternoon,synth01,sitting,synth-rest,49216.0,460.0,0.791,99.9,,,0.9346553966189858,908.3910318065766,0.7634,264.0,155,1,0
1200,pi4b-01,2026-07-26 22:38:34.610119+00:00,30.7,72.0,88.4,95.5,True,synth01-rest-afternoon,synth01,sitting,synth-rest,49328.0,400.0,0.707,99.5,,,0.8108984755108661,764.0057009676536,0.7706,112.0,156,1,0
1201,pi4b-01,2026-07-26 22:38:35.610119+00:00,29.0,62.0,89.1,97.4,True,synth01-rest-afternoon,synth01,sitting,synth-rest,48599.0,424.0,0.738,99.6,,,0.8724459351015453,660.4551965626557,0.77,729.0,157,1,0
1202,pi4b-01,2026-07-26 22:38:36.610119+00:00,30.1,68.0,88.2,97.1,True,synth01-rest-afternoon,synth01,sitting,synth-rest,48931.0,287.0,0.699,99.8,,,0.5865402301199648,656.9802635289843,0.7625,332.0,158,1,0
1203,pi4b-01,2026-07-26 22:38:37.610119+00:00,29.6,62.0,89.2,94.1,True,synth01-rest-afternoon,synth01,sitting,synth-rest,50162.0,353.0,0.722,99.6,,,0.7037199473705195,667.0795721317827,0.758,1231.0,159,1,0
1204,pi4b-01,2026-07-26 22:38:38.610119+00:00,26.8,66.0,88.7,96.6,True,synth01-rest-afternoon,synth01,sitting,synth-rest,51435.0,316.0,0.641,99.6,,,0.6143676484883834,946.7075167242538,0.7478999999999999,1273.0,160,1,0
1205,pi4b-01,2026-07-26 22:38:39.610119+00:00,26.7,65.0,92.1,97.3,True,synth01-rest-afternoon,synth01,sitting,synth-rest,50370.0,298.0,0.82,99.6,,,0.5916219972205679,981.751049004899,0.7436,1065.0,161,1,0
1206,pi4b-01,2026-07-26 22:38:40.610119+00:00,27.1,62.0,88.4,96.1,True,synth01-rest-afternoon,synth01,sitting,synth-rest,50572.0,382.0,0.78,99.4,,,0.7553586965119038,891.9932486042594,0.7407,202.0,162,1,0
1207,pi4b-01,2026-07-26 22:38:41.610119+00:00,29.8,72.0,88.9,96.4,True,synth01-rest-afternoon,synth01,sitting,synth-rest,50604.0,374.0,0.695,99.7,,,0.7390720101177772,933.8819161614418,0.7380000000000001,32.0,163,1,0
1208,pi4b-01,2026-07-26 22:38:42.610119+00:00,26.3,66.0,87.1,95.7,True,synth01-rest-afternoon,synth01,sitting,synth-rest,49277.0,420.0,0.724,99.4,,,0.8523246139172433,905.6671205986055,0.7316999999999999,1327.0,164,1,0
1209,pi4b-01,2026-07-26 22:38:43.610119+00:00,28.8,73.0,87.3,96.8,True,synth01-rest-afternoon,synth01,sitting,synth-rest,51301.0,298.0,0.737,99.7,,,0.5808853628584237,980.550916577031,0.7263,2024.0,165,1,0
1210,pi4b-01,2026-07-26 22:38:44.610119+00:00,29.9,72.0,86.3,94.8,True,synth01-rest-afternoon,synth01,sitting,synth-rest,50278.0,373.0,0.688,99.7,,,0.74187517403238,947.4387051414271,0.7243999999999999,1023.0,166,1,0
1211,pi4b-01,2026-07-26 22:38:45.610119+00:00,27.3,72.0,86.1,95.3,True,synth01-rest-afternoon,synth01,sitting,synth-rest,51216.0,337.0,0.726,99.5,,,0.6579975007810059,823.9112951175689,0.7232,938.0,167,1,0
1212,pi4b-01,2026-07-26 22:38:46.610119+00:00,29.4,69.0,,95.8,True,synth01-rest-afternoon,synth01,sitting,synth-rest,50664.0,450.0,0.778,99.5,,,0.8882046423495974,638.5983696956015,0.7311,552.0,168,0,0
1213,pi4b-01,2026-07-26 22:38:47.610119+00:00,28.9,73.0,83.7,96.6,True,synth01-rest-afternoon,synth01,sitting,synth-rest,50546.0,460.0,0.678,99.7,,,0.9100621216317809,621.4579721197697,0.7267,118.0,169,1,0
1214,pi4b-01,2026-07-26 22:38:48.610119+00:00,28.2,68.0,89.1,99.5,True,synth01-rest-afternoon,synth01,sitting,synth-rest,49171.0,429.0,0.635,99.6,,,0.8724654776189217,701.3655648487771,0.7261,1375.0,170,1,0
1215,pi4b-01,2026-07-26 22:38:49.610119+00:00,30.9,68.0,89.1,95.6,True,synth01-rest-afternoon,synth01,sitting,synth-rest,49722.0,529.0,0.755,99.7,,,1.0639153694541652,733.6277363592784,0.7196,551.0,171,1,0
1216,pi4b-01,2026-07-26 22:38:50.610119+00:00,28.4,65.0,91.0,94.3,True,synth01-rest-afternoon,synth01,sitting,synth-rest,48082.0,573.0,0.692,99.6,,,1.1917141549852337,1013.4766839394736,0.7108,1640.0,172,1,0
1217,pi4b-01,2026-07-26 22:38:51.610119+00:00,28.7,71.0,86.2,94.5,True,synth01-rest-afternoon,synth01,sitting,synth-rest,49575.0,440.0,0.766,99.7,,,0.8875441250630358,1007.2698854935929,0.7179,1493.0,173,1,0
1218,pi4b-01,2026-07-26 22:38:52.610119+00:00,28.1,71.0,85.0,97.4,True,synth01-rest-afternoon,synth01,sitting,synth-rest,48372.0,470.0,0.718,99.5,,,0.9716364839163152,1112.8880396917448,0.7173,1203.0,174,1,0
1219,pi4b-01,2026-07-26 22:38:53.610119+00:00,28.4,65.0,86.6,95.9,True,synth01-rest-afternoon,synth01,sitting,synth-rest,50107.0,588.0,0.699,99.8,,,1.1734887341090068,1003.7003813666659,0.7135,1735.0,175,1,0
1220,pi4b-01,2026-07-26 22:38:54.610119+00:00,30.7,72.0,88.5,95.6,True,synth01-rest-afternoon,synth01,sitting,synth-rest,48738.0,624.0,0.709,99.6,,,1.2803151544995692,1035.3042547966375,0.7156,1369.0,176,1,0
1221,pi4b-01,2026-07-26 22:38:55.610119+00:00,26.0,73.0,84.7,96.5,True,synth01-rest-afternoon,synth01,sitting,synth-rest,48152.0,529.0,0.777,99.8,,,1.0986044193387607,960.9834603733334,0.7207000000000001,586.0,177,1,0
1222,pi4b-01,2026-07-26 22:38:56.610119+00:00,27.6,72.0,87.1,97.5,True,synth01-rest-afternoon,synth01,sitting,synth-rest,48564.0,583.0,0.81,99.9,,,1.200477720121901,856.7239215626911,0.7239,412.0,178,1,0
1223,pi4b-01,2026-07-26 22:38:57.610119+00:00,29.1,66.0,85.9,94.6,True,synth01-rest-afternoon,synth01,sitting,synth-rest,49930.0,570.0,0.726,99.5,,,1.1415982375325457,757.8767196729266,0.7287,1366.0,179,1,0
1224,pi4b-01,2026-07-26 22:38:58.610119+00:00,30.4,69.0,87.2,97.3,True,synth01-rest-afternoon,synth01,sitting,synth-rest,48355.0,549.0,0.731,99.8,,,1.1353531175679867,785.7759151875657,0.7383,1575.0,180,1,0
1225,pi4b-01,2026-07-26 22:38:59.610119+00:00,27.6,66.0,87.7,97.3,True,synth01-rest-afternoon,synth01,sitting,synth-rest,50527.0,493.0,0.764,99.5,,,0.9757159538464584,904.7725067047862,0.7392000000000001,2172.0,181,1,0
1226,pi4b-01,2026-07-26 22:39:00.610119+00:00,29.1,69.0,86.1,98.6,True,synth01-rest-afternoon,synth01,sitting,synth-rest,48659.0,496.0,0.725,99.5,,,1.0193386629400523,853.8405328605179,0.7424999999999999,1868.0,182,1,0
1227,pi4b-01,2026-07-26 22:39:01.610119+00:00,27.2,68.0,83.0,96.3,True,synth01-rest-afternoon,synth01,sitting,synth-rest,49325.0,468.0,0.721,99.6,,,0.9488089204257475,841.8955398385096,0.738,666.0,183,1,0
1228,pi4b-01,2026-07-26 22:39:02.610119+00:00,30.9,72.0,,96.0,True,synth01-rest-afternoon,synth01,sitting,synth-rest,48974.0,463.0,0.584,99.7,,,0.9453995997876423,807.0090802187643,0.7246,351.0,184,0,0
1229,pi4b-01,2026-07-26 22:39:03.610119+00:00,26.9,64.0,83.2,96.3,True,synth01-rest-afternoon,synth01,sitting,synth-rest,50565.0,641.0,0.671,99.8,,,1.2676752694551567,878.2718447800299,0.7218,1591.0,185,1,0
1230,pi4b-01,2026-07-26 22:39:04.610119+00:00,30.4,73.0,87.4,97.0,True,synth01-rest-afternoon,synth01,sitting,synth-rest,51333.0,683.0,0.732,99.8,,,1.3305281203124697,1091.1056777416222,0.7241,768.0,186,1,0
1231,pi4b-01,2026-07-26 22:39:05.610119+00:00,30.3,73.0,89.0,92.9,True,synth01-rest-afternoon,synth01,sitting,synth-rest,49425.0,602.0,0.74,99.6,,,1.21800708143652,994.3119396514095,0.7204,1908.0,187,1,0
1232,pi4b-01,2026-07-26 22:39:06.610119+00:00,29.7,67.0,89.8,97.0,True,synth01-rest-afternoon,synth01,sitting,synth-rest,49007.0,732.0,0.659,99.6,,,1.4936641704246332,953.7658692432606,0.7053,418.0,188,1,0
1233,pi4b-01,2026-07-26 22:39:07.610119+00:00,29.4,68.0,87.5,100.0,True,synth01-rest-afternoon,synth01,sitting,synth-rest,50405.0,642.0,0.717,99.9,,,1.2736831663525443,982.8578794063433,0.7043999999999999,1398.0,189,1,0
1234,pi4b-01,2026-07-26 22:39:08.610119+00:00,27.3,67.0,89.5,92.8,True,synth01-rest-afternoon,synth01,sitting,synth-rest,49964.0,598.0,0.707,99.6,,,1.196861740453126,871.3102776853007,0.702,441.0,190,1,0
1235,pi4b-01,2026-07-26 22:39:09.610119+00:00,26.2,62.0,89.4,96.5,True,synth01-rest-afternoon,synth01,sitting,synth-rest,50323.0,503.0,0.774,99.8,,,0.9995429525266777,855.1140274840743,0.703,359.0,191,1,0
1236,pi4b-01,2026-07-26 22:39:10.610119+00:00,27.5,68.0,87.1,97.8,True,synth01-rest-afternoon,synth01,sitting,synth-rest,51723.0,491.0,0.74,99.6,,,0.9492875509927884,945.7785975351807,0.7045,1400.0,192,1,0
1237,pi4b-01,2026-07-26 22:39:11.610119+00:00,28.0,64.0,84.3,96.8,True,synth01-rest-afternoon,synth01,sitting,synth-rest,51447.0,667.0,0.59,99.4,,,1.2964798724901356,988.5621657516681,0.6914,276.0,193,1,0
1238,pi4b-01,2026-07-26 22:39:12.610119+00:00,27.1,74.0,82.7,97.3,True,synth01-rest-afternoon,synth01,sitting,synth-rest,49065.0,679.0,0.715,99.6,,,1.383878528482625,975.1578846525691,0.7045,2382.0,194,1,0
1239,pi4b-01,2026-07-26 22:39:13.610119+00:00,28.6,66.0,84.6,96.6,True,synth01-rest-afternoon,synth01,sitting,synth-rest,50531.0,766.0,0.839,99.8,,,1.5159011299994063,974.2897184901566,0.7213,1466.0,195,1,0
1240,pi4b-01,2026-07-26 22:39:14.610119+00:00,26.3,63.0,,95.8,True,synth01-rest-afternoon,synth01,sitting,synth-rest,49229.0,651.0,0.764,99.9,,,1.3223912734363892,958.834529809817,0.7245,1302.0,196,0,0
1241,pi4b-01,2026-07-26 22:39:15.610119+00:00,29.2,70.0,86.9,97.6,True,synth01-rest-afternoon,synth01,sitting,synth-rest,49643.0,704.0,0.661,99.8,,,1.4181254154664302,943.842977759927,0.7165999999999999,414.0,197,1,0
1242,pi4b-01,2026-07-26 22:39:16.610119+00:00,29.4,69.0,,93.6,True,synth01-rest-afternoon,synth01,sitting,synth-rest,49067.0,545.0,0.724,99.6,,,1.1107261499582204,936.0432148143907,0.7231,576.0,198,0,0
1243,pi4b-01,2026-07-26 22:39:17.610119+00:00,27.1,64.0,92.9,99.5,True,synth01-rest-afternoon,synth01,sitting,synth-rest,50143.0,739.0,0.625,99.5,,,1.4737849749715812,931.4477679636697,0.7139,1076.0,199,1,0
1244,pi4b-01,2026-07-26 22:39:18.610119+00:00,30.6,67.0,87.1,97.8,True,synth01-rest-afternoon,synth01,sitting,synth-rest,50793.0,648.0,0.662,99.6,,,1.275766345756305,953.2983909680563,0.7094,650.0,200,1,0
1245,pi4b-01,2026-07-26 22:39:19.610119+00:00,29.8,72.0,87.5,96.2,True,synth01-rest-afternoon,synth01,sitting,synth-rest,50948.0,545.0,0.723,99.6,,,1.0697181439899506,982.5597465577463,0.7043,155.0,201,1,0
1246,pi4b-01,2026-07-26 22:39:20.610119+00:00,26.6,72.0,90.7,97.4,True,synth01-rest-afternoon,synth01,sitting,synth-rest,49371.0,568.0,0.689,99.6,,,1.150472949707318,867.9733802882096,0.6992,1577.0,202,1,0
1247,pi4b-01,2026-07-26 22:39:21.610119+00:00,27.2,62.0,88.2,95.8,True,synth01-rest-afternoon,synth01,sitting,synth-rest,50196.0,542.0,0.836,99.6,,,1.0797673121364253,717.0777425697521,0.7238,825.0,203,1,0
1248,pi4b-01,2026-07-26 22:39:22.610119+00:00,30.2,69.0,85.7,99.8,True,synth01-rest-afternoon,synth01,sitting,synth-rest,51197.0,621.0,0.819,99.6,,,1.2129616969744321,757.4970186960406,0.7342,1001.0,204,1,0
1249,pi4b-01,2026-07-26 22:39:23.610119+00:00,28.2,67.0,88.4,99.7,True,synth01-rest-afternoon,synth01,sitting,synth-rest,51361.0,678.0,0.728,99.5,,,1.320067755690115,848.5345275500025,0.7231,164.0,205,1,0
1250,pi4b-01,2026-07-26 22:39:24.610119+00:00,30.3,64.0,91.5,98.0,True,synth01-rest-afternoon,synth01,sitting,synth-rest,50133.0,505.0,0.718,99.8,,,1.0073205273971237,779.5601038762967,0.7184999999999999,1228.0,206,1,0
1251,pi4b-01,2026-07-26 22:39:25.610119+00:00,29.1,62.0,91.0,100.0,True,synth01-rest-afternoon,synth01,sitting,synth-rest,50340.0,506.0,0.652,99.6,,,1.0051648788239969,746.2072172735814,0.7176,207.0,207,1,0
1252,pi4b-01,2026-07-26 22:39:26.610119+00:00,28.8,73.0,,96.0,True,synth01-rest-afternoon,synth01,sitting,synth-rest,51156.0,500.0,0.756,99.8,,,0.9774024552349676,628.7650682975275,0.7208,816.0,208,0,0
1253,pi4b-01,2026-07-26 22:39:27.610119+00:00,28.9,64.0,88.2,96.9,True,synth01-rest-afternoon,synth01,sitting,synth-rest,51416.0,525.0,0.762,99.4,,,1.021082931383227,662.0866760981958,0.7344999999999999,260.0,209,1,0
1254,pi4b-01,2026-07-26 22:39:28.610119+00:00,27.2,70.0,85.7,98.8,True,synth01-rest-afternoon,synth01,sitting,synth-rest,51232.0,471.0,0.677,99.9,,,0.9193472829481575,683.7922036539101,0.736,184.0,210,1,0
1255,pi4b-01,2026-07-26 22:39:29.610119+00:00,30.3,73.0,86.2,100.0,True,synth01-rest-afternoon,synth01,sitting,synth-rest,48960.0,399.0,0.491,99.5,,,0.814950980392157,876.7482598278671,0.7128,2272.0,211,1,0
1256,pi4b-01,2026-07-26 22:39:30.610119+00:00,28.2,72.0,84.4,97.6,True,synth01-rest-afternoon,synth01,sitting,synth-rest,51195.0,528.0,0.605,99.7,,,1.0313507178435395,793.1523883284992,0.7044,2235.0,212,1,0
1257,pi4b-01,2026-07-26 22:39:31.610119+00:00,30.6,70.0,87.0,95.1,True,synth01-rest-afternoon,synth01,sitting,synth-rest,50404.0,499.0,0.884,99.6,,,0.9900007935878105,780.55196994042,0.7091999999999999,791.0,213,1,0
1258,pi4b-01,2026-07-26 22:39:32.610119+00:00,27.8,69.0,87.2,98.4,True,synth01-rest-afternoon,synth01,sitting,synth-rest,50859.0,454.0,0.761,99.8,,,0.8926640319314182,765.7120433514314,0.7034,455.0,214,1,0
1259,pi4b-01,2026-07-26 22:39:33.610119+00:00,29.9,67.0,90.5,98.8,True,synth01-rest-afternoon,synth01,sitting,synth-rest,49592.0,423.0,0.661,99.8,,,0.8529601548636877,801.0031280283448,0.6967000000000001,1267.0,215,1,0
1260,pi4b-01,2026-07-26 22:39:34.610119+00:00,30.5,63.0,91.8,96.5,True,synth01-rest-afternoon,synth01,sitting,synth-rest,51294.0,382.0,0.495,99.8,,,0.7447264787304558,821.1622927967397,0.6744,1702.0,216,1,0
1261,pi4b-01,2026-07-26 22:39:35.610119+00:00,26.6,65.0,90.1,95.3,True,synth01-rest-afternoon,synth01,sitting,synth-rest,50555.0,256.0,0.642,99.7,,,0.5063791909801206,815.0873232019577,0.6734,739.0,217,1,0
1262,pi4b-01,2026-07-26 22:39:36.610119+00:00,27.2,72.0,89.1,97.1,True,synth01-rest-afternoon,synth01,sitting,synth-rest,52385.0,294.0,0.521,99.6,,,0.5612293595494894,974.245326165668,0.6498999999999999,1830.0,218,1,0
1263,pi4b-01,2026-07-26 22:39:37.610119+00:00,29.7,69.0,83.3,97.7,True,synth01-rest-afternoon,synth01,sitting,synth-rest,50745.0,321.0,0.587,99.8,,,0.6325746378953592,949.0601725450297,0.6324,1640.0,219,1,0
1264,pi4b-01,2026-07-26 22:39:38.610119+00:00,30.8,68.0,,96.3,True,synth01-rest-afternoon,synth01,sitting,synth-rest,51692.0,323.0,0.541,99.4,,,0.6248549098506538,986.9135333058896,0.6188,947.0,220,0,0
1265,pi4b-01,2026-07-26 22:39:39.610119+00:00,30.8,68.0,81.4,98.4,True,synth01-rest-afternoon,synth01,sitting,synth-rest,52255.0,460.0,0.639,99.5,,,0.8802985360252606,857.7702619130214,0.6336,563.0,221,1,0
1266,pi4b-01,2026-07-26 22:39:40.610119+00:00,28.4,69.0,84.1,97.3,True,synth01-rest-afternoon,synth01,sitting,synth-rest,49193.0,348.0,0.774,99.6,,,0.7074177220336226,1045.5802429486441,0.6505,3062.0,222,1,0
1267,pi4b-01,2026-07-26 22:39:41.610119+00:00,29.1,68.0,81.9,97.2,True,synth01-rest-afternoon,synth01,sitting,synth-rest,50914.0,340.0,0.692,99.7,,,0.6677927485563893,1031.1786352411893,0.6313000000000001,1721.0,223,1,0
1268,pi4b-01,2026-07-26 22:39:42.610119+00:00,27.3,63.0,84.8,96.5,True,synth01-rest-afternoon,synth01,sitting,synth-rest,49429.0,408.0,0.782,99.6,,,0.8254263691355278,1138.520404345574,0.6334,1485.0,224,1,0
1269,pi4b-01,2026-07-26 22:39:43.610119+00:00,29.2,67.0,90.2,97.7,True,synth01-rest-afternoon,synth01,sitting,synth-rest,49794.0,509.0,0.821,99.6,,,1.0222115114270796,1116.1724478472993,0.6494000000000001,365.0,225,1,0
1270,pi4b-01,2026-07-26 22:39:44.610119+00:00,29.8,63.0,89.0,99.6,True,synth01-rest-afternoon,synth01,sitting,synth-rest,48761.0,424.0,0.824,99.8,,,0.8695473841799799,1274.2812396711588,0.6823,1033.0,226,1,0
1271,pi4b-01,2026-07-26 22:39:45.610119+00:00,29.5,69.0,85.3,96.5,True,synth01-rest-afternoon,synth01,sitting,synth-rest,51291.0,418.0,0.809,99.9,,,0.8149577898656684,1294.2692017763368,0.6990000000000001,2530.0,227,1,0
1272,pi4b-01,2026-07-26 22:39:46.610119+00:00,29.1,68.0,90.8,100.0,True,synth01-rest-afternoon,synth01,sitting,synth-rest,49958.0,405.0,0.786,99.8,,,0.8106809720164939,1151.6123769162732,0.7255,1333.0,228,1,0
1273,pi4b-01,2026-07-26 22:39:47.610119+00:00,30.4,70.0,89.8,97.4,True,synth01-rest-afternoon,synth01,sitting,synth-rest,49160.0,545.0,0.631,99.7,,,1.1086248982912936,1207.0807806900032,0.7299,798.0,229,1,0
1274,pi4b-01,2026-07-26 22:39:48.610119+00:00,26.9,65.0,89.2,95.8,True,synth01-rest-afternoon,synth01,sitting,synth-rest,48416.0,603.0,0.827,99.6,,,1.2454560475875742,1215.1655077030348,0.7585,744.0,230,1,0
1275,pi4b-01,2026-07-26 22:39:49.610119+00:00,29.5,72.0,90.2,95.1,True,synth01-rest-afternoon,synth01,sitting,synth-rest,48802.0,599.0,0.844,99.5,,,1.2274087127576738,935.4140853713725,0.779,386.0,231,1,0
1276,pi4b-01,2026-07-26 22:39:50.610119+00:00,30.5,65.0,90.5,98.4,True,synth01-rest-afternoon,synth01,sitting,synth-rest,49657.0,482.0,0.842,99.7,,,0.9706587188110438,925.9970962277766,0.7857999999999999,855.0,232,1,0
1277,pi4b-01,2026-07-26 22:39:51.610119+00:00,26.9,64.0,,98.2,True,synth01-rest-afternoon,synth01,sitting,synth-rest,49235.0,473.0,0.714,99.4,,,0.9606986899563319,809.8748943167027,0.788,422.0,233,0,0
1278,pi4b-01,2026-07-26 22:39:52.610119+00:00,29.7,74.0,,96.4,True,synth01-rest-afternoon,synth01,sitting,synth-rest,50457.0,495.0,0.737,99.6,,,0.9810333551340745,869.8907274927286,0.7835,1222.0,234,0,0
1279,pi4b-01,2026-07-26 22:39:53.610119+00:00,30.8,72.0,,97.6,True,synth01-rest-afternoon,synth01,sitting,synth-rest,49853.0,477.0,0.763,99.4,,,0.9568130303091088,871.9039192735032,0.7777,604.0,235,0,0
1280,pi4b-01,2026-07-26 22:39:54.610119+00:00,26.9,63.0,91.0,96.6,True,synth01-rest-afternoon,synth01,sitting,synth-rest,49322.0,331.0,0.748,99.5,,,0.6711001175945825,831.9883078772792,0.7701,531.0,236,1,0
1281,pi4b-01,2026-07-26 22:39:55.610119+00:00,27.7,67.0,88.1,100.0,True,synth01-rest-afternoon,synth01,sitting,synth-rest,51366.0,461.0,0.832,99.8,,,0.8974808238912899,848.9397570565095,0.7724,2044.0,237,1,0
1282,pi4b-01,2026-07-26 22:39:56.610119+00:00,27.0,72.0,87.7,96.2,True,synth01-rest-afternoon,synth01,sitting,synth-rest,50244.0,413.0,0.628,99.7,,,0.8219886951675822,866.1378899716259,0.7565999999999999,1122.0,238,1,0
1283,pi4b-01,2026-07-26 22:39:57.610119+00:00,27.8,69.0,91.8,96.1,True,synth01-rest-afternoon,synth01,sitting,synth-rest,50901.0,468.0,0.718,99.6,,,0.9194318382742971,929.119541405888,0.7653,657.0,239,1,0
1284,pi4b-01,2026-07-26 22:39:58.610119+00:00,30.8,74.0,93.7,97.3,True,synth01-rest-afternoon,synth01,sitting,synth-rest,50014.0,376.0,0.797,99.5,,,0.7517894989402968,786.234973359369,0.7623,887.0,240,1,0
1285,pi4b-01,2026-07-26 22:39:59.610119+00:00,30.7,67.0,92.5,98.3,True,synth01-rest-afternoon,synth01,sitting,synth-rest,48496.0,391.0,0.691,99.6,,,0.8062520620257341,841.4153750279385,0.747,1518.0,241,1,0
1286,pi4b-01,2026-07-26 22:40:00.610119+00:00,26.9,63.0,96.2,96.6,True,synth01-rest-afternoon,synth01,sitting,synth-rest,50012.0,344.0,0.714,99.8,,,0.6878349196192914,834.9328648993065,0.7342,1516.0,242,1,0
1287,pi4b-01,2026-07-26 22:40:01.610119+00:00,27.9,65.0,95.3,98.4,True,synth01-rest-afternoon,synth01,sitting,synth-rest,49469.0,308.0,0.727,99.6,,,0.6226121409367483,814.4498074706412,0.7355,543.0,243,1,0
1288,pi4b-01,2026-07-26 22:40:02.610119+00:00,26.3,65.0,,97.6,True,synth01-rest-afternoon,synth01,sitting,synth-rest,48874.0,252.0,0.658,99.7,,,0.5156115726152966,870.5565844140932,0.7276,595.0,244,0,0
1289,pi4b-01,2026-07-26 22:40:03.610119+00:00,28.9,73.0,92.8,95.6,True,synth01-rest-afternoon,synth01,sitting,synth-rest,48708.0,293.0,0.75,99.8,,,0.601543894226821,943.1360453296533,0.7263,166.0,245,1,0
1290,pi4b-01,2026-07-26 22:40:04.610119+00:00,28.6,73.0,,98.0,True,synth01-rest-afternoon,synth01,sitting,synth-rest,48601.0,266.0,0.648,99.7,,,0.547313841278986,1004.270243620847,0.7163,107.0,246,0,0
1291,pi4b-01,2026-07-26 22:40:05.610119+00:00,29.4,70.0,94.3,100.0,True,synth01-rest-afternoon,synth01,sitting,synth-rest,50690.0,327.0,0.647,99.5,,,0.6450976523969224,894.0101229852207,0.6978000000000001,2089.0,247,1,0
1292,pi4b-01,2026-07-26 22:40:06.610119+00:00,30.8,65.0,91.4,95.2,True,synth01-rest-afternoon,synth01,sitting,synth-rest,51445.0,336.0,0.772,99.8,,,0.6531246962775781,1055.9973695253702,0.7121999999999999,755.0,248,1,0
1293,pi4b-01,2026-07-26 22:40:07.610119+00:00,26.6,70.0,,98.6,True,synth01-rest-afternoon,synth01,sitting,synth-rest,51222.0,333.0,0.61,99.5,,,0.6501112803092421,1099.8217481836944,0.7014,223.0,249,0,0
1294,pi4b-01,2026-07-26 22:40:08.610119+00:00,30.0,73.0,,96.4,True,synth01-rest-afternoon,synth01,sitting,synth-rest,50694.0,299.0,0.736,99.8,,,0.5898133901447903,1138.1005081567844,0.6952999999999999,528.0,250,0,0
1295,pi4b-01,2026-07-26 22:40:09.610119+00:00,26.9,66.0,94.8,97.5,True,synth01-rest-afternoon,synth01,sitting,synth-rest,50266.0,340.0,0.7,99.7,,,0.6764015437870529,1042.7640033424357,0.6961999999999999,428.0,251,1,0
1296,pi4b-01,2026-07-26 22:40:10.610119+00:00,29.6,68.0,88.5,98.1,True,synth01-rest-afternoon,synth01,sitting,synth-rest,49407.0,367.0,0.805,99.5,,,0.7428097233185581,1059.2877271492202,0.7053,859.0,252,1,0
1297,pi4b-01,2026-07-26 22:40:11.610119+00:00,29.4,74.0,93.3,95.1,True,synth01-rest-afternoon,synth01,sitting,synth-rest,50031.0,330.0,0.644,99.5,,,0.659591053546801,1046.4950814770375,0.697,624.0,253,1,0
1298,pi4b-01,2026-07-26 22:40:12.610119+00:00,29.4,63.0,95.7,99.0,True,synth01-rest-afternoon,synth01,sitting,synth-rest,48779.0,401.0,0.661,99.8,,,0.8220750732897353,1058.1562634024585,0.6973,1252.0,254,1,0
1299,pi4b-01,2026-07-26 22:40:13.610119+00:00,26.0,63.0,95.6,97.7,True,synth01-rest-afternoon,synth01,sitting,synth-rest,51201.0,423.0,0.709,99.7,,,0.8261557391457197,1016.9215199698885,0.6932,2422.0,255,1,0
1300,pi4b-01,2026-07-26 22:40:14.610119+00:00,28.8,64.0,92.5,98.2,True,synth01-rest-afternoon,synth01,sitting,synth-rest,50541.0,348.0,0.771,99.4,,,0.688549890188164,840.6291559170918,0.7055,660.0,256,1,0
1301,pi4b-01,2026-07-26 22:40:15.610119+00:00,26.3,65.0,89.5,96.9,True,synth01-rest-afternoon,synth01,sitting,synth-rest,51437.0,283.0,0.687,99.8,,,0.550187608141999,897.7843158453413,0.7095,896.0,257,1,0
1302,pi4b-01,2026-07-26 22:40:16.610119+00:00,30.3,65.0,85.4,96.7,True,synth01-rest-afternoon,synth01,sitting,synth-rest,49692.0,285.0,0.564,99.4,,,0.5735329630524028,863.7612838948342,0.6887000000000001,1745.0,258,1,0
1303,pi4b-01,2026-07-26 22:40:17.610119+00:00,28.0,70.0,87.9,96.9,True,synth01-rest-afternoon,synth01,sitting,synth-rest,49106.0,297.0,0.708,99.7,,,0.6048140756730338,879.192963271856,0.6985,586.0,259,1,0
1304,pi4b-01,2026-07-26 22:40:18.610119+00:00,26.2,68.0,86.6,96.3,True,synth01-rest-afternoon,synth01,sitting,synth-rest,49832.0,275.0,0.726,99.9,,,0.5518542302135174,858.1670130122086,0.6975,726.0,260,1,0
1305,pi4b-01,2026-07-26 22:40:19.610119+00:00,26.2,74.0,88.4,96.6,True,synth01-rest-afternoon,synth01,sitting,synth-rest,49652.0,294.0,0.732,99.8,,,0.592121163296544,861.3014441981666,0.7007,180.0,261,1,0
1306,pi4b-01,2026-07-26 22:40:20.610119+00:00,29.9,73.0,86.3,99.1,True,synth01-rest-afternoon,synth01,sitting,synth-rest,50179.0,270.0,0.827,99.7,,,0.5380736961677196,839.7798653351351,0.7029,527.0,262,1,0
1307,pi4b-01,2026-07-26 22:40:21.610119+00:00,31.0,69.0,93.3,99.6,True,synth01-rest-afternoon,synth01,sitting,synth-rest,51934.0,310.0,0.795,99.5,,,0.5969114645511611,1030.2672846295118,0.718,1755.0,263,1,0
1308,pi4b-01,2026-07-26 22:40:22.610119+00:00,27.7,73.0,90.9,93.4,True,synth01-rest-afternoon,synth01,sitting,synth-rest,50275.0,304.0,0.777,99.4,,,0.6046742913973148,895.0494027334101,0.7295999999999999,1659.0,264,1,0
1309,pi4b-01,2026-07-26 22:40:23.610119+00:00,28.3,71.0,,97.6,True,synth01-rest-afternoon,synth01,sitting,synth-rest,50787.0,298.0,0.688,99.8,,,0.586764329454388,862.0741460764445,0.7275,512.0,265,0,0
1310,pi4b-01,2026-07-26 22:40:24.610119+00:00,28.4,68.0,,97.8,True,synth01-rest-afternoon,synth01,sitting,synth-rest,51927.0,346.0,0.699,99.7,,,0.6663200261906138,998.0488131015641,0.7203,1140.0,266,0,0
1311,pi4b-01,2026-07-26 22:40:25.610119+00:00,30.2,67.0,95.9,96.4,True,synth01-rest-afternoon,synth01,sitting,synth-rest,51878.0,343.0,0.552,99.7,,,0.6611665831373608,1053.152284018529,0.7068,49.0,267,1,0
1312,pi4b-01,2026-07-26 22:40:26.610119+00:00,29.6,69.0,93.3,98.7,True,synth01-rest-afternoon,synth01,sitting,synth-rest,49854.0,230.0,0.581,99.5,,,0.4613471336302002,1040.0591008848703,0.7085,2024.0,268,1,0
1313,pi4b-01,2026-07-26 22:40:27.610119+00:00,27.0,63.0,,97.0,True,synth01-rest-afternoon,synth01,sitting,synth-rest,50781.0,284.0,0.609,99.5,,,0.5592642917626672,909.7392117158947,0.6986,927.0,269,0,0
1314,pi4b-01,2026-07-26 22:40:28.610119+00:00,30.7,72.0,90.7,93.2,True,synth01-rest-afternoon,synth01,sitting,synth-rest,51908.0,204.0,0.648,99.7,,,0.3930030053170995,923.9039452238197,0.6908,1127.0,270,1,0
1315,pi4b-01,2026-07-26 22:40:29.610119+00:00,28.9,70.0,91.6,96.5,True,synth01-rest-afternoon,synth01,sitting,synth-rest,51589.0,210.0,0.72,99.9,,,0.4070635212932989,827.0840075564914,0.6896,319.0,271,1,0
1316,pi4b-01,2026-07-26 22:40:30.610119+00:00,30.9,67.0,,95.5,True,synth01-rest-afternoon,synth01,sitting,synth-rest,50587.0,247.0,0.68,99.5,,,0.4882677367703165,784.9808207141383,0.6749,1002.0,272,0,0
1317,pi4b-01,2026-07-26 22:40:31.610119+00:00,29.5,74.0,90.5,95.2,True,synth01-rest-afternoon,synth01,sitting,synth-rest,52884.0,207.0,0.621,99.6,,,0.39142273655547993,933.559734445491,0.6575,2297.0,273,1,0
1318,pi4b-01,2026-07-26 22:40:32.610119+00:00,28.9,72.0,92.2,98.4,True,synth01-rest-afternoon,synth01,sitting,synth-rest,51294.0,223.0,0.71,99.8,,,0.4347487035520724,869.0603418508638,0.6508,1590.0,274,1,0
1319,pi4b-01,2026-07-26 22:40:33.610119+00:00,28.7,70.0,92.8,94.2,True,synth01-rest-afternoon,synth01,sitting,synth-rest,51979.0,236.0,0.584,99.4,,,0.4540295119182747,865.1654241307141,0.6404,685.0,275,1,0
1320,pi4b-01,2026-07-26 22:40:34.610119+00:00,29.2,64.0,96.8,96.8,True,synth01-rest-afternoon,synth01,sitting,synth-rest,51041.0,239.0,0.405,99.7,,,0.46825101389079365,858.2881217867135,0.611,938.0,276,1,0
1321,pi4b-01,2026-07-26 22:40:35.610119+00:00,27.5,73.0,94.7,94.4,True,synth01-rest-afternoon,synth01,sitting,synth-rest,51945.0,253.0,0.446,99.6,,,0.48705361439984596,862.8612351422886,0.6004,904.0,277,1,0
1322,pi4b-01,2026-07-26 22:40:36.610119+00:00,27.6,67.0,97.8,98.2,True,synth01-rest-afternoon,synth01,sitting,synth-rest,50673.0,297.0,0.543,99.5,,,0.5861109466579836,729.893972513323,0.5965999999999999,1272.0,278,1,0
1323,pi4b-01,2026-07-26 22:40:37.610119+00:00,26.4,63.0,91.0,97.6,True,synth01-rest-afternoon,synth01,sitting,synth-rest,50239.0,329.0,0.679,99.7,,,0.6548697227253727,803.0435784495475,0.6035999999999999,434.0,279,1,0
1324,pi4b-01,2026-07-26 22:40:38.610119+00:00,30.8,72.0,89.3,98.2,True,synth01-rest-afternoon,synth01,sitting,synth-rest,50038.0,282.0,0.599,99.7,,,0.5635716855190056,888.3934876444368,0.5987,201.0,280,1,0
1325,pi4b-01,2026-07-26 22:40:39.610119+00:00,27.8,64.0,86.2,97.4,True,synth01-rest-afternoon,synth01,sitting,synth-rest,50227.0,285.0,0.61,99.5,,,0.5674238955143648,930.1353605196607,0.5877000000000001,189.0,281,1,0
1326,pi4b-01,2026-07-26 22:40:40.610119+00:00,26.4,74.0,,95.5,True,synth01-rest-afternoon,synth01,sitting,synth-rest,51993.0,344.0,0.72,99.8,,,0.6616275267824515,951.5551072966712,0.5917,1766.0,282,0,0
1327,pi4b-01,2026-07-26 22:40:41.610119+00:00,29.9,64.0,81.3,97.9,True,synth01-rest-afternoon,synth01,sitting,synth-rest,52215.0,387.0,0.682,99.7,,,0.7411663315139327,839.3520252089563,0.5978,222.0,283,1,0
1328,pi4b-01,2026-07-26 22:40:42.610119+00:00,29.9,68.0,90.8,92.9,True,synth01-rest-afternoon,synth01,sitting,synth-rest,49676.0,325.0,0.64,99.7,,,0.6542394717771157,959.012941634454,0.5908,2539.0,284,1,0
1329,pi4b-01,2026-07-26 22:40:43.610119+00:00,26.1,64.0,94.1,97.0,True,synth01-rest-afternoon,synth01,sitting,synth-rest,52226.0,313.0,0.702,99.4,,,0.5993183471833952,989.6465193863314,0.6026,2550.0,285,1,0
1330,pi4b-01,2026-07-26 22:40:44.610119+00:00,30.2,73.0,88.7,93.5,True,synth01-rest-afternoon,synth01,sitting,synth-rest,49958.0,394.0,0.563,99.8,,,0.7886624764802433,1045.6538624230025,0.6184000000000001,2268.0,286,1,0
1331,pi4b-01,2026-07-26 22:40:45.610119+00:00,29.2,67.0,90.5,95.4,True,synth01-rest-afternoon,synth01,sitting,synth-rest,50724.0,318.0,0.563,99.5,,,0.6269221670215283,981.8798806372089,0.6300999999999999,766.0,287,1,0
1332,pi4b-01,2026-07-26 22:40:46.610119+00:00,26.0,73.0,92.4,93.8,True,synth01-rest-afternoon,synth01,sitting,synth-rest,52085.0,414.0,0.604,99.4,,,0.7948545646539311,1060.4647251716947,0.6361999999999999,1361.0,288,1,0
1333,pi4b-01,2026-07-26 22:40:47.610119+00:00,28.9,67.0,94.4,97.0,True,synth01-rest-afternoon,synth01,sitting,synth-rest,50435.0,402.0,0.746,99.4,,,0.7970655298899574,1047.8441412942047,0.6429,1650.0,289,1,0
1334,pi4b-01,2026-07-26 22:40:48.610119+00:00,27.5,74.0,90.1,96.2,True,synth01-rest-afternoon,synth01,sitting,synth-rest,51750.0,407.0,0.759,99.8,,,0.7864734299516908,1020.3808058215526,0.6588999999999999,1315.0,290,1,0
1335,pi4b-01,2026-07-26 22:40:49.610119+00:00,26.7,70.0,93.5,96.4,True,synth01-rest-afternoon,synth01,sitting,synth-rest,52489.0,388.0,0.63,99.8,,,0.7392024995713388,1048.5639333022975,0.6609,739.0,291,1,0
1336,pi4b-01,2026-07-26 22:40:50.610119+00:00,27.7,69.0,93.4,97.1,True,synth01-rest-afternoon,synth01,sitting,synth-rest,52904.0,209.0,0.45,99.5,,,0.39505519431422953,1145.2588062676057,0.6338999999999999,415.0,292,1,0
1337,pi4b-01,2026-07-26 22:40:51.610119+00:00,30.4,73.0,92.8,96.7,True,synth01-rest-afternoon,synth01,sitting,synth-rest,52546.0,167.0,0.597,99.8,,,0.31781677006813075,1174.3608237865458,0.6254000000000001,358.0,293,1,0
1338,pi4b-01,2026-07-26 22:40:52.610119+00:00,31.0,65.0,95.6,94.4,True,synth01-rest-afternoon,synth01,sitting,synth-rest,52970.0,194.0,0.378,99.9,,,0.36624504436473476,1069.6501037463772,0.5992,424.0,294,1,0
1339,pi4b-01,2026-07-26 22:40:53.610119+00:00,27.6,71.0,94.4,96.6,True,synth01-rest-afternoon,synth01,sitting,synth-rest,53420.0,186.0,0.511,99.8,,,0.34818420067390493,1182.1330485375338,0.5801000000000001,450.0,295,1,0
1340,pi4b-01,2026-07-26 22:40:54.610119+00:00,31.0,66.0,93.0,94.7,True,synth01-rest-afternoon,synth01,sitting,synth-rest,51838.0,154.0,0.577,99.7,,,0.29707936262973106,963.231303708853,0.5814999999999999,1582.0,296,1,0
1341,pi4b-01,2026-07-26 22:40:55.610119+00:00,31.0,64.0,91.5,92.0,True,synth01-rest-afternoon,synth01,sitting,synth-rest,52343.0,164.0,0.689,99.4,,,0.31331792216724297,830.1108359732591,0.5941,505.0,297,1,0
1342,pi4b-01,2026-07-26 22:40:56.610119+00:00,27.2,73.0,88.5,92.7,True,synth01-rest-afternoon,synth01,sitting,synth-rest,52573.0,224.0,0.621,99.8,,,0.4260742206075362,831.8465136204206,0.5958,230.0,298,1,0
1343,pi4b-01,2026-07-26 22:40:57.610119+00:00,30.2,72.0,90.0,93.8,True,synth01-rest-afternoon,synth01,sitting,synth-rest,53359.0,210.0,0.588,99.5,,,0.39356059896174966,563.6458304844186,0.58,786.0,299,1,0
1344,pi4b-01,2026-07-26 22:40:58.610119+00:00,28.1,64.0,85.2,96.7,True,synth01-rest-afternoon,synth01,sitting,synth-rest,54119.0,248.0,0.544,99.8,,,0.4582494133298841,649.097227779764,0.5585,760.0,300,1,0
1345,pi4b-01,2026-07-26 22:40:59.610119+00:00,26.5,62.0,87.0,96.9,True,synth01-rest-afternoon,synth01,sitting,synth-rest,52577.0,216.0,0.477,99.9,,,0.4108260265895734,644.1449888549402,0.5432,1542.0,301,1,0
1346,pi4b-01,2026-07-26 22:41:00.610119+00:00,27.3,64.0,89.7,97.4,True,synth01-rest-afternoon,synth01,sitting,synth-rest,50990.0,227.0,0.509,99.7,,,0.44518533045695236,874.4322920235636,0.5490999999999999,1587.0,302,1,0
1347,pi4b-01,2026-07-26 22:41:01.610119+00:00,28.3,72.0,86.1,97.2,True,synth01-rest-afternoon,synth01,sitting,synth-rest,53514.0,284.0,0.466,99.5,,,0.5307022461411967,911.5413137466252,0.5359999999999999,2524.0,303,1,0
1348,pi4b-01,2026-07-26 22:41:02.610119+00:00,27.6,70.0,91.0,94.5,True,synth01-rest-afternoon,synth01,sitting,synth-rest,52709.0,289.0,0.667,99.7,,,0.5482934603198695,908.9208253015889,0.5649,805.0,304,1,0
1349,pi4b-01,2026-07-26 22:41:03.610119+00:00,28.8,70.0,87.2,97.3,True,synth01-rest-afternoon,synth01,sitting,synth-rest,52291.0,338.0,0.771,99.5,,,0.6463827427281942,885.466236259634,0.5909000000000001,418.0,305,1,0
1350,pi4b-01,2026-07-26 22:41:04.610119+00:00,28.9,74.0,,100.0,True,synth01-rest-afternoon,synth01,sitting,synth-rest,51541.0,314.0,0.716,99.7,,,0.6092237248016142,919.3634512834411,0.6048,750.0,306,0,0
1351,pi4b-01,2026-07-26 22:41:05.610119+00:00,29.6,67.0,87.4,98.0,True,synth01-rest-afternoon,synth01,sitting,synth-rest,51053.0,358.0,0.647,99.5,,,0.7012320529645663,1042.0034335623811,0.6006,488.0,307,1,0
1352,pi4b-01,2026-07-27 04:35:58.929600+00:00,26.1,73.0,,,True,synth01-rest-evening,synth01,sitting,synth-rest,51230.0,758.0,0.572,99.9,,,1.47960179582276,0.0,0.572,0.0,0,0,0
1353,pi4b-01,2026-07-27 04:35:59.929600+00:00,26.7,73.0,,,True,synth01-rest-evening,synth01,sitting,synth-rest,51299.0,728.0,0.5,99.5,,,1.4191309772120315,48.79036790187178,0.536,69.0,1,0,0
1354,pi4b-01,2026-07-27 04:36:00.929600+00:00,27.5,63.0,103.0,93.2,True,synth01-rest-evening,synth01,sitting,synth-rest,52771.0,369.0,0.588,99.5,,,0.6992476928616096,870.4621377942495,0.5533333333333333,1472.0,2,1,0
1355,pi4b-01,2026-07-27 04:36:01.929600+00:00,29.8,68.0,,94.9,True,synth01-rest-evening,synth01,sitting,synth-rest,53615.0,813.0,0.432,99.9,,,1.5163666884267462,1165.8560159813915,0.523,844.0,3,0,0
1356,pi4b-01,2026-07-27 04:36:02.929600+00:00,29.8,69.0,103.5,94.0,True,synth01-rest-evening,synth01,sitting,synth-rest,51489.0,1697.0,0.546,99.8,,,3.2958495989434637,1062.4787997884957,0.5276,2126.0,4,1,0
1357,pi4b-01,2026-07-27 04:36:03.929600+00:00,28.8,69.0,103.9,92.3,True,synth01-rest-evening,synth01,sitting,synth-rest,52408.0,1378.0,0.606,99.8,,,2.6293695618989466,959.6521592049215,0.5406666666666666,919.0,5,1,0
1358,pi4b-01,2026-07-27 04:36:04.929600+00:00,26.7,64.0,107.3,92.5,True,synth01-rest-evening,synth01,sitting,synth-rest,53594.0,1717.0,0.56,99.6,,,3.2037168339739526,1035.0854577096059,0.5434285714285714,1186.0,6,1,0
1359,pi4b-01,2026-07-27 04:36:05.929600+00:00,26.8,67.0,102.6,92.5,True,synth01-rest-evening,synth01,sitting,synth-rest,53367.0,1627.0,0.441,99.8,,,3.0487005078044485,1024.3210904929033,0.530625,227.0,7,1,0
1360,pi4b-01,2026-07-27 04:36:06.929600+00:00,27.3,71.0,104.7,95.1,True,synth01-rest-evening,synth01,sitting,synth-rest,53311.0,606.0,0.504,99.5,,,1.136726004014181,998.1797739441079,0.5276666666666666,56.0,8,1,0
1361,pi4b-01,2026-07-27 04:36:07.929600+00:00,28.6,69.0,101.8,98.1,True,synth01-rest-evening,synth01,sitting,synth-rest,53793.0,376.0,0.81,99.5,,,0.6989757031584035,1018.0773873663362,0.5559000000000001,482.0,9,1,0
1362,pi4b-01,2026-07-27 04:36:08.929600+00:00,29.2,65.0,104.3,96.8,True,synth01-rest-evening,synth01,sitting,synth-rest,53855.0,367.0,0.777,99.9,,,0.6814594745149011,935.5314354240921,0.5764,62.0,10,1,0
1363,pi4b-01,2026-07-27 04:36:09.929600+00:00,26.2,65.0,98.2,96.9,True,synth01-rest-evening,synth01,sitting,synth-rest,52928.0,394.0,0.81,99.6,,,0.7444074969770254,736.7827133332192,0.6073999999999999,927.0,11,1,0
1364,pi4b-01,2026-07-27 04:36:10.929600+00:00,26.5,64.0,96.7,98.2,True,synth01-rest-evening,synth01,sitting,synth-rest,53935.0,325.0,0.747,99.6,,,0.602577176230648,768.0159503551946,0.6233,1007.0,12,1,0
1365,pi4b-01,2026-07-27 04:36:11.929600+00:00,29.0,68.0,97.1,98.9,True,synth01-rest-evening,synth01,sitting,synth-rest,51274.0,383.0,0.888,99.5,,,0.7469672738619964,968.1585269641164,0.6689,2661.0,13,1,0
1366,pi4b-01,2026-07-27 04:36:12.929600+00:00,27.8,67.0,92.8,98.8,True,synth01-rest-evening,synth01,sitting,synth-rest,51015.0,350.0,0.825,99.5,,,0.6860727237087132,1057.578681076099,0.6968,259.0,14,1,0
1367,pi4b-01,2026-07-27 04:36:13.929600+00:00,27.3,72.0,93.6,97.2,True,synth01-rest-evening,synth01,sitting,synth-rest,53608.0,382.0,0.732,99.8,,,0.7125802119086704,1057.578681076099,0.7094,2593.0,15,1,0
1368,pi4b-01,2026-07-27 04:36:14.929600+00:00,30.5,69.0,92.6,98.4,True,synth01-rest-evening,synth01,sitting,synth-rest,53391.0,415.0,0.734,99.5,,,0.7772845610683449,1048.2676767993073,0.7268,217.0,16,1,0
1369,pi4b-01,2026-07-27 04:36:15.929600+00:00,27.7,72.0,98.3,99.7,True,synth01-rest-evening,synth01,sitting,synth-rest,53124.0,464.0,0.877,99.7,,,0.8734282057074015,1042.8460203799104,0.7704,267.0,17,1,0
1370,pi4b-01,2026-07-27 04:36:16.929600+00:00,28.1,70.0,95.7,96.9,True,synth01-rest-evening,synth01,sitting,synth-rest,52951.0,406.0,0.794,99.8,,,0.7667466147948103,1038.0172552622698,0.7994000000000001,173.0,18,1,0
1371,pi4b-01,2026-07-27 04:36:17.929600+00:00,27.0,69.0,95.0,98.3,True,synth01-rest-evening,synth01,sitting,synth-rest,53283.0,373.0,0.811,99.7,,,0.7000356586528536,1006.0757868515086,0.7995,332.0,19,1,0
1372,pi4b-01,2026-07-27 04:36:18.929600+00:00,27.0,62.0,93.5,98.3,True,synth01-rest-evening,synth01,sitting,synth-rest,53396.0,359.0,0.806,99.5,,,0.6723350063675182,969.3087170189287,0.8023999999999999,113.0,20,1,0
1373,pi4b-01,2026-07-27 04:36:19.929600+00:00,29.0,73.0,95.4,98.0,True,synth01-rest-evening,synth01,sitting,synth-rest,52571.0,359.0,0.793,99.8,,,0.682886001788058,974.335306190267,0.8007,825.0,21,1,0
1374,pi4b-01,2026-07-27 04:36:20.929600+00:00,29.9,70.0,93.1,97.3,True,synth01-rest-evening,synth01,sitting,synth-rest,53101.0,301.0,0.834,99.9,,,0.566844315549613,904.8136947583265,0.8094000000000001,530.0,22,1,0
1375,pi4b-01,2026-07-27 04:36:21.929600+00:00,29.5,64.0,94.9,100.0,True,synth01-rest-evening,synth01,sitting,synth-rest,50696.0,362.0,0.749,99.8,,,0.7140602808900111,1021.9730590056304,0.7955,2405.0,23,1,0
1376,pi4b-01,2026-07-27 04:36:22.929600+00:00,28.6,64.0,94.2,100.0,True,synth01-rest-evening,synth01,sitting,synth-rest,51817.0,477.0,0.799,99.4,,,0.9205473107281394,897.7867601310788,0.7929,1121.0,24,1,0
1377,pi4b-01,2026-07-27 04:36:23.929600+00:00,26.3,63.0,92.4,98.2,True,synth01-rest-evening,synth01,sitting,synth-rest,51462.0,587.0,0.782,99.7,,,1.1406474680346663,937.1604629588916,0.7979,355.0,25,1,0
1378,pi4b-01,2026-07-27 04:36:24.929600+00:00,27.3,64.0,88.8,96.9,True,synth01-rest-evening,synth01,sitting,synth-rest,51731.0,664.0,0.793,99.5,,,1.2835630473023913,924.3190646813056,0.8038000000000001,269.0,26,1,0
1379,pi4b-01,2026-07-27 04:36:25.929600+00:00,26.8,63.0,90.4,98.5,True,synth01-rest-evening,synth01,sitting,synth-rest,51358.0,485.0,0.868,99.7,,,0.9443514155535652,941.961688298527,0.8029,373.0,27,1,0
1380,pi4b-01,2026-07-27 04:36:26.929600+00:00,29.4,64.0,90.1,96.5,True,synth01-rest-evening,synth01,sitting,synth-rest,50964.0,702.0,0.744,99.5,,,1.3774429008712032,983.1894188473149,0.7979,394.0,28,1,0
1381,pi4b-01,2026-07-27 04:36:27.929600+00:00,28.3,66.0,91.0,98.3,True,synth01-rest-evening,synth01,sitting,synth-rest,50971.0,420.0,0.762,99.6,,,0.8239979596240999,928.165460584591,0.7929999999999999,7.0,29,1,0
1382,pi4b-01,2026-07-27 04:36:28.929600+00:00,26.1,70.0,92.4,97.1,True,synth01-rest-evening,synth01,sitting,synth-rest,51252.0,405.0,0.867,99.6,,,0.7902130648560056,750.9670876054729,0.7990999999999999,281.0,30,1,0
1383,pi4b-01,2026-07-27 04:36:29.929600+00:00,30.1,71.0,89.5,100.0,True,synth01-rest-evening,synth01,sitting,synth-rest,52554.0,486.0,0.761,99.9,,,0.9247631008105948,748.5206447089722,0.7958999999999999,1302.0,31,1,0
1384,pi4b-01,2026-07-27 04:36:30.929600+00:00,26.5,69.0,88.0,99.5,True,synth01-rest-evening,synth01,sitting,synth-rest,50881.0,477.0,0.798,99.6,,,0.9374815746545861,554.9707099377953,0.7923,1673.0,32,1,0
1385,pi4b-01,2026-07-27 04:36:31.929600+00:00,28.7,65.0,86.9,95.4,True,synth01-rest-evening,synth01,sitting,synth-rest,50689.0,604.0,0.87,99.6,,,1.1915800272248418,555.9169502322509,0.8044,192.0,33,1,0
1386,pi4b-01,2026-07-27 04:36:32.929600+00:00,26.9,63.0,88.0,95.1,True,synth01-rest-evening,synth01,sitting,synth-rest,52751.0,593.0,0.859,99.8,,,1.124149305226441,699.6373743272516,0.8103999999999999,2062.0,34,1,0
1387,pi4b-01,2026-07-27 04:36:33.929600+00:00,28.6,73.0,86.2,97.6,True,synth01-rest-evening,synth01,sitting,synth-rest,52528.0,388.0,0.768,99.7,,,0.7386536704233932,776.7199481008303,0.8089999999999999,223.0,35,1,0
1388,pi4b-01,2026-07-27 04:36:34.929600+00:00,28.7,70.0,92.7,98.8,True,synth01-rest-evening,synth01,sitting,synth-rest,52372.0,408.0,0.701,99.6,,,0.7790422363094783,817.0769037652738,0.7998000000000001,156.0,36,1,0
1389,pi4b-01,2026-07-27 04:36:35.929600+00:00,28.8,64.0,88.0,100.0,True,synth01-rest-evening,synth01,sitting,synth-rest,50475.0,433.0,0.75,99.6,,,0.8578504210004954,894.0628923937816,0.788,1897.0,37,1,0
1390,pi4b-01,2026-07-27 04:36:36.929600+00:00,29.9,65.0,85.5,99.0,True,synth01-rest-evening,synth01,sitting,synth-rest,51619.0,439.0,0.726,99.8,,,0.8504620391716228,870.5586711991211,0.7862,1144.0,38,1,0
1391,pi4b-01,2026-07-27 04:36:37.929600+00:00,30.4,64.0,88.1,100.0,True,synth01-rest-evening,synth01,sitting,synth-rest,51428.0,550.0,0.739,99.6,,,1.0694563272925255,844.9523918212341,0.7839,191.0,39,1,0
1392,pi4b-01,2026-07-27 04:36:38.929600+00:00,26.7,71.0,87.5,93.7,True,synth01-rest-evening,synth01,sitting,synth-rest,51150.0,768.0,0.803,99.5,,,1.501466275659824,850.9508472552482,0.7775000000000001,278.0,40,1,0
1393,pi4b-01,2026-07-27 04:36:39.929600+00:00,30.5,65.0,,75.6,True,synth01-rest-evening,synth01,sitting,synth-rest,51884.0,2846.0,0.11,99.7,,,5.48531339141161,796.0041945729674,0.7124,734.0,41,0,0
1394,pi4b-01,2026-07-27 04:36:40.929600+00:00,28.9,72.0,,78.0,True,synth01-rest-evening,synth01,sitting,synth-rest,53259.0,6114.0,0.297,99.6,,,11.47974990142511,911.5612065754615,0.6623,1375.0,42,0,0
1395,pi4b-01,2026-07-27 04:36:41.929600+00:00,29.5,70.0,,79.0,True,synth01-rest-evening,synth01,sitting,synth-rest,52248.0,5322.0,0.274,99.7,,,10.186035829122646,826.8750006298671,0.6027,1011.0,43,0,0
1396,pi4b-01,2026-07-27 04:36:42.929600+00:00,30.3,73.0,,77.8,True,synth01-rest-evening,synth01,sitting,synth-rest,51953.0,5817.0,0.336,99.6,,,11.196658518276134,780.4829274237691,0.5504,295.0,44,0,0
1397,pi4b-01,2026-07-27 04:36:43.929600+00:00,28.7,63.0,,79.5,True,synth01-rest-evening,synth01,sitting,synth-rest,52139.0,5201.0,0.19,99.6,,,9.975258443775294,754.5014615993347,0.49260000000000004,186.0,45,0,0
1398,pi4b-01,2026-07-27 04:36:44.929600+00:00,29.5,65.0,,86.8,True,synth01-rest-evening,synth01,sitting,synth-rest,52935.0,2531.0,0.256,99.7,,,4.781335600264476,816.0511966510007,0.4481,796.0,46,0,0
1399,pi4b-01,2026-07-27 04:36:45.929600+00:00,30.9,69.0,,73.9,True,synth01-rest-evening,synth01,sitting,synth-rest,49800.0,3451.0,0.319,99.6,,,6.929718875502008,962.6017117975288,0.40499999999999997,3135.0,47,0,0
1400,pi4b-01,2026-07-27 04:36:46.929600+00:00,29.8,62.0,,71.8,True,synth01-rest-evening,synth01,sitting,synth-rest,49216.0,3534.0,0.244,99.7,,,7.180591677503251,1273.914422383051,0.3568,584.0,48,0,0
1401,pi4b-01,2026-07-27 04:36:47.929600+00:00,30.7,71.0,,72.9,True,synth01-rest-evening,synth01,sitting,synth-rest,48228.0,2667.0,0.29,99.5,,,5.529982582732023,1664.3384271235225,0.31189999999999996,988.0,49,0,0
1402,pi4b-01,2026-07-27 04:36:48.929600+00:00,29.6,71.0,,70.0,True,synth01-rest-evening,synth01,sitting,synth-rest,48471.0,2764.0,0.321,99.8,,,5.702378741928163,1888.3416622352386,0.2637,243.0,50,0,0
1403,pi4b-01,2026-07-27 04:36:49.929600+00:00,26.5,72.0,87.0,91.8,True,synth01-rest-evening,synth01,sitting,synth-rest,49332.0,744.0,0.357,99.6,,,1.5081488688883484,1929.5908864028431,0.2884,861.0,51,1,0
1404,pi4b-01,2026-07-27 04:36:50.929600+00:00,30.3,62.0,85.9,96.2,True,synth01-rest-evening,synth01,sitting,synth-rest,49468.0,719.0,0.381,99.7,,,1.4534648661761138,1747.4609517176107,0.2968,136.0,52,1,0
1405,pi4b-01,2026-07-27 04:36:51.929600+00:00,26.0,62.0,,95.1,True,synth01-rest-evening,synth01,sitting,synth-rest,49260.0,887.0,0.34,99.4,,,1.8006496142915145,1644.815545214062,0.3034,208.0,53,0,0
1406,pi4b-01,2026-07-27 04:36:52.929600+00:00,28.6,68.0,,94.2,True,synth01-rest-evening,synth01,sitting,synth-rest,47636.0,658.0,0.274,99.8,,,1.381308254261483,1665.0608430658567,0.2972,1624.0,54,0,0
1407,pi4b-01,2026-07-27 04:36:53.929600+00:00,30.5,62.0,,90.4,True,synth01-rest-evening,synth01,sitting,synth-rest,48158.0,729.0,0.255,99.8,,,1.5137671830225508,1467.6516540984314,0.30369999999999997,522.0,55,0,0
1408,pi4b-01,2026-07-27 04:36:54.929600+00:00,27.2,70.0,89.3,95.6,True,synth01-rest-evening,synth01,sitting,synth-rest,49480.0,401.0,0.499,99.7,,,0.8104284559417946,720.2429296965527,0.32799999999999996,1322.0,56,1,0
1409,pi4b-01,2026-07-27 04:36:55.929600+00:00,30.3,66.0,,79.1,True,synth01-rest-evening,synth01,sitting,synth-rest,49869.0,6835.0,0.056,99.8,,,13.705909482845055,730.0348241313832,0.30169999999999997,389.0,57,0,0
1410,pi4b-01,2026-07-27 04:36:56.929600+00:00,27.5,65.0,,78.5,True,synth01-rest-evening,synth01,sitting,synth-rest,49738.0,7661.0,0.092,99.8,,,15.402710201455626,771.6776817069008,0.28650000000000003,131.0,58,0,0
1411,pi4b-01,2026-07-27 04:36:57.929600+00:00,28.8,71.0,,78.7,True,synth01-rest-evening,synth01,sitting,synth-rest,50502.0,7717.0,0.045,99.7,,,15.28058294721001,860.6211193732072,0.262,764.0,59,0,0
1412,pi4b-01,2026-07-27 04:36:58.929600+00:00,28.9,65.0,,77.4,True,synth01-rest-evening,synth01,sitting,synth-rest,49687.0,6549.0,0.103,99.6,,,13.180509992553386,832.9863277523211,0.24020000000000002,815.0,60,0,0
1413,pi4b-01,2026-07-27 04:36:59.929600+00:00,28.6,64.0,,95.5,True,synth01-rest-evening,synth01,sitting,synth-rest,51446.0,1068.0,0.298,99.5,,,2.0759631458228047,1072.2367275933354,0.2343,1759.0,61,0,0
1414,pi4b-01,2026-07-27 04:37:00.929600+00:00,30.4,70.0,,81.3,True,synth01-rest-evening,synth01,sitting,synth-rest,50668.0,6325.0,0.08,99.6,,,12.483224125680902,1130.7747786363377,0.2042,778.0,62,0,0
1415,pi4b-01,2026-07-27 04:37:01.929600+00:00,27.3,73.0,,79.8,True,synth01-rest-evening,synth01,sitting,synth-rest,51596.0,7334.0,0.138,99.5,,,14.214280176757887,1274.674424662602,0.184,928.0,63,0,0
1416,pi4b-01,2026-07-27 04:37:02.929600+00:00,26.4,62.0,,80.4,True,synth01-rest-evening,synth01,sitting,synth-rest,52153.0,8989.0,0.102,99.6,,,17.235825359998465,1189.3922864686542,0.1668,557.0,64,0,0
1417,pi4b-01,2026-07-27 04:37:03.929600+00:00,28.6,69.0,,79.2,True,synth01-rest-evening,synth01,sitting,synth-rest,52544.0,7663.0,0.151,99.6,,,14.58396772228989,1105.2918216973778,0.1564,391.0,65,0,0
1418,pi4b-01,2026-07-27 04:37:04.929600+00:00,27.0,72.0,,81.9,True,synth01-rest-evening,synth01,sitting,synth-rest,51171.0,7743.0,0.079,99.7,,,15.131617517734655,1011.6835473605307,0.11440000000000002,1373.0,66,0,0
1419,pi4b-01,2026-07-27 04:37:05.929600+00:00,30.1,63.0,91.0,92.2,True,synth01-rest-evening,synth01,sitting,synth-rest,48524.0,701.0,0.747,99.4,,,1.4446459483966696,1234.3982294579343,0.1835,2647.0,67,1,0
1420,pi4b-01,2026-07-27 04:37:06.929600+00:00,29.0,70.0,88.7,91.6,True,synth01-rest-evening,synth01,sitting,synth-rest,50727.0,536.0,0.621,99.4,,,1.0566365052141857,1177.926030501628,0.2364,2203.0,68,1,0
1421,pi4b-01,2026-07-27 04:37:07.929600+00:00,30.1,72.0,91.8,97.0,True,synth01-rest-evening,synth01,sitting,synth-rest,49318.0,352.0,0.729,99.9,,,0.7137353501764062,1277.844730613055,0.3048,1409.0,69,1,0
1422,pi4b-01,2026-07-27 04:37:08.929600+00:00,30.5,63.0,89.4,98.1,True,synth01-rest-evening,synth01,sitting,synth-rest,48486.0,354.0,0.859,99.7,,,0.7301076599430764,1438.6605691869556,0.3804,832.0,70,1,0
1423,pi4b-01,2026-07-27 04:37:09.929600+00:00,28.9,68.0,,97.5,True,synth01-rest-evening,synth01,sitting,synth-rest,49640.0,267.0,0.72,99.9,,,0.5378726833199032,1442.8389492016577,0.4226,1154.0,71,0,0
1424,pi4b-01,2026-07-27 04:37:10.929600+00:00,27.0,64.0,87.0,97.4,True,synth01-rest-evening,synth01,sitting,synth-rest,48554.0,286.0,0.776,99.4,,,0.5890348889895787,1562.572881855797,0.49219999999999997,1086.0,72,1,0
1425,pi4b-01,2026-07-27 04:37:11.929600+00:00,26.7,62.0,90.0,95.3,True,synth01-rest-evening,synth01,sitting,synth-rest,48964.0,368.0,0.754,99.6,,,0.7515725839392207,1536.0905246762086,0.5538000000000001,410.0,73,1,0
1426,pi4b-01,2026-07-27 04:37:12.929600+00:00,28.9,73.0,90.1,95.8,True,synth01-rest-evening,synth01,sitting,synth-rest,49808.0,387.0,0.69,99.8,,,0.7769836170896242,1338.5609353995876,0.6125999999999999,844.0,74,1,0
1427,pi4b-01,2026-07-27 04:37:13.929600+00:00,27.2,74.0,88.2,97.9,True,synth01-rest-evening,synth01,sitting,synth-rest,50636.0,311.0,0.736,99.8,,,0.6141875345603919,990.5262125647295,0.6711,828.0,75,1,0
1428,pi4b-01,2026-07-27 04:37:14.929600+00:00,30.2,70.0,88.7,96.6,True,synth01-rest-evening,synth01,sitting,synth-rest,48766.0,372.0,0.703,99.6,,,0.762826559488168,843.053978764808,0.7335,1870.0,76,1,0
1429,pi4b-01,2026-07-27 04:37:15.929600+00:00,28.2,66.0,90.1,97.8,True,synth01-rest-evening,synth01,sitting,synth-rest,48726.0,302.0,0.645,99.5,,,0.619792308008045,823.4608875553193,0.7232999999999999,40.0,77,1,0
1430,pi4b-01,2026-07-27 04:37:16.929600+00:00,30.0,68.0,94.9,97.5,True,synth01-rest-evening,synth01,sitting,synth-rest,50581.0,313.0,0.743,99.4,,,0.6188094343725905,797.4640988088117,0.7354999999999999,1855.0,78,1,0
1431,pi4b-01,2026-07-27 04:37:17.929600+00:00,26.7,69.0,89.9,93.4,True,synth01-rest-evening,synth01,sitting,synth-rest,49379.0,382.0,0.633,99.6,,,0.7736082140181049,797.4432755863196,0.7259,1202.0,79,1,0
1432,pi4b-01,2026-07-27 04:37:18.929600+00:00,28.5,73.0,92.9,98.2,True,synth01-rest-evening,synth01,sitting,synth-rest,49132.0,314.0,0.766,99.8,,,0.6390946837091915,743.6673688925806,0.7165999999999999,247.0,80,1,0
1433,pi4b-01,2026-07-27 04:37:19.929600+00:00,27.6,71.0,91.4,96.9,True,synth01-rest-evening,synth01,sitting,synth-rest,50460.0,464.0,0.727,99.7,,,0.9195402298850575,812.7885060429988,0.7173,1328.0,81,1,0
1434,pi4b-01,2026-07-27 04:37:20.929600+00:00,30.7,63.0,90.3,95.4,True,synth01-rest-evening,synth01,sitting,synth-rest,50628.0,331.0,0.75,99.7,,,0.6537884174764952,809.0088586247851,0.7147,168.0,82,1,0
1435,pi4b-01,2026-07-27 04:37:21.929600+00:00,28.6,74.0,94.1,96.7,True,synth01-rest-evening,synth01,sitting,synth-rest,51275.0,274.0,0.816,99.6,,,0.5343734763529985,898.0434844705643,0.7209,647.0,83,1,0
1436,pi4b-01,2026-07-27 04:37:22.929600+00:00,29.0,73.0,95.5,94.9,True,synth01-rest-evening,synth01,sitting,synth-rest,51536.0,340.0,0.798,99.5,,,0.659733002173238,1027.0044303702034,0.7317,261.0,84,1,0
1437,pi4b-01,2026-07-27 04:37:23.929600+00:00,30.2,72.0,93.6,96.4,True,synth01-rest-evening,synth01,sitting,synth-rest,50602.0,330.0,0.778,99.8,,,0.652148136437295,1025.1311298235753,0.7359,934.0,85,1,0
1438,pi4b-01,2026-07-27 04:37:24.929600+00:00,26.2,72.0,91.8,98.5,True,synth01-rest-evening,synth01,sitting,synth-rest,49719.0,347.0,0.699,99.9,,,0.697922323457833,925.9606183130522,0.7355,883.0,86,1,0
1439,pi4b-01,2026-07-27 04:37:25.929600+00:00,29.4,67.0,88.4,97.4,True,synth01-rest-evening,synth01,sitting,synth-rest,49511.0,337.0,0.823,99.7,,,0.6806568237361394,813.1614640812037,0.7533,208.0,87,1,0
1440,pi4b-01,2026-07-27 04:37:26.929600+00:00,27.9,63.0,88.1,97.6,True,synth01-rest-evening,synth01,sitting,synth-rest,50656.0,379.0,0.762,99.8,,,0.7481838281743525,816.561326539544,0.7552000000000001,1145.0,88,1,0
1441,pi4b-01,2026-07-27 04:37:27.929600+00:00,27.4,70.0,87.7,98.9,True,synth01-rest-evening,synth01,sitting,synth-rest,51237.0,391.0,0.849,99.6,,,0.7631204012725179,797.4519421256756,0.7768,581.0,89,1,0
1442,pi4b-01,2026-07-27 04:37:28.929600+00:00,26.9,63.0,87.8,100.0,True,synth01-rest-evening,synth01,sitting,synth-rest,51344.0,398.0,0.858,99.4,,,0.775163602368339,681.7403872116992,0.786,107.0,90,1,0
1443,pi4b-01,2026-07-27 04:37:29.929600+00:00,28.4,72.0,90.1,98.9,True,synth01-rest-evening,synth01,sitting,synth-rest,51099.0,390.0,0.891,99.4,,,0.7632243292432337,687.0054261470974,0.8023999999999999,245.0,91,1,0
1444,pi4b-01,2026-07-27 04:37:30.929600+00:00,29.4,67.0,89.8,100.0,True,synth01-rest-evening,synth01,sitting,synth-rest,49116.0,314.0,0.795,99.8,,,0.6393028748269404,863.2369637333436,0.8069,1983.0,92,1,0
1445,pi4b-01,2026-07-27 04:37:31.929600+00:00,29.0,70.0,90.7,98.5,True,synth01-rest-evening,synth01,sitting,synth-rest,48880.0,330.0,0.888,99.6,,,0.6751227495908346,982.1337315593453,0.8141,236.0,93,1,0
1446,pi4b-01,2026-07-27 04:37:32.929600+00:00,29.9,69.0,87.6,100.0,True,synth01-rest-evening,synth01,sitting,synth-rest,51264.0,311.0,0.775,99.4,,,0.6066635455680399,949.4771426656166,0.8118000000000001,2384.0,94,1,0
1447,pi4b-01,2026-07-27 04:37:33.929600+00:00,30.1,65.0,88.3,100.0,True,synth01-rest-evening,synth01,sitting,synth-rest,50770.0,351.0,0.776,99.5,,,0.6913531613157377,956.0366334217862,0.8116,494.0,95,1,0
1448,pi4b-01,2026-07-27 04:37:34.929600+00:00,26.1,64.0,93.8,100.0,True,synth01-rest-evening,synth01,sitting,synth-rest,49092.0,304.0,0.751,99.6,,,0.6192454982481871,1021.0660496646627,0.8168,1678.0,96,1,0
1449,pi4b-01,2026-07-27 04:37:35.929600+00:00,27.4,63.0,95.6,95.9,True,synth01-rest-evening,synth01,sitting,synth-rest,49125.0,287.0,0.614,99.7,,,0.5842239185750636,1060.6074831592305,0.7959,33.0,97,1,0
1450,pi4b-01,2026-07-27 04:37:36.929600+00:00,26.5,68.0,91.7,97.9,True,synth01-rest-evening,synth01,sitting,synth-rest,51151.0,399.0,0.605,99.7,,,0.7800434009110281,1092.3084423977298,0.7802,2026.0,98,1,0
1451,pi4b-01,2026-07-27 04:37:37.929600+00:00,29.9,63.0,89.9,100.0,True,synth01-rest-evening,synth01,sitting,synth-rest,48912.0,372.0,0.818,99.8,,,0.760549558390579,1119.6488586457367,0.7771,2239.0,99,1,0
1452,pi4b-01,2026-07-27 04:37:38.929600+00:00,27.2,64.0,89.3,98.1,True,synth01-rest-evening,synth01,sitting,synth-rest,49439.0,350.0,0.83,99.5,,,0.7079431218268978,1038.9576828084535,0.7743,527.0,100,1,0
1453,pi4b-01,2026-07-27 04:37:39.929600+00:00,28.4,72.0,85.9,96.8,True,synth01-rest-evening,synth01,sitting,synth-rest,51498.0,370.0,0.734,99.8,,,0.7184745038642277,1096.8191434021267,0.7586,2059.0,101,1,0
1454,pi4b-01,2026-07-27 04:37:40.929600+00:00,30.4,65.0,83.7,94.9,True,synth01-rest-evening,synth01,sitting,synth-rest,49997.0,369.0,0.84,99.4,,,0.7380442826569594,1059.3879574756743,0.7631,1501.0,102,1,0
1455,pi4b-01,2026-07-27 04:37:41.929600+00:00,30.5,67.0,89.4,100.0,True,synth01-rest-evening,synth01,sitting,synth-rest,50459.0,326.0,0.696,99.8,,,0.6460690857924255,986.9853145367155,0.7439,462.0,103,1,0
1456,pi4b-01,2026-07-27 04:37:42.929600+00:00,27.2,71.0,86.8,98.4,True,synth01-rest-evening,synth01,sitting,synth-rest,49951.0,371.0,0.665,99.4,,,0.7427278733158496,909.6902036774399,0.7329,508.0,104,1,0
1457,pi4b-01,2026-07-27 04:37:43.929600+00:00,27.6,68.0,89.1,99.0,True,synth01-rest-evening,synth01,sitting,synth-rest,49437.0,369.0,0.719,99.8,,,0.7464045148370654,888.1470661501693,0.7272000000000001,514.0,105,1,0
1458,pi4b-01,2026-07-27 04:37:44.929600+00:00,26.2,72.0,86.3,100.0,True,synth01-rest-evening,synth01,sitting,synth-rest,48503.0,441.0,0.791,99.5,,,0.9092221099725789,964.3930503459676,0.7312,934.0,106,1,0
1459,pi4b-01,2026-07-27 04:37:45.929600+00:00,27.9,69.0,88.1,96.8,True,synth01-rest-evening,synth01,sitting,synth-rest,48567.0,345.0,0.852,99.5,,,0.7103588856631046,1025.0576352359915,0.755,64.0,107,1,0
1460,pi4b-01,2026-07-27 04:37:46.929600+00:00,31.0,64.0,90.3,97.1,True,synth01-rest-evening,synth01,sitting,synth-rest,49876.0,326.0,0.735,99.6,,,0.6536209800304756,909.9921184030164,0.768,1309.0,108,1,0
1461,pi4b-01,2026-07-27 04:37:47.929600+00:00,28.2,70.0,90.2,100.0,True,synth01-rest-evening,synth01,sitting,synth-rest,50225.0,382.0,0.611,99.8,,,0.7605774016923843,883.7957028886779,0.7473,349.0,109,1,0
1462,pi4b-01,2026-07-27 04:37:48.929600+00:00,29.1,73.0,92.7,98.4,True,synth01-rest-evening,synth01,sitting,synth-rest,50500.0,325.0,0.698,99.5,,,0.6435643564356436,899.823816088485,0.7341,275.0,110,1,0
1463,pi4b-01,2026-07-27 04:37:49.929600+00:00,29.7,72.0,90.2,98.9,True,synth01-rest-evening,synth01,sitting,synth-rest,49360.0,287.0,0.731,99.8,,,0.5814424635332253,712.8656176930824,0.7337999999999999,1140.0,111,1,0
1464,pi4b-01,2026-07-27 04:37:50.929600+00:00,30.4,69.0,91.5,97.0,True,synth01-rest-evening,synth01,sitting,synth-rest,49508.0,253.0,0.851,99.7,,,0.5110285206431283,706.0149825291302,0.7348999999999999,148.0,112,1,0
1465,pi4b-01,2026-07-27 04:37:51.929600+00:00,26.7,65.0,86.1,94.6,True,synth01-rest-evening,synth01,sitting,synth-rest,51277.0,276.0,0.753,99.5,,,0.5382530179222653,845.2810446499401,0.7405999999999999,1769.0,113,1,0
1466,pi4b-01,2026-07-27 04:37:52.929600+00:00,28.2,64.0,85.8,96.5,True,synth01-rest-evening,synth01,sitting,synth-rest,50334.0,381.0,0.635,99.4,,,0.7569436166408392,865.3297444712707,0.7375999999999999,943.0,114,1,0
1467,pi4b-01,2026-07-27 04:37:53.929600+00:00,28.5,69.0,81.5,97.3,True,synth01-rest-evening,synth01,sitting,synth-rest,51864.0,373.0,0.638,99.8,,,0.7191886472312201,1079.038893336737,0.7295,1530.0,115,1,0
1468,pi4b-01,2026-07-27 04:37:54.929600+00:00,27.4,71.0,84.7,100.0,True,synth01-rest-evening,synth01,sitting,synth-rest,51315.0,393.0,0.697,99.5,,,0.7658579362759427,1009.3194847134604,0.7201,549.0,116,1,0
1469,pi4b-01,2026-07-27 04:37:55.929600+00:00,30.1,71.0,80.3,97.9,True,synth01-rest-evening,synth01,sitting,synth-rest,51703.0,307.0,0.79,99.4,,,0.5937759897878266,898.1051410856368,0.7139,388.0,117,1,0
1470,pi4b-01,2026-07-27 04:37:56.929600+00:00,27.5,66.0,80.8,97.2,True,synth01-rest-evening,synth01,sitting,synth-rest,50792.0,342.0,0.791,99.5,,,0.6733343833674594,862.4950627878026,0.7195,911.0,118,1,0
1471,pi4b-01,2026-07-27 04:37:57.929600+00:00,26.1,71.0,84.0,97.8,True,synth01-rest-evening,synth01,sitting,synth-rest,50968.0,318.0,0.724,99.8,,,0.6239208915397897,850.1112933675857,0.7308,176.0,119,1,0
1472,pi4b-01,2026-07-27 04:37:58.929600+00:00,27.3,63.0,82.4,98.5,True,synth01-rest-evening,synth01,sitting,synth-rest,50366.0,339.0,0.722,99.5,,,0.6730731048723345,855.7391931346056,0.7332,602.0,120,1,0
1473,pi4b-01,2026-07-27 04:37:59.929600+00:00,26.8,70.0,80.0,97.4,True,synth01-rest-evening,synth01,sitting,synth-rest,50270.0,339.0,0.819,99.4,,,0.6743584642928188,730.9401936319143,0.742,96.0,121,1,0
1474,pi4b-01,2026-07-27 04:38:00.929600+00:00,29.1,72.0,85.3,97.5,True,synth01-rest-evening,synth01,sitting,synth-rest,51506.0,358.0,0.658,99.6,,,0.6950646526618258,584.9779198112093,0.7227,1236.0,122,1,0
1475,pi4b-01,2026-07-27 04:38:01.929600+00:00,27.9,62.0,81.3,95.9,True,synth01-rest-evening,synth01,sitting,synth-rest,49615.0,363.0,0.669,99.4,,,0.7316335785548725,728.49632806212,0.7142999999999999,1891.0,123,1,0
1476,pi4b-01,2026-07-27 04:38:02.929600+00:00,29.9,63.0,80.6,96.8,True,synth01-rest-evening,synth01,sitting,synth-rest,50390.0,461.0,0.77,99.4,,,0.9148640603294305,724.0919907795575,0.7278,775.0,124,1,0
1477,pi4b-01,2026-07-27 04:38:03.929600+00:00,26.8,68.0,79.8,98.8,True,synth01-rest-evening,synth01,sitting,synth-rest,50586.0,318.0,0.718,99.8,,,0.6286324279444906,638.6463897268259,0.7358,196.0,125,1,0
1478,pi4b-01,2026-07-27 04:38:04.929600+00:00,28.7,72.0,80.3,97.9,True,synth01-rest-evening,synth01,sitting,synth-rest,48917.0,380.0,0.734,99.7,,,0.776826052292659,826.0832686035196,0.7395,1669.0,126,1,0
1479,pi4b-01,2026-07-27 04:38:05.929600+00:00,30.6,74.0,82.2,99.6,True,synth01-rest-evening,synth01,sitting,synth-rest,51736.0,452.0,0.73,99.6,,,0.8736663058605227,831.4214334499734,0.7335,2819.0,127,1,0
1480,pi4b-01,2026-07-27 04:38:06.929600+00:00,26.5,68.0,82.5,99.2,True,synth01-rest-evening,synth01,sitting,synth-rest,49407.0,439.0,0.669,99.5,,,0.8885380614083024,893.1441901756164,0.7213,2329.0,128,1,0
1481,pi4b-01,2026-07-27 04:38:07.929600+00:00,30.7,65.0,83.4,97.7,True,synth01-rest-evening,synth01,sitting,synth-rest,50783.0,405.0,0.785,99.6,,,0.7975109780832169,881.3599592548957,0.7274,1376.0,129,1,0
1482,pi4b-01,2026-07-27 04:38:08.929600+00:00,28.8,73.0,86.7,97.5,True,synth01-rest-evening,synth01,sitting,synth-rest,51386.0,390.0,0.625,99.5,,,0.7589615848674737,939.5421106995624,0.7177,603.0,130,1,0
1483,pi4b-01,2026-07-27 04:38:09.929600+00:00,28.6,74.0,85.5,97.2,True,synth01-rest-evening,synth01,sitting,synth-rest,49817.0,381.0,0.781,99.6,,,0.7647991649436939,960.3888159374773,0.7139,1569.0,131,1,0
1484,pi4b-01,2026-07-27 04:38:10.929600+00:00,27.1,71.0,86.6,97.6,True,synth01-rest-evening,synth01,sitting,synth-rest,50995.0,292.0,0.714,99.6,,,0.5726051573683695,908.0144149614537,0.7195,1178.0,132,1,0
1485,pi4b-01,2026-07-27 04:38:11.929600+00:00,29.0,64.0,82.6,94.6,True,synth01-rest-evening,synth01,sitting,synth-rest,50693.0,274.0,0.602,99.7,,,0.5405085514765352,872.6185369971932,0.7128,302.0,133,1,0
1486,pi4b-01,2026-07-27 04:38:12.929600+00:00,28.3,73.0,88.5,93.4,True,synth01-rest-evening,synth01,sitting,synth-rest,50948.0,279.0,0.712,99.7,,,0.5476171782994426,884.6216768263828,0.7070000000000001,255.0,134,1,0
1487,pi4b-01,2026-07-27 04:38:13.929600+00:00,27.0,63.0,82.9,99.0,True,synth01-rest-evening,synth01,sitting,synth-rest,50074.0,319.0,0.856,99.6,,,0.6370571554099932,895.5636586344253,0.7208,874.0,135,1,0
1488,pi4b-01,2026-07-27 04:38:14.929600+00:00,30.0,65.0,,98.1,True,synth01-rest-evening,synth01,sitting,synth-rest,51476.0,368.0,0.769,99.5,,,0.7148962623358459,755.3532286288375,0.7243,1402.0,136,0,0
1489,pi4b-01,2026-07-27 04:38:15.929600+00:00,28.5,73.0,95.4,100.0,True,synth01-rest-evening,synth01,sitting,synth-rest,50546.0,417.0,0.826,99.7,,,0.8249910972183753,668.2320372113003,0.7339,930.0,137,1,0
1490,pi4b-01,2026-07-27 04:38:16.929600+00:00,30.7,64.0,89.9,96.3,True,synth01-rest-evening,synth01,sitting,synth-rest,51288.0,408.0,0.777,99.8,,,0.7955077211043519,544.4732826829656,0.7447,742.0,138,1,0
1491,pi4b-01,2026-07-27 04:38:17.929600+00:00,29.3,73.0,93.6,98.8,True,synth01-rest-evening,synth01,sitting,synth-rest,50818.0,366.0,0.841,99.6,,,0.7202172458577669,544.4600689368098,0.7503,470.0,139,1,0
1492,pi4b-01,2026-07-27 04:38:18.929600+00:00,29.6,66.0,90.0,95.5,True,synth01-rest-evening,synth01,sitting,synth-rest,50640.0,396.0,0.822,99.6,,,0.7819905213270142,505.59101829224255,0.7699999999999999,178.0,140,1,0
1493,pi4b-01,2026-07-27 04:38:19.929600+00:00,30.5,69.0,92.0,95.7,True,synth01-rest-evening,synth01,sitting,synth-rest,50078.0,431.0,0.72,99.5,,,0.8606573744957866,457.7219437363546,0.7639,562.0,141,1,0
1494,pi4b-01,2026-07-27 04:38:20.929600+00:00,29.9,69.0,94.0,99.7,True,synth01-rest-evening,synth01,sitting,synth-rest,52449.0,290.0,0.813,99.5,,,0.5529180727945242,705.8851023911657,0.7737999999999999,2371.0,142,1,0
1495,pi4b-01,2026-07-27 04:38:21.929600+00:00,27.3,67.0,95.0,97.4,True,synth01-rest-evening,synth01,sitting,synth-rest,51717.0,372.0,0.799,99.8,,,0.7192992632983352,745.5198335538975,0.7935000000000001,732.0,143,1,0
1496,pi4b-01,2026-07-27 04:38:22.929600+00:00,28.7,65.0,,97.7,True,synth01-rest-evening,synth01,sitting,synth-rest,50665.0,450.0,0.841,99.7,,,0.8881871114181388,753.1884005125646,0.8064,1052.0,144,0,0
1497,pi4b-01,2026-07-27 04:38:23.929600+00:00,28.9,66.0,,99.5,True,synth01-rest-evening,synth01,sitting,synth-rest,50522.0,408.0,0.723,99.7,,,0.8075689798503621,705.4457141095722,0.7930999999999999,143.0,145,0,0
1498,pi4b-01,2026-07-27 04:38:24.929600+00:00,29.5,68.0,95.7,97.1,True,synth01-rest-evening,synth01,sitting,synth-rest,49943.0,416.0,0.689,99.9,,,0.8329495625012515,759.7923985464033,0.7850999999999999,579.0,146,1,0
1499,pi4b-01,2026-07-27 04:38:25.929600+00:00,26.6,67.0,94.1,98.5,True,synth01-rest-evening,synth01,sitting,synth-rest,48982.0,438.0,0.796,99.8,,,0.8942060348699522,966.0850894201849,0.7821,961.0,147,1,0
1500,pi4b-01,2026-07-27 04:38:26.929600+00:00,27.2,68.0,91.2,97.2,True,synth01-rest-evening,synth01,sitting,synth-rest,50223.0,462.0,0.76,99.7,,,0.9198972582283018,953.9375765740682,0.7804,1241.0,148,1,0
1501,pi4b-01,2026-07-27 04:38:27.929600+00:00,26.1,67.0,,96.0,True,synth01-rest-evening,synth01,sitting,synth-rest,50187.0,479.0,0.856,99.4,,,0.9544304301910854,959.0429488702699,0.7818999999999999,36.0,149,0,0
1502,pi4b-01,2026-07-27 04:38:28.929600+00:00,29.8,62.0,87.0,96.6,True,synth01-rest-evening,synth01,sitting,synth-rest,49378.0,406.0,0.831,99.6,,,0.8222285228239297,1025.256845868392,0.7828,809.0,150,1,0
1503,pi4b-01,2026-07-27 04:38:29.929600+00:00,29.1,71.0,85.3,99.8,True,synth01-rest-evening,synth01,sitting,synth-rest,50828.0,491.0,0.772,99.5,,,0.9660029904776894,1025.3462504604665,0.788,1450.0,151,1,0
1504,pi4b-01,2026-07-27 04:38:30.929600+00:00,29.8,74.0,87.7,94.9,True,synth01-rest-evening,synth01,sitting,synth-rest,49939.0,490.0,0.853,99.6,,,0.9811970604137047,767.0225550790539,0.792,889.0,152,1,0
1505,pi4b-01,2026-07-27 04:38:31.929600+00:00,28.2,64.0,85.6,96.8,True,synth01-rest-evening,synth01,sitting,synth-rest,51891.0,596.0,0.714,99.4,,,1.1485614075658592,805.3097126778833,0.7835,1952.0,153,1,0
1506,pi4b-01,2026-07-27 04:38:32.929600+00:00,30.3,63.0,87.6,99.2,True,synth01-rest-evening,synth01,sitting,synth-rest,51380.0,444.0,0.75,99.7,,,0.864149474503698,874.4504369412084,0.7744,511.0,154,1,0
1507,pi4b-01,2026-07-27 04:38:33.929600+00:00,28.4,70.0,,95.4,True,synth01-rest-evening,synth01,sitting,synth-rest,49664.0,485.0,0.775,99.9,,,0.9765625,895.0738330811981,0.7796000000000001,1716.0,155,0,0
1508,pi4b-01,2026-07-27 04:38:34.929600+00:00,29.8,68.0,83.3,97.8,True,synth01-rest-evening,synth01,sitting,synth-rest,52277.0,395.0,0.784,99.9,,,0.7555904126097519,1091.371049032671,0.7891,2613.0,156,1,0
1509,pi4b-01,2026-07-27 04:38:35.929600+00:00,27.2,66.0,84.6,97.9,True,synth01-rest-evening,synth01,sitting,synth-rest,52698.0,347.0,0.778,99.9,,,0.6584690121067214,1157.2176641506258,0.7873,421.0,157,1,0
1510,pi4b-01,2026-07-27 04:38:36.929600+00:00,26.9,69.0,87.1,97.3,True,synth01-rest-evening,synth01,sitting,synth-rest,50931.0,410.0,0.764,99.4,,,0.8050107007519979,1136.3018036106855,0.7877000000000001,1767.0,158,1,0
1511,pi4b-01,2026-07-27 04:38:37.929600+00:00,27.1,69.0,86.9,96.0,True,synth01-rest-evening,synth01,sitting,synth-rest,52974.0,380.0,0.825,99.5,,,0.7173330312983728,1271.070240213169,0.7846,2043.0,159,1,0
1512,pi4b-01,2026-07-27 04:38:38.929600+00:00,27.7,67.0,86.6,98.2,True,synth01-rest-evening,synth01,sitting,synth-rest,50382.0,294.0,0.751,99.8,,,0.5835417410980112,1144.9039940342436,0.7766,2592.0,160,1,0
1513,pi4b-01,2026-07-27 04:38:39.929600+00:00,30.4,69.0,89.3,96.5,True,synth01-rest-evening,synth01,sitting,synth-rest,52562.0,288.0,0.762,99.9,,,0.5479243559986302,1196.2402025606018,0.7756,2180.0,161,1,0
1514,pi4b-01,2026-07-27 04:38:40.929600+00:00,26.3,74.0,85.0,96.7,True,synth01-rest-evening,synth01,sitting,synth-rest,51495.0,377.0,0.747,99.9,,,0.7321099135838431,1069.4800605901949,0.765,1067.0,162,1,0
1515,pi4b-01,2026-07-27 04:38:41.929600+00:00,30.4,69.0,87.4,96.4,True,synth01-rest-evening,synth01,sitting,synth-rest,51468.0,347.0,0.78,99.7,,,0.6742053314680967,1066.1679511221516,0.7716000000000001,27.0,163,1,0
1516,pi4b-01,2026-07-27 04:38:42.929600+00:00,26.6,67.0,,96.9,True,synth01-rest-evening,synth01,sitting,synth-rest,51756.0,333.0,0.831,99.6,,,0.6434036633433805,1064.8387514861927,0.7797000000000001,288.0,164,0,0
1517,pi4b-01,2026-07-27 04:38:43.929600+00:00,30.2,64.0,,95.4,True,synth01-rest-evening,synth01,sitting,synth-rest,52673.0,423.0,0.812,99.4,,,0.8030679854954151,854.9325119563581,0.7834,917.0,165,0,0
1518,pi4b-01,2026-07-27 04:38:44.929600+00:00,26.3,68.0,83.7,97.4,True,synth01-rest-evening,synth01,sitting,synth-rest,52014.0,423.0,0.691,99.7,,,0.8132425885338563,846.791204751474,0.7741,659.0,166,1,0
1519,pi4b-01,2026-07-27 04:38:45.929600+00:00,29.5,69.0,82.2,97.4,True,synth01-rest-evening,synth01,sitting,synth-rest,50253.0,437.0,0.769,99.5,,,0.8695998248860766,937.402889785275,0.7731999999999999,1761.0,167,1,0
1520,pi4b-01,2026-07-27 04:38:46.929600+00:00,29.7,62.0,83.8,96.5,True,synth01-rest-evening,synth01,sitting,synth-rest,51818.0,471.0,0.89,99.9,,,0.9089505577212551,903.0617365385423,0.7858,1565.0,168,1,0
1521,pi4b-01,2026-07-27 04:38:47.929600+00:00,26.2,70.0,86.8,98.4,True,synth01-rest-evening,synth01,sitting,synth-rest,51193.0,351.0,0.825,99.6,,,0.6856406149278221,802.5764345738924,0.7858,625.0,169,1,0
1522,pi4b-01,2026-07-27 04:38:48.929600+00:00,29.5,74.0,84.0,98.3,True,synth01-rest-evening,synth01,sitting,synth-rest,49789.0,383.0,0.741,99.7,,,0.7692462190443673,913.6260419036073,0.7847999999999999,1404.0,170,1,0
1523,pi4b-01,2026-07-27 04:38:49.929600+00:00,30.9,73.0,84.1,98.1,True,synth01-rest-evening,synth01,sitting,synth-rest,52623.0,458.0,0.715,99.6,,,0.8703418657241131,921.657299530463,0.7801,2834.0,171,1,0
1524,pi4b-01,2026-07-27 04:38:50.929600+00:00,29.1,73.0,83.5,96.8,True,synth01-rest-evening,synth01,sitting,synth-rest,51598.0,501.0,0.881,99.6,,,0.9709678669715881,922.0688393197398,0.7935000000000001,1025.0,172,1,0
1525,pi4b-01,2026-07-27 04:38:51.929600+00:00,28.3,64.0,84.7,96.7,True,synth01-rest-evening,synth01,sitting,synth-rest,49850.0,555.0,0.728,99.5,,,1.1133400200601806,1063.090259573479,0.7883,1748.0,173,1,0
1526,pi4b-01,2026-07-27 04:38:52.929600+00:00,27.6,69.0,85.0,97.1,True,synth01-rest-evening,synth01,sitting,synth-rest,50997.0,479.0,0.79,99.6,,,0.9392709375061278,1058.499126121513,0.7842,1147.0,174,1,0
1527,pi4b-01,2026-07-27 04:38:53.929600+00:00,29.4,63.0,85.2,94.8,True,synth01-rest-evening,synth01,sitting,synth-rest,51857.0,547.0,0.73,99.6,,,1.0548238424899243,966.7231937495548,0.776,860.0,175,1,0
1528,pi4b-01,2026-07-27 04:38:54.929600+00:00,26.9,64.0,81.8,98.7,True,synth01-rest-evening,synth01,sitting,synth-rest,50576.0,616.0,0.778,99.5,,,1.2179689971527998,938.5969671092441,0.7847,1281.0,176,1,0
1529,pi4b-01,2026-07-27 04:38:55.929600+00:00,27.2,63.0,85.0,96.9,True,synth01-rest-evening,synth01,sitting,synth-rest,49643.0,628.0,0.948,99.7,,,1.2650323308422136,1013.3824768785221,0.8026,933.0,177,1,0
1530,pi4b-01,2026-07-27 04:38:56.929600+00:00,30.6,74.0,88.0,97.7,True,synth01-rest-evening,synth01,sitting,synth-rest,52269.0,544.0,0.694,99.8,,,1.0407698635902733,1062.933284203045,0.783,2626.0,178,1,0
1531,pi4b-01,2026-07-27 04:38:57.929600+00:00,30.9,64.0,87.2,96.4,True,synth01-rest-evening,synth01,sitting,synth-rest,51841.0,439.0,0.726,99.7,,,0.8468200844891108,1092.6671801910554,0.7731,428.0,179,1,0
1532,pi4b-01,2026-07-27 04:38:58.929600+00:00,30.4,65.0,83.2,98.7,True,synth01-rest-evening,synth01,sitting,synth-rest,52272.0,503.0,0.814,99.6,,,0.9622742577288032,1041.4879526694317,0.7804,431.0,180,1,0
1533,pi4b-01,2026-07-27 04:38:59.929600+00:00,28.6,63.0,,96.5,True,synth01-rest-evening,synth01,sitting,synth-rest,50771.0,566.0,0.673,99.9,,,1.1148096354217958,951.2346596806615,0.7762,1501.0,181,0,0
1534,pi4b-01,2026-07-27 04:39:00.929600+00:00,28.6,71.0,84.6,99.8,True,synth01-rest-evening,synth01,sitting,synth-rest,51463.0,560.0,0.773,99.7,,,1.0881604259370812,945.3845131890959,0.7654,692.0,182,1,0
1535,pi4b-01,2026-07-27 04:39:01.929600+00:00,28.3,71.0,85.8,97.2,True,synth01-rest-evening,synth01,sitting,synth-rest,52643.0,400.0,0.803,99.7,,,0.7598351157798757,929.8115460194714,0.7729,1180.0,183,1,0
1536,pi4b-01,2026-07-27 04:39:02.929600+00:00,28.9,72.0,,95.4,True,synth01-rest-evening,synth01,sitting,synth-rest,50762.0,490.0,0.741,99.6,,,0.9652889957054489,944.9081142864911,0.768,1881.0,184,0,0
1537,pi4b-01,2026-07-27 04:39:03.929600+00:00,27.8,67.0,84.4,95.8,True,synth01-rest-evening,synth01,sitting,synth-rest,52159.0,635.0,0.761,99.6,,,1.2174313157844283,965.3965736651712,0.7710999999999999,1397.0,185,1,0
1538,pi4b-01,2026-07-27 04:39:04.929600+00:00,27.9,62.0,83.7,97.0,True,synth01-rest-evening,synth01,sitting,synth-rest,51858.0,608.0,0.721,99.8,,,1.1724324115854834,922.0777805225224,0.7654,301.0,186,1,0
1539,pi4b-01,2026-07-27 04:39:05.929600+00:00,30.5,66.0,86.4,99.2,True,synth01-rest-evening,synth01,sitting,synth-rest,51681.0,578.0,0.826,99.7,,,1.118399411776088,627.4674759167532,0.7532,177.0,187,1,0
1540,pi4b-01,2026-07-27 04:39:06.929600+00:00,26.5,66.0,87.7,97.3,True,synth01-rest-evening,synth01,sitting,synth-rest,51959.0,542.0,0.711,99.6,,,1.0431301603187129,607.5201779913773,0.7548999999999999,278.0,188,1,0
1541,pi4b-01,2026-07-27 04:39:07.929600+00:00,30.2,70.0,88.0,97.1,True,synth01-rest-evening,synth01,sitting,synth-rest,52882.0,555.0,0.618,99.5,,,1.0495064483188987,707.5346870177752,0.7441,923.0,189,1,0
1542,pi4b-01,2026-07-27 04:39:08.929600+00:00,28.2,63.0,82.5,96.3,True,synth01-rest-evening,synth01,sitting,synth-rest,50330.0,475.0,0.762,99.9,,,0.9437711106695809,832.7469670380789,0.7389,2552.0,190,1,0
1543,pi4b-01,2026-07-27 04:39:09.929600+00:00,30.3,72.0,84.1,94.4,True,synth01-rest-evening,synth01,sitting,synth-rest,52049.0,467.0,0.738,99.6,,,0.8972314549751196,779.0588624174159,0.7454,1719.0,191,1,0
1544,pi4b-01,2026-07-27 04:39:10.929600+00:00,27.8,63.0,83.0,94.4,True,synth01-rest-evening,synth01,sitting,synth-rest,51033.0,514.0,0.7,99.5,,,1.0071914251562715,809.6789761655244,0.7381,1016.0,192,1,0
1545,pi4b-01,2026-07-27 04:39:11.929600+00:00,26.6,67.0,83.5,94.0,True,synth01-rest-evening,synth01,sitting,synth-rest,52147.0,548.0,0.619,99.5,,,1.0508754098989395,761.6862871287682,0.7197,1114.0,193,1,0
1546,pi4b-01,2026-07-27 04:39:12.929600+00:00,28.7,73.0,80.4,98.7,True,synth01-rest-evening,synth01,sitting,synth-rest,52862.0,714.0,0.742,99.4,,,1.3506866936551776,768.0924423531382,0.7198,715.0,194,1,0
1547,pi4b-01,2026-07-27 04:39:13.929600+00:00,30.2,63.0,83.1,99.3,True,synth01-rest-evening,synth01,sitting,synth-rest,49980.0,795.0,0.807,99.6,,,1.5906362545018007,968.2043459701914,0.7243999999999999,2882.0,195,1,0
1548,pi4b-01,2026-07-27 04:39:14.929600+00:00,30.0,65.0,82.8,97.0,True,synth01-rest-evening,synth01,sitting,synth-rest,50258.0,726.0,0.827,99.4,,,1.444546141907756,1062.7583032426157,0.735,278.0,196,1,0
1549,pi4b-01,2026-07-27 04:39:15.929600+00:00,27.9,70.0,86.5,97.6,True,synth01-rest-evening,synth01,sitting,synth-rest,52065.0,793.0,0.795,99.9,,,1.5230961298377028,1076.1512956416134,0.7318999999999999,1807.0,197,1,0
1550,pi4b-01,2026-07-27 04:39:16.929600+00:00,30.0,68.0,81.3,96.4,True,synth01-rest-evening,synth01,sitting,synth-rest,50857.0,587.0,0.75,99.4,,,1.15421672532788,1086.7263838397168,0.7358,1208.0,198,1,0
1551,pi4b-01,2026-07-27 04:39:17.929600+00:00,27.2,64.0,86.3,97.2,True,synth01-rest-evening,synth01,sitting,synth-rest,50911.0,582.0,0.695,99.8,,,1.1431714167861562,969.8565529671653,0.7434999999999999,54.0,199,1,0
1552,pi4b-01,2026-07-27 04:39:18.929600+00:00,26.7,63.0,84.2,97.5,True,synth01-rest-evening,synth01,sitting,synth-rest,52513.0,599.0,0.653,99.8,,,1.1406699293508273,985.5234649667223,0.7326,1602.0,200,1,0
1553,pi4b-01,2026-07-27 04:39:19.929600+00:00,26.6,71.0,87.3,96.9,True,synth01-rest-evening,synth01,sitting,synth-rest,50729.0,547.0,0.697,99.9,,,1.0782786966035207,987.3819760693849,0.7285,1784.0,201,1,0
1554,pi4b-01,2026-07-27 04:39:20.929600+00:00,27.9,73.0,84.9,98.3,True,synth01-rest-evening,synth01,sitting,synth-rest,51821.0,577.0,0.697,99.8,,,1.113448215974219,991.9911569946433,0.7282,1092.0,202,1,0
1555,pi4b-01,2026-07-27 04:39:21.929600+00:00,26.4,73.0,84.8,96.9,True,synth01-rest-evening,synth01,sitting,synth-rest,52481.0,618.0,0.779,99.4,,,1.1775690249804691,1024.4924000585818,0.7442,660.0,203,1,0
1556,pi4b-01,2026-07-27 04:39:22.929600+00:00,29.5,66.0,84.2,97.2,True,synth01-rest-evening,synth01,sitting,synth-rest,52944.0,584.0,0.889,99.8,,,1.1030522816560895,1037.3180643692083,0.7588999999999999,463.0,204,1,0
1557,pi4b-01,2026-07-27 04:39:23.929600+00:00,29.0,69.0,87.5,99.5,True,synth01-rest-evening,synth01,sitting,synth-rest,51094.0,662.0,0.724,99.7,,,1.295651152777234,913.6526266706809,0.7506,1850.0,205,1,0
1558,pi4b-01,2026-07-27 04:39:24.929600+00:00,28.0,71.0,83.9,99.0,True,synth01-rest-evening,synth01,sitting,synth-rest,51537.0,588.0,0.693,99.5,,,1.1409278770592002,791.3362538558916,0.7372,443.0,206,1,0
1559,pi4b-01,2026-07-27 04:39:25.929600+00:00,26.4,73.0,83.6,100.0,True,synth01-rest-evening,synth01,sitting,synth-rest,52923.0,400.0,0.732,99.4,,,0.7558150520567617,877.6890109828236,0.7309,1386.0,207,1,0
1560,pi4b-01,2026-07-27 04:39:26.929600+00:00,30.6,63.0,81.0,97.0,True,synth01-rest-evening,synth01,sitting,synth-rest,52295.0,436.0,0.74,99.9,,,0.8337317143130318,825.7439473993547,0.7299,628.0,208,1,0
1561,pi4b-01,2026-07-27 04:39:27.929600+00:00,26.5,67.0,81.2,100.0,True,synth01-rest-evening,synth01,sitting,synth-rest,51389.0,511.0,0.812,99.5,,,0.9943762283757225,772.6664078227924,0.7416,906.0,209,1,0
1562,pi4b-01,2026-07-27 04:39:28.929600+00:00,28.3,68.0,81.0,97.2,True,synth01-rest-evening,synth01,sitting,synth-rest,52755.0,509.0,0.8,99.4,,,0.9648374561652924,794.9410600094122,0.7563,1366.0,210,1,0
1563,pi4b-01,2026-07-27 04:39:29.929600+00:00,29.3,63.0,80.4,96.7,True,synth01-rest-evening,synth01,sitting,synth-rest,52713.0,548.0,0.641,99.5,,,1.0395917515603361,683.0797578288694,0.7506999999999999,42.0,211,1,0
1564,pi4b-01,2026-07-27 04:39:30.929600+00:00,26.2,73.0,84.1,95.7,True,synth01-rest-evening,synth01,sitting,synth-rest,51126.0,414.0,0.774,99.5,,,0.8097641121934045,756.7651991646159,0.7584000000000001,1587.0,212,1,0
1565,pi4b-01,2026-07-27 04:39:31.929600+00:00,26.3,63.0,81.6,98.5,True,synth01-rest-evening,synth01,sitting,synth-rest,52228.0,356.0,0.822,99.7,,,0.681626713640193,747.7424095977881,0.7626999999999999,1102.0,213,1,0
1566,pi4b-01,2026-07-27 04:39:32.929600+00:00,28.5,64.0,84.3,94.0,True,synth01-rest-evening,synth01,sitting,synth-rest,51802.0,401.0,0.695,99.7,,,0.7741013860468708,689.5275032787141,0.7433,426.0,214,1,0
1567,pi4b-01,2026-07-27 04:39:33.929600+00:00,30.4,69.0,85.3,100.0,True,synth01-rest-evening,synth01,sitting,synth-rest,53663.0,460.0,0.566,99.7,,,0.8572014236997558,791.2504098647271,0.7275,1861.0,215,1,0
1568,pi4b-01,2026-07-27 04:39:34.929600+00:00,29.0,70.0,89.1,94.8,True,synth01-rest-evening,synth01,sitting,synth-rest,53437.0,403.0,0.523,99.5,,,0.7541591032430713,830.0277706197421,0.7105,226.0,216,1,0
1569,pi4b-01,2026-07-27 04:39:35.929600+00:00,26.4,73.0,90.2,96.2,True,synth01-rest-evening,synth01,sitting,synth-rest,53231.0,290.0,0.703,99.7,,,0.5447953260318236,855.5486154119541,0.7076,206.0,217,1,0
1570,pi4b-01,2026-07-27 04:39:36.929600+00:00,29.9,70.0,87.5,97.6,True,synth01-rest-evening,synth01,sitting,synth-rest,52101.0,233.0,0.665,99.5,,,0.4472083069422852,861.9794081067013,0.7001,1130.0,218,1,0
1571,pi4b-01,2026-07-27 04:39:37.929600+00:00,29.0,63.0,,97.3,True,synth01-rest-evening,synth01,sitting,synth-rest,53423.0,298.0,0.753,99.7,,,0.5578121782752747,824.4016618129612,0.6941999999999999,1322.0,219,0,0
1572,pi4b-01,2026-07-27 04:39:38.929600+00:00,29.0,67.0,79.7,97.0,True,synth01-rest-evening,synth01,sitting,synth-rest,52742.0,342.0,0.738,99.5,,,0.6484395737742217,824.224241332401,0.688,681.0,220,1,0
1573,pi4b-01,2026-07-27 04:39:39.929600+00:00,27.2,71.0,83.4,98.6,True,synth01-rest-evening,synth01,sitting,synth-rest,51679.0,318.0,0.668,99.6,,,0.6153369840747692,878.0683091625218,0.6907,1063.0,221,1,0
1574,pi4b-01,2026-07-27 04:39:40.929600+00:00,29.5,66.0,76.9,94.1,True,synth01-rest-evening,synth01,sitting,synth-rest,53451.0,458.0,0.683,99.6,,,0.8568595536098483,761.1481166997158,0.6816,1772.0,222,1,0
1575,pi4b-01,2026-07-27 04:39:41.929600+00:00,29.5,70.0,81.5,98.7,True,synth01-rest-evening,synth01,sitting,synth-rest,51519.0,380.0,0.884,99.5,,,0.7375919563656127,846.1133099847228,0.6878,1932.0,223,1,0
1576,pi4b-01,2026-07-27 04:39:42.929600+00:00,28.8,68.0,84.7,98.3,True,synth01-rest-evening,synth01,sitting,synth-rest,50375.0,358.0,0.694,99.8,,,0.7106699751861042,1098.1022468078365,0.6877000000000001,1144.0,224,1,0
1577,pi4b-01,2026-07-27 04:39:43.929600+00:00,30.8,71.0,88.5,97.8,True,synth01-rest-evening,synth01,sitting,synth-rest,50363.0,518.0,0.743,99.8,,,1.0285328514981236,1219.6318615786336,0.7053999999999999,12.0,225,1,0
1578,pi4b-01,2026-07-27 04:39:44.929600+00:00,29.1,71.0,83.8,95.0,True,synth01-rest-evening,synth01,sitting,synth-rest,51095.0,380.0,0.648,99.8,,,0.7437126920442313,1186.977155073617,0.7179,732.0,226,1,0
1579,pi4b-01,2026-07-27 04:39:45.929600+00:00,28.0,64.0,87.3,98.9,True,synth01-rest-evening,synth01,sitting,synth-rest,50753.0,391.0,0.773,99.4,,,0.7703978089965124,1159.2825798742924,0.7249000000000001,342.0,227,1,0
1580,pi4b-01,2026-07-27 04:39:46.929600+00:00,26.3,65.0,85.2,98.0,True,synth01-rest-evening,synth01,sitting,synth-rest,52180.0,513.0,0.806,99.8,,,0.9831353008815639,1162.2049924365492,0.739,1427.0,228,1,0
1581,pi4b-01,2026-07-27 04:39:47.929600+00:00,29.4,71.0,89.2,97.2,True,synth01-rest-evening,synth01,sitting,synth-rest,50637.0,522.0,0.628,99.8,,,1.030866757509331,1046.938414828897,0.7265,1543.0,229,1,0
1582,pi4b-01,2026-07-27 04:39:48.929600+00:00,26.3,72.0,85.3,96.2,True,synth01-rest-evening,synth01,sitting,synth-rest,51051.0,523.0,0.749,99.8,,,1.0244657303480833,952.6652729171067,0.7276,414.0,230,1,0
1583,pi4b-01,2026-07-27 04:39:49.929600+00:00,27.4,62.0,89.8,100.0,True,synth01-rest-evening,synth01,sitting,synth-rest,49856.0,570.0,0.821,99.6,,,1.1432926829268293,1044.2890191683346,0.7429,1195.0,231,1,0
1584,pi4b-01,2026-07-27 04:39:50.929600+00:00,29.7,64.0,83.4,97.4,True,synth01-rest-evening,synth01,sitting,synth-rest,51131.0,522.0,0.687,99.7,,,1.0209070818094699,656.6155648475068,0.7433,1275.0,232,1,0
1585,pi4b-01,2026-07-27 04:39:51.929600+00:00,26.7,68.0,86.2,98.3,True,synth01-rest-evening,synth01,sitting,synth-rest,50964.0,434.0,0.765,99.7,,,0.851581508515815,620.5721822103733,0.7314,167.0,233,1,0
1586,pi4b-01,2026-07-27 04:39:52.929600+00:00,27.5,73.0,86.9,95.8,True,synth01-rest-evening,synth01,sitting,synth-rest,52861.0,470.0,0.678,99.6,,,0.8891243071451542,863.6935477612703,0.7298,1897.0,234,1,0
1587,pi4b-01,2026-07-27 04:39:53.929600+00:00,30.6,73.0,,98.4,True,synth01-rest-evening,synth01,sitting,synth-rest,53313.0,331.0,0.816,99.4,,,0.6208617035244687,1067.8097468910607,0.7371000000000001,452.0,235,0,0
1588,pi4b-01,2026-07-27 04:39:54.929600+00:00,28.0,68.0,87.9,98.8,True,synth01-rest-evening,synth01,sitting,synth-rest,52026.0,331.0,0.838,99.9,,,0.6362203513627801,1080.3157768808949,0.7561,1287.0,236,1,0
1589,pi4b-01,2026-07-27 04:39:55.929600+00:00,30.7,66.0,86.8,97.1,True,synth01-rest-evening,synth01,sitting,synth-rest,50401.0,363.0,0.824,99.8,,,0.7202238050832325,1111.8098358582306,0.7612,1625.0,237,1,0
1590,pi4b-01,2026-07-27 04:39:56.929600+00:00,30.4,73.0,88.3,98.6,True,synth01-rest-evening,synth01,sitting,synth-rest,51670.0,499.0,0.805,99.6,,,0.9657441455389975,1085.5833045469644,0.7611,1269.0,238,1,0
1591,pi4b-01,2026-07-27 04:39:57.929600+00:00,27.9,69.0,86.0,95.0,True,synth01-rest-evening,synth01,sitting,synth-rest,52273.0,364.0,0.731,99.5,,,0.6963441929868192,1082.5986431832498,0.7714,603.0,239,1,0
1592,pi4b-01,2026-07-27 04:39:58.929600+00:00,28.6,65.0,86.8,96.8,True,synth01-rest-evening,synth01,sitting,synth-rest,51204.0,498.0,0.809,99.8,,,0.9725802671666277,1075.7501207168013,0.7774,1069.0,240,1,0
1593,pi4b-01,2026-07-27 04:39:59.929600+00:00,30.8,72.0,90.7,100.0,True,synth01-rest-evening,synth01,sitting,synth-rest,51926.0,354.0,0.784,99.9,,,0.68173939837461,892.9357884093394,0.7737,722.0,241,1,0
1594,pi4b-01,2026-07-27 04:40:00.929600+00:00,27.8,69.0,93.1,96.0,True,synth01-rest-evening,synth01,sitting,synth-rest,50790.0,449.0,0.691,99.9,,,0.8840322898208309,926.2328480942986,0.7741,1136.0,242,1,0
1595,pi4b-01,2026-07-27 04:40:01.929600+00:00,26.9,67.0,91.6,98.4,True,synth01-rest-evening,synth01,sitting,synth-rest,52674.0,358.0,0.754,99.8,,,0.6796522003265368,924.3231517650482,0.7729999999999999,1884.0,243,1,0
1596,pi4b-01,2026-07-27 04:40:02.929600+00:00,26.2,68.0,93.9,97.7,True,synth01-rest-evening,synth01,sitting,synth-rest,50751.0,340.0,0.779,99.6,,,0.6699375381765876,924.906337600366,0.7830999999999999,1923.0,244,1,0
1597,pi4b-01,2026-07-27 04:40:03.929600+00:00,30.7,67.0,,97.4,True,synth01-rest-evening,synth01,sitting,synth-rest,51427.0,336.0,0.751,99.5,,,0.6533532969062944,732.3241237472755,0.7766,676.0,245,0,0
1598,pi4b-01,2026-07-27 04:40:04.929600+00:00,29.1,65.0,91.6,98.3,True,synth01-rest-evening,synth01,sitting,synth-rest,51165.0,333.0,0.861,99.5,,,0.6508355321020229,715.8954687817326,0.7788999999999999,262.0,246,1,0
1599,pi4b-01,2026-07-27 04:40:05.929600+00:00,28.8,71.0,91.2,95.8,True,synth01-rest-evening,synth01,sitting,synth-rest,52901.0,313.0,0.706,99.8,,,0.5916712349482997,752.9244391777324,0.7671,1736.0,247,1,0
1600,pi4b-01,2026-07-27 04:40:06.929600+00:00,30.8,69.0,89.2,95.6,True,synth01-rest-evening,synth01,sitting,synth-rest,50268.0,289.0,0.829,99.6,,,0.5749184371767327,875.2023829441424,0.7695000000000001,2633.0,248,1,0
1601,pi4b-01,2026-07-27 04:40:07.929600+00:00,26.5,66.0,90.3,96.4,True,synth01-rest-evening,synth01,sitting,synth-rest,51663.0,289.0,0.703,99.6,,,0.5593945376768674,838.7742975450652,0.7666999999999999,1395.0,249,1,0
1602,pi4b-01,2026-07-27 04:40:08.929600+00:00,26.0,69.0,89.8,97.0,True,synth01-rest-evening,synth01,sitting,synth-rest,52470.0,329.0,0.654,99.8,,,0.6270249666476081,887.1539074791636,0.7512000000000001,807.0,250,1,0
1603,pi4b-01,2026-07-27 04:40:09.929600+00:00,29.2,65.0,90.2,98.2,True,synth01-rest-evening,synth01,sitting,synth-rest,51121.0,414.0,0.627,99.7,,,0.8098433129242386,891.1525620727816,0.7354999999999999,1349.0,251,1,0
1604,pi4b-01,2026-07-27 04:40:10.929600+00:00,28.8,62.0,88.1,100.0,True,synth01-rest-evening,synth01,sitting,synth-rest,50782.0,354.0,0.746,99.9,,,0.6970973967153715,891.8869883567052,0.7409999999999999,339.0,252,1,0
1605,pi4b-01,2026-07-27 04:40:11.929600+00:00,28.1,71.0,89.9,98.6,True,synth01-rest-evening,synth01,sitting,synth-rest,50107.0,370.0,0.707,99.8,,,0.7384197816672321,892.9576635478774,0.7363,675.0,253,1,0
1606,pi4b-01,2026-07-27 04:40:12.929600+00:00,26.0,69.0,91.9,96.5,True,synth01-rest-evening,synth01,sitting,synth-rest,51903.0,340.0,0.724,99.4,,,0.6550681078165038,893.5165297233648,0.7308,1796.0,254,1,0
1607,pi4b-01,2026-07-27 04:40:13.929600+00:00,30.6,66.0,88.4,98.0,True,synth01-rest-evening,synth01,sitting,synth-rest,52802.0,359.0,0.755,99.9,,,0.6798984886936101,1000.7904431553627,0.7312,899.0,255,1,0
1608,pi4b-01,2026-07-27 04:40:14.929600+00:00,28.5,66.0,94.2,99.8,True,synth01-rest-evening,synth01,sitting,synth-rest,53147.0,360.0,0.761,99.4,,,0.677366549381903,1113.0359083755259,0.7212,345.0,256,1,0
1609,pi4b-01,2026-07-27 04:40:15.929600+00:00,30.3,70.0,86.5,97.9,True,synth01-rest-evening,synth01,sitting,synth-rest,51464.0,368.0,0.703,99.5,,,0.7150629566298772,1032.987689503928,0.7209,1683.0,257,1,0
1610,pi4b-01,2026-07-27 04:40:16.929600+00:00,26.8,73.0,81.2,96.2,True,synth01-rest-evening,synth01,sitting,synth-rest,53206.0,347.0,0.693,99.4,,,0.6521820847272864,1038.4718741176055,0.7072999999999999,1742.0,258,1,0
1611,pi4b-01,2026-07-27 04:40:17.929600+00:00,27.3,67.0,84.5,97.1,True,synth01-rest-evening,synth01,sitting,synth-rest,51111.0,349.0,0.741,99.4,,,0.6828275713642856,1064.8271690748682,0.7111,2095.0,259,1,0
1612,pi4b-01,2026-07-27 04:40:18.929600+00:00,29.6,72.0,85.2,95.9,True,synth01-rest-evening,synth01,sitting,synth-rest,51835.0,331.0,0.821,99.5,,,0.6385646763769653,1039.8218650860872,0.7278,724.0,260,1,0
1613,pi4b-01,2026-07-27 04:40:19.929600+00:00,30.2,72.0,82.2,98.3,True,synth01-rest-evening,synth01,sitting,synth-rest,51768.0,349.0,0.71,99.8,,,0.6741616442590017,1016.351563190611,0.7361,67.0,261,1,0
1614,pi4b-01,2026-07-27 04:40:20.929600+00:00,28.6,67.0,81.6,97.4,True,synth01-rest-evening,synth01,sitting,synth-rest,51324.0,281.0,0.732,99.5,,,0.5475021432468241,968.6221657591776,0.7347,444.0,262,1,0
1615,pi4b-01,2026-07-27 04:40:21.929600+00:00,30.7,69.0,88.8,97.0,True,synth01-rest-evening,synth01,sitting,synth-rest,51422.0,291.0,0.788,99.8,,,0.5659056434988916,772.6111282887117,0.7428,98.0,263,1,0
1616,pi4b-01,2026-07-27 04:40:22.929600+00:00,28.7,65.0,90.0,96.8,True,synth01-rest-evening,synth01,sitting,synth-rest,51202.0,299.0,0.874,99.4,,,0.5839615640014062,812.9563948945848,0.7578,220.0,264,1,0
1617,pi4b-01,2026-07-27 04:40:23.929600+00:00,27.6,62.0,91.7,95.8,True,synth01-rest-evening,synth01,sitting,synth-rest,52853.0,343.0,0.747,99.5,,,0.6489697841182146,819.1839842184419,0.757,1651.0,265,1,0
1618,pi4b-01,2026-07-27 04:40:24.929600+00:00,27.8,73.0,90.6,93.5,True,synth01-rest-evening,synth01,sitting,synth-rest,51785.0,357.0,0.726,99.5,,,0.6893888191561264,699.4211892700988,0.7535000000000001,1068.0,266,1,0
1619,pi4b-01,2026-07-27 04:40:25.929600+00:00,26.0,67.0,,100.0,True,synth01-rest-evening,synth01,sitting,synth-rest,51280.0,245.0,0.648,99.6,,,0.47776911076443057,711.4714330175169,0.748,505.0,267,0,0
1620,pi4b-01,2026-07-27 04:40:26.929600+00:00,29.9,69.0,93.0,97.1,True,synth01-rest-evening,synth01,sitting,synth-rest,51182.0,306.0,0.524,99.5,,,0.5978664374194053,523.293798931342,0.7311,98.0,268,1,0
1621,pi4b-01,2026-07-27 04:40:27.929600+00:00,28.0,72.0,91.2,97.3,True,synth01-rest-evening,synth01,sitting,synth-rest,51756.0,265.0,0.576,99.8,,,0.5120179302882758,498.7586924889929,0.7146,574.0,269,1,0
1622,pi4b-01,2026-07-27 04:40:28.929600+00:00,27.5,70.0,87.4,93.6,True,synth01-rest-evening,synth01,sitting,synth-rest,52215.0,179.0,0.628,99.6,,,0.34281336780618593,528.7795276756519,0.6952999999999999,459.0,270,1,0
1623,pi4b-01,2026-07-27 04:40:29.929600+00:00,30.7,72.0,86.0,95.5,True,synth01-rest-evening,synth01,sitting,synth-rest,53143.0,206.0,0.62,99.5,,,0.38763336657697156,704.241719866125,0.6862999999999999,928.0,271,1,0
1624,pi4b-01,2026-07-27 04:40:30.929600+00:00,26.3,73.0,86.9,96.0,True,synth01-rest-evening,synth01,sitting,synth-rest,53491.0,262.0,0.637,99.5,,,0.4898020227701856,853.535972033725,0.6768,348.0,272,1,0
1625,pi4b-01,2026-07-27 04:40:31.929600+00:00,29.6,72.0,87.9,95.8,True,synth01-rest-evening,synth01,sitting,synth-rest,52384.0,202.0,0.647,99.6,,,0.3856139279169212,830.9459736415552,0.6627000000000001,1107.0,273,1,0
1626,pi4b-01,2026-07-27 04:40:32.929600+00:00,26.9,68.0,90.7,97.9,True,synth01-rest-evening,synth01,sitting,synth-rest,52065.0,213.0,0.644,99.5,,,0.40910400460962254,766.2577460184888,0.6397,319.0,274,1,0
1627,pi4b-01,2026-07-27 04:40:33.929600+00:00,29.5,70.0,94.4,95.4,True,synth01-rest-evening,synth01,sitting,synth-rest,53800.0,299.0,0.517,99.7,,,0.5557620817843867,900.5616087259733,0.6167,1735.0,275,1,0
1628,pi4b-01,2026-07-27 04:40:34.929600+00:00,27.9,70.0,90.2,94.9,True,synth01-rest-evening,synth01,sitting,synth-rest,52403.0,242.0,0.419,99.6,,,0.4618056218155449,881.5270147748053,0.5860000000000001,1397.0,276,1,0
1629,pi4b-01,2026-07-27 04:40:35.929600+00:00,30.8,64.0,,95.2,True,synth01-rest-evening,synth01,sitting,synth-rest,52043.0,244.0,0.519,99.5,,,0.4688430720750149,806.3306187083982,0.5730999999999999,360.0,277,0,0
1630,pi4b-01,2026-07-27 04:40:36.929600+00:00,30.5,71.0,94.1,96.6,True,synth01-rest-evening,synth01,sitting,synth-rest,51999.0,309.0,0.56,99.5,,,0.5942421969653263,697.8770108136699,0.5767,44.0,278,1,0
1631,pi4b-01,2026-07-27 04:40:37.929600+00:00,30.7,63.0,88.9,96.2,True,synth01-rest-evening,synth01,sitting,synth-rest,52017.0,253.0,0.721,99.7,,,0.48637945287117673,670.0434480108158,0.5912,18.0,279,1,0
1632,pi4b-01,2026-07-27 04:40:38.929600+00:00,30.3,64.0,80.9,96.1,True,synth01-rest-evening,synth01,sitting,synth-rest,53792.0,290.0,0.654,99.8,,,0.5391136228435455,760.3614710561461,0.5938000000000001,1775.0,280,1,0
1633,pi4b-01,2026-07-27 04:40:39.929600+00:00,26.6,68.0,84.7,96.5,True,synth01-rest-evening,synth01,sitting,synth-rest,54199.0,396.0,0.643,99.9,,,0.7306407867303825,889.0475615323769,0.5961000000000001,407.0,281,1,0
1634,pi4b-01,2026-07-27 04:40:40.929600+00:00,30.6,63.0,82.4,95.6,True,synth01-rest-evening,synth01,sitting,synth-rest,52589.0,322.0,0.727,99.5,,,0.6122953469356709,858.5612577640181,0.6051,1610.0,282,1,0
1635,pi4b-01,2026-07-27 04:40:41.929600+00:00,29.7,64.0,82.5,98.1,True,synth01-rest-evening,synth01,sitting,synth-rest,52479.0,335.0,0.724,99.8,,,0.6383505783265687,854.8359426749018,0.6128,110.0,283,1,0
1636,pi4b-01,2026-07-27 04:40:42.929600+00:00,27.9,71.0,,95.2,True,synth01-rest-evening,synth01,sitting,synth-rest,51396.0,446.0,0.648,99.5,,,0.8677718110358782,935.757690620577,0.6132,1083.0,284,0,0
1637,pi4b-01,2026-07-27 04:40:43.929600+00:00,26.3,63.0,88.0,96.9,True,synth01-rest-evening,synth01,sitting,synth-rest,52164.0,354.0,0.715,99.7,,,0.6786289394985048,856.2081068421529,0.633,768.0,285,1,0
1638,pi4b-01,2026-07-27 04:40:44.929600+00:00,30.5,73.0,84.3,94.9,True,synth01-rest-evening,synth01,sitting,synth-rest,53367.0,281.0,0.57,99.8,,,0.5265426199711433,896.3856127061989,0.6481,1203.0,286,1,0
1639,pi4b-01,2026-07-27 04:40:45.929600+00:00,27.4,63.0,87.6,96.5,True,synth01-rest-evening,synth01,sitting,synth-rest,54450.0,277.0,0.565,99.4,,,0.5087235996326905,1040.4479590808737,0.6527,1083.0,287,1,0
1640,pi4b-01,2026-07-27 04:40:46.929600+00:00,30.3,71.0,88.7,96.9,True,synth01-rest-evening,synth01,sitting,synth-rest,54509.0,430.0,0.73,99.8,,,0.7888605551376836,1113.7999820434536,0.6697,59.0,288,1,0
1641,pi4b-01,2026-07-27 04:40:47.929600+00:00,31.0,67.0,85.1,95.5,True,synth01-rest-evening,synth01,sitting,synth-rest,53517.0,328.0,0.802,99.6,,,0.6128893622587215,1051.5783692462787,0.6778,992.0,289,1,0
1642,pi4b-01,2026-07-27 04:40:48.929600+00:00,28.0,68.0,88.5,98.3,True,synth01-rest-evening,synth01,sitting,synth-rest,53464.0,385.0,0.777,99.8,,,0.7201107287146491,1037.6862296046465,0.6900999999999999,53.0,290,1,0
1643,pi4b-01,2026-07-27 04:40:49.929600+00:00,29.5,67.0,87.3,94.8,True,synth01-rest-evening,synth01,sitting,synth-rest,54249.0,354.0,0.683,99.5,,,0.6525465907205662,1043.069423491178,0.6940999999999999,785.0,291,1,0
1644,pi4b-01,2026-07-27 04:40:50.929600+00:00,29.4,68.0,91.5,97.5,True,synth01-rest-evening,synth01,sitting,synth-rest,55303.0,227.0,0.568,99.5,,,0.4104659783375224,1202.0712495059847,0.6782,1054.0,292,1,0
1645,pi4b-01,2026-07-27 04:40:51.929600+00:00,28.1,73.0,86.4,97.5,True,synth01-rest-evening,synth01,sitting,synth-rest,54720.0,235.0,0.482,99.4,,,0.4294590643274854,1201.584366113705,0.6539999999999999,583.0,293,1,0
1646,pi4b-01,2026-07-27 04:40:52.929600+00:00,26.6,64.0,93.9,96.7,True,synth01-rest-evening,synth01,sitting,synth-rest,55466.0,149.0,0.407,99.8,,,0.2686330364547651,1001.9397242903833,0.6298999999999999,746.0,294,1,0
1647,pi4b-01,2026-07-27 04:40:53.929600+00:00,26.6,66.0,93.5,95.7,True,synth01-rest-evening,synth01,sitting,synth-rest,54147.0,207.0,0.387,99.9,,,0.38229264779212146,731.2807334472074,0.5971,1319.0,295,1,0
1648,pi4b-01,2026-07-27 04:40:54.929600+00:00,30.6,69.0,86.7,91.4,True,synth01-rest-evening,synth01,sitting,synth-rest,55227.0,188.0,0.66,99.4,,,0.34041320368660255,697.9652649746121,0.6061,1080.0,296,1,0
1649,pi4b-01,2026-07-27 04:40:55.929600+00:00,27.7,69.0,89.7,91.0,True,synth01-rest-evening,synth01,sitting,synth-rest,52856.0,186.0,0.67,99.8,,,0.35189950052974117,872.234015489966,0.6166,2371.0,297,1,0
1650,pi4b-01,2026-07-27 04:40:56.929600+00:00,30.5,71.0,,93.9,True,synth01-rest-evening,synth01,sitting,synth-rest,53974.0,160.0,0.615,99.5,,,0.29643902619779894,877.5032826782387,0.6051,1118.0,298,0,0
1651,pi4b-01,2026-07-27 04:40:57.929600+00:00,27.1,65.0,87.0,93.2,True,synth01-rest-evening,synth01,sitting,synth-rest,54666.0,197.0,0.591,99.6,,,0.36037024841766363,839.090089190517,0.584,692.0,299,1,0
1652,pi4b-01,2026-07-27 04:40:58.929600+00:00,29.4,71.0,84.4,92.2,True,synth01-rest-evening,synth01,sitting,synth-rest,55794.0,246.0,0.511,99.5,,,0.4409076244757501,870.9731211568741,0.5574,1128.0,300,1,0
1653,pi4b-01,2026-07-27 04:40:59.929600+00:00,30.9,63.0,85.0,94.9,True,synth01-rest-evening,synth01,sitting,synth-rest,53662.0,243.0,0.557,99.8,,,0.4528344079609407,918.7387792209571,0.5448000000000001,2132.0,301,1,0
1654,pi4b-01,2026-07-27 04:41:00.929600+00:00,27.0,65.0,83.0,97.9,True,synth01-rest-evening,synth01,sitting,synth-rest,54883.0,296.0,0.641,99.6,,,0.539329118306215,891.2805082825581,0.5521,1221.0,302,1,0
1655,pi4b-01,2026-07-27 04:41:01.929600+00:00,26.8,70.0,85.2,97.9,True,synth01-rest-evening,synth01,sitting,synth-rest,52516.0,298.0,0.459,99.4,,,0.567446111661208,1091.6673740455603,0.5498,2367.0,303,1,0
1656,pi4b-01,2026-07-27 04:41:02.929600+00:00,26.9,74.0,82.9,96.1,True,synth01-rest-evening,synth01,sitting,synth-rest,54987.0,323.0,0.719,99.7,,,0.5874115700074564,1045.2753810466393,0.5810000000000001,2471.0,304,1,0
1657,pi4b-01,2026-07-27 04:41:03.929600+00:00,29.7,68.0,82.7,98.7,True,synth01-rest-evening,synth01,sitting,synth-rest,54384.0,255.0,0.777,99.7,,,0.4688879082082965,1044.8331552081397,0.62,603.0,305,1,0
1658,pi4b-01,2026-07-27 04:41:04.929600+00:00,28.6,63.0,82.0,95.5,True,synth01-rest-evening,synth01,sitting,synth-rest,54397.0,300.0,0.68,99.7,,,0.5515010018934867,994.3066204926583,0.622,13.0,306,1,0
1659,pi4b-01,2026-07-27 04:41:05.929600+00:00,30.8,68.0,84.5,97.0,True,synth01-rest-evening,synth01,sitting,synth-rest,53036.0,384.0,0.56,99.9,,,0.7240365035070518,968.3231152644922,0.611,1361.0,307,1,0
1660,pi4b-01,2026-07-27 10:35:59.224677+00:00,29.3,64.0,,,True,synth01-rest-lying,synth01,lying,synth-rest,50649.0,691.0,0.494,99.4,,,1.3642914963770263,0.0,0.494,0.0,0,0,0
1661,pi4b-01,2026-07-27 10:36:00.224677+00:00,27.5,70.0,,,True,synth01-rest-lying,synth01,lying,synth-rest,51152.0,607.0,0.429,99.5,,,1.1866593681576478,355.6747109368334,0.4615,503.0,1,0,0
1662,pi4b-01,2026-07-27 10:36:01.224677+00:00,28.6,67.0,96.8,94.4,True,synth01-rest-lying,synth01,lying,synth-rest,52422.0,349.0,0.709,99.7,,,0.6657510205638855,913.7320905677633,0.5439999999999999,1270.0,2,1,0
1663,pi4b-01,2026-07-27 10:36:02.224677+00:00,28.7,62.0,95.1,95.5,True,synth01-rest-lying,synth01,lying,synth-rest,52432.0,722.0,0.498,99.7,,,1.3770216661580714,904.9413885256153,0.5325,10.0,3,1,0
1664,pi4b-01,2026-07-27 10:36:03.224677+00:00,26.5,71.0,96.1,93.8,True,synth01-rest-lying,synth01,lying,synth-rest,52044.0,1284.0,0.501,99.6,,,2.467143186534471,801.9396486020635,0.5262,388.0,4,1,0
1665,pi4b-01,2026-07-27 10:36:04.224677+00:00,28.1,69.0,94.1,89.8,True,synth01-rest-lying,synth01,lying,synth-rest,53063.0,1675.0,0.585,99.7,,,3.156625143697115,897.9395673800472,0.5359999999999999,1019.0,5,1,0
1666,pi4b-01,2026-07-27 10:36:05.224677+00:00,27.7,73.0,94.3,92.9,True,synth01-rest-lying,synth01,lying,synth-rest,54281.0,1169.0,0.665,99.8,,,2.153608076490853,1200.5286930586628,0.5544285714285714,1218.0,6,1,0
1667,pi4b-01,2026-07-27 10:36:06.224677+00:00,27.7,65.0,93.3,90.3,True,synth01-rest-lying,synth01,lying,synth-rest,52329.0,1252.0,0.601,99.4,,,2.3925547975310058,1111.551168412862,0.56025,1952.0,7,1,0
1668,pi4b-01,2026-07-27 10:36:07.224677+00:00,30.3,63.0,94.3,96.8,True,synth01-rest-lying,synth01,lying,synth-rest,54266.0,494.0,0.566,99.4,,,0.9103305937419379,1229.67272068628,0.5608888888888889,1937.0,8,1,0
1669,pi4b-01,2026-07-27 10:36:08.224677+00:00,29.3,63.0,96.2,99.2,True,synth01-rest-lying,synth01,lying,synth-rest,51817.0,327.0,0.767,99.8,,,0.6310670243356427,1180.1912509796398,0.5814999999999999,2449.0,9,1,0
1670,pi4b-01,2026-07-27 10:36:09.224677+00:00,27.5,63.0,92.9,96.5,True,synth01-rest-lying,synth01,lying,synth-rest,54930.0,278.0,0.885,99.7,,,0.5060986710358638,1231.4532697409004,0.6206,3113.0,10,1,0
1671,pi4b-01,2026-07-27 10:36:10.224677+00:00,27.2,70.0,88.9,98.5,True,synth01-rest-lying,synth01,lying,synth-rest,52899.0,319.0,0.821,99.9,,,0.6030359742150135,1073.9248939184608,0.6597999999999999,2031.0,11,1,0
1672,pi4b-01,2026-07-27 10:36:11.224677+00:00,29.7,64.0,86.3,96.9,True,synth01-rest-lying,synth01,lying,synth-rest,53111.0,311.0,0.923,99.4,,,0.5855660785901226,1051.139043556507,0.6812,212.0,12,1,0
1673,pi4b-01,2026-07-27 10:36:12.224677+00:00,26.8,62.0,86.2,98.4,True,synth01-rest-lying,synth01,lying,synth-rest,53394.0,283.0,0.823,99.7,,,0.5300220998614077,1025.1620142960596,0.7137,283.0,13,1,0
1674,pi4b-01,2026-07-27 10:36:13.224677+00:00,27.7,73.0,83.5,98.6,True,synth01-rest-lying,synth01,lying,synth-rest,54668.0,317.0,0.823,99.8,,,0.5798639057583962,1028.3990578672365,0.7459,1274.0,14,1,0
1675,pi4b-01,2026-07-27 10:36:14.224677+00:00,27.1,70.0,86.1,98.6,True,synth01-rest-lying,synth01,lying,synth-rest,52845.0,352.0,0.946,99.5,,,0.6660989686819946,1040.3628640473894,0.7819999999999999,1823.0,15,1,0
1676,pi4b-01,2026-07-27 10:36:15.224677+00:00,26.6,66.0,88.6,97.1,True,synth01-rest-lying,synth01,lying,synth-rest,53580.0,338.0,0.849,99.7,,,0.6308324001493094,1001.3324955611225,0.8004,735.0,16,1,0
1677,pi4b-01,2026-07-27 10:36:16.224677+00:00,29.7,63.0,89.0,100.0,True,synth01-rest-lying,synth01,lying,synth-rest,52348.0,465.0,0.838,99.8,,,0.8882860854282877,999.1240385680065,0.8240999999999999,1232.0,17,1,0
1678,pi4b-01,2026-07-27 10:36:17.224677+00:00,28.9,69.0,87.2,96.3,True,synth01-rest-lying,synth01,lying,synth-rest,53038.0,426.0,0.769,99.5,,,0.8031977073041969,953.3364801812876,0.8443999999999999,690.0,18,1,0
1679,pi4b-01,2026-07-27 10:36:18.224677+00:00,27.4,66.0,88.3,94.9,True,synth01-rest-lying,synth01,lying,synth-rest,53252.0,396.0,0.748,99.5,,,0.7436340419139187,808.4921837043994,0.8425,214.0,19,1,0
1680,pi4b-01,2026-07-27 10:36:19.224677+00:00,30.6,70.0,88.7,96.9,True,synth01-rest-lying,synth01,lying,synth-rest,53500.0,346.0,0.78,99.5,,,0.6467289719626168,611.5677940070657,0.8320000000000001,248.0,20,1,0
1681,pi4b-01,2026-07-27 10:36:20.224677+00:00,29.8,66.0,86.5,97.2,True,synth01-rest-lying,synth01,lying,synth-rest,52596.0,284.0,0.851,99.6,,,0.5399650163510533,638.5444907496027,0.835,904.0,21,1,0
1682,pi4b-01,2026-07-27 10:36:21.224677+00:00,27.2,68.0,88.7,100.0,True,synth01-rest-lying,synth01,lying,synth-rest,54177.0,436.0,0.794,99.6,,,0.8047695516547613,701.7313192700215,0.8221,1581.0,22,1,0
1683,pi4b-01,2026-07-27 10:36:22.224677+00:00,28.8,74.0,86.3,98.6,True,synth01-rest-lying,synth01,lying,synth-rest,53115.0,431.0,0.816,99.5,,,0.811446860585522,704.8762617966684,0.8214,1062.0,23,1,0
1684,pi4b-01,2026-07-27 10:36:23.224677+00:00,27.6,66.0,83.7,100.0,True,synth01-rest-lying,synth01,lying,synth-rest,53231.0,517.0,0.808,99.7,,,0.9712385639946648,519.9033670896112,0.8199,116.0,24,1,0
1685,pi4b-01,2026-07-27 10:36:24.224677+00:00,30.3,67.0,84.7,100.0,True,synth01-rest-lying,synth01,lying,synth-rest,51746.0,482.0,0.803,99.5,,,0.931472964093843,685.5743820573664,0.8056000000000001,1485.0,25,1,0
1686,pi4b-01,2026-07-27 10:36:25.224677+00:00,26.4,66.0,84.9,96.0,True,synth01-rest-lying,synth01,lying,synth-rest,53446.0,590.0,0.802,99.7,,,1.103917973281443,675.4796567378424,0.8009000000000001,1700.0,26,1,0
1687,pi4b-01,2026-07-27 10:36:26.224677+00:00,28.6,69.0,80.9,99.2,True,synth01-rest-lying,synth01,lying,synth-rest,52884.0,612.0,0.809,99.5,,,1.1572498298162015,634.0298363116195,0.798,562.0,27,1,0
1688,pi4b-01,2026-07-27 10:36:27.224677+00:00,31.0,71.0,83.6,98.6,True,synth01-rest-lying,synth01,lying,synth-rest,52121.0,515.0,0.888,99.4,,,0.9880854166266957,705.9824989961838,0.8099000000000001,763.0,28,1,0
1689,pi4b-01,2026-07-27 10:36:28.224677+00:00,27.6,72.0,,98.7,True,synth01-rest-lying,synth01,lying,synth-rest,52124.0,511.0,0.806,99.7,,,0.9803545391758116,751.1233069358408,0.8157,3.0,29,0,0
1690,pi4b-01,2026-07-27 10:36:29.224677+00:00,30.3,70.0,81.1,99.9,True,synth01-rest-lying,synth01,lying,synth-rest,53402.0,444.0,0.847,99.8,,,0.8314295344743643,742.9328966258663,0.8224,1278.0,30,1,0
1691,pi4b-01,2026-07-27 10:36:30.224677+00:00,29.6,69.0,80.9,96.0,True,synth01-rest-lying,synth01,lying,synth-rest,52902.0,640.0,0.771,99.6,,,1.2097841291444558,736.0131037480915,0.8144,500.0,31,1,0
1692,pi4b-01,2026-07-27 10:36:31.224677+00:00,28.2,65.0,80.7,97.8,True,synth01-rest-lying,synth01,lying,synth-rest,53701.0,521.0,0.737,99.6,,,0.9701867749203926,656.3994041570951,0.8087,799.0,32,1,0
1693,pi4b-01,2026-07-27 10:36:32.224677+00:00,29.1,73.0,79.2,96.9,True,synth01-rest-lying,synth01,lying,synth-rest,51641.0,568.0,0.916,99.8,,,1.0999012412617881,752.9671381349445,0.8187,2060.0,33,1,0
1694,pi4b-01,2026-07-27 10:36:33.224677+00:00,26.5,64.0,79.5,98.3,True,synth01-rest-lying,synth01,lying,synth-rest,51799.0,551.0,0.806,99.4,,,1.0637270989787446,780.6066301993179,0.8185,158.0,34,1,0
1695,pi4b-01,2026-07-27 10:36:34.224677+00:00,28.3,65.0,78.8,95.0,True,synth01-rest-lying,synth01,lying,synth-rest,51794.0,554.0,0.833,99.8,,,1.0696219639340465,775.0595962748938,0.8215,5.0,35,1,0
1696,pi4b-01,2026-07-27 10:36:35.224677+00:00,29.6,62.0,79.3,98.6,True,synth01-rest-lying,synth01,lying,synth-rest,52113.0,429.0,0.767,99.8,,,0.8232110989580335,722.6981004848944,0.818,319.0,36,1,0
1697,pi4b-01,2026-07-27 10:36:36.224677+00:00,30.0,74.0,78.8,98.5,True,synth01-rest-lying,synth01,lying,synth-rest,54116.0,494.0,0.812,99.4,,,0.9128538694655925,890.7382768118833,0.8183,2003.0,37,1,0
1698,pi4b-01,2026-07-27 10:36:37.224677+00:00,27.2,74.0,79.0,98.6,True,synth01-rest-lying,synth01,lying,synth-rest,52690.0,470.0,0.928,99.9,,,0.8920098690453596,876.8425425607884,0.8222999999999999,1426.0,38,1,0
1699,pi4b-01,2026-07-27 10:36:38.224677+00:00,26.2,72.0,79.5,99.3,True,synth01-rest-lying,synth01,lying,synth-rest,51466.0,659.0,0.721,99.9,,,1.2804570007383516,941.2090569522339,0.8138,1224.0,39,1,0
1700,pi4b-01,2026-07-27 10:36:39.224677+00:00,28.2,72.0,79.6,97.4,True,synth01-rest-lying,synth01,lying,synth-rest,53227.0,674.0,0.889,99.8,,,1.2662746350536382,925.357162277249,0.818,1761.0,40,1,0
1701,pi4b-01,2026-07-27 10:36:40.224677+00:00,26.9,70.0,,76.3,True,synth01-rest-lying,synth01,lying,synth-rest,51964.0,3189.0,0.186,99.5,,,6.136940959125548,932.6493267389915,0.7595000000000001,1263.0,41,0,0
1702,pi4b-01,2026-07-27 10:36:41.224677+00:00,29.0,63.0,,79.2,True,synth01-rest-lying,synth01,lying,synth-rest,52254.0,5390.0,0.216,99.5,,,10.31499980862709,822.9844334966542,0.7074,290.0,42,0,0
1703,pi4b-01,2026-07-27 10:36:42.224677+00:00,30.8,63.0,,80.1,True,synth01-rest-lying,synth01,lying,synth-rest,53520.0,5910.0,0.359,99.7,,,11.042600896860986,867.4825710705308,0.6517,1266.0,43,0,0
1704,pi4b-01,2026-07-27 10:36:43.224677+00:00,26.6,73.0,,78.8,True,synth01-rest-lying,synth01,lying,synth-rest,52868.0,4701.0,0.297,99.5,,,8.891957327684043,837.6334122594191,0.6008,652.0,44,0,0
1705,pi4b-01,2026-07-27 10:36:44.224677+00:00,29.1,66.0,,76.7,True,synth01-rest-lying,synth01,lying,synth-rest,52022.0,6682.0,0.253,99.7,,,12.844565760639728,816.0453418775356,0.5428000000000001,846.0,45,0,0
1706,pi4b-01,2026-07-27 10:36:45.224677+00:00,30.7,67.0,,86.4,True,synth01-rest-lying,synth01,lying,synth-rest,52015.0,2924.0,0.255,99.8,,,5.6214553494184365,823.4189968931183,0.49160000000000004,7.0,46,0,0
1707,pi4b-01,2026-07-27 10:36:46.224677+00:00,30.0,63.0,,72.5,True,synth01-rest-lying,synth01,lying,synth-rest,51400.0,2458.0,0.269,99.8,,,4.782101167315175,713.627851972685,0.4373,615.0,47,0,0
1708,pi4b-01,2026-07-27 10:36:47.224677+00:00,30.0,71.0,,76.6,True,synth01-rest-lying,synth01,lying,synth-rest,51930.0,3067.0,0.266,99.6,,,5.906027344502215,712.9885771252943,0.3711,530.0,48,0,0
1709,pi4b-01,2026-07-27 10:36:48.224677+00:00,29.1,63.0,,76.0,True,synth01-rest-lying,synth01,lying,synth-rest,50358.0,2469.0,0.205,99.5,,,4.902895269867747,910.0794592903782,0.3195,1572.0,49,0,0
1710,pi4b-01,2026-07-27 10:36:49.224677+00:00,26.5,74.0,,71.9,True,synth01-rest-lying,synth01,lying,synth-rest,50615.0,3092.0,0.365,99.9,,,6.10886100958214,942.7231477657622,0.2671,257.0,50,0,0
1711,pi4b-01,2026-07-27 10:36:50.224677+00:00,27.9,62.0,83.2,95.6,True,synth01-rest-lying,synth01,lying,synth-rest,48116.0,878.0,0.451,99.5,,,1.8247568376423644,1519.8988855257082,0.2936,2499.0,51,1,0
1712,pi4b-01,2026-07-27 10:36:51.224677+00:00,27.0,67.0,79.2,94.6,True,synth01-rest-lying,synth01,lying,synth-rest,49721.0,741.0,0.43,99.5,,,1.4903159630739526,1591.4771789476556,0.315,1605.0,52,1,0
1713,pi4b-01,2026-07-27 10:36:52.224677+00:00,28.0,68.0,79.2,92.1,True,synth01-rest-lying,synth01,lying,synth-rest,49182.0,733.0,0.42,99.6,,,1.4903826603228822,1494.1920931095847,0.3211,539.0,53,1,0
1714,pi4b-01,2026-07-27 10:36:53.224677+00:00,30.3,72.0,,91.7,True,synth01-rest-lying,synth01,lying,synth-rest,49793.0,828.0,0.345,99.4,,,1.662884341172454,1334.3728281273354,0.32589999999999997,611.0,54,0,0
1715,pi4b-01,2026-07-27 10:36:54.224677+00:00,26.2,69.0,,90.6,True,synth01-rest-lying,synth01,lying,synth-rest,50817.0,800.0,0.329,99.6,,,1.5742763248519194,1233.8013571434385,0.3335,1024.0,55,0,0
1716,pi4b-01,2026-07-27 10:36:55.224677+00:00,28.7,64.0,77.5,90.9,True,synth01-rest-lying,synth01,lying,synth-rest,49010.0,404.0,0.526,99.5,,,0.8243215670271373,1158.9943725297658,0.3606,1807.0,56,1,0
1717,pi4b-01,2026-07-27 10:36:56.224677+00:00,30.6,74.0,,78.6,True,synth01-rest-lying,synth01,lying,synth-rest,50738.0,7842.0,0.075,99.6,,,15.45587133903583,1093.1581160412145,0.34120000000000006,1728.0,57,0,0
1718,pi4b-01,2026-07-27 10:36:57.224677+00:00,27.8,62.0,,78.1,True,synth01-rest-lying,synth01,lying,synth-rest,50647.0,7889.0,0.119,99.7,,,15.576440855332004,904.0587554652897,0.3265,91.0,58,0,0
1719,pi4b-01,2026-07-27 10:36:58.224677+00:00,28.2,72.0,,77.7,True,synth01-rest-lying,synth01,lying,synth-rest,52341.0,6482.0,0.058,99.6,,,12.38417301923922,1188.490078488994,0.31179999999999997,1694.0,59,0,0
1720,pi4b-01,2026-07-27 10:36:59.224677+00:00,30.3,62.0,,78.5,True,synth01-rest-lying,synth01,lying,synth-rest,51069.0,6409.0,0.085,99.4,,,12.549687677455989,1218.7205677358245,0.2838,1272.0,60,0,0
1721,pi4b-01,2026-07-27 10:37:00.224677+00:00,28.0,72.0,,92.0,True,synth01-rest-lying,synth01,lying,synth-rest,51087.0,979.0,0.312,99.6,,,1.9163387946052812,1014.6079976468694,0.2699,18.0,61,0,0
1722,pi4b-01,2026-07-27 10:37:01.224677+00:00,29.4,72.0,,80.7,True,synth01-rest-lying,synth01,lying,synth-rest,54300.0,6045.0,0.01,99.5,,,11.132596685082872,1547.2628305064245,0.2279,3213.0,62,0,0
1723,pi4b-01,2026-07-27 10:37:02.224677+00:00,28.2,70.0,,83.1,True,synth01-rest-lying,synth01,lying,synth-rest,53472.0,7263.0,0.114,99.5,,,13.582809694793538,1611.8718724927867,0.19729999999999998,828.0,63,0,0
1724,pi4b-01,2026-07-27 10:37:03.224677+00:00,30.2,66.0,,82.1,True,synth01-rest-lying,synth01,lying,synth-rest,51045.0,7773.0,0.207,99.7,,,15.227740229209521,1525.7710036422966,0.1835,2427.0,64,0,0
1725,pi4b-01,2026-07-27 10:37:04.224677+00:00,28.1,68.0,,78.7,True,synth01-rest-lying,synth01,lying,synth-rest,51000.0,9503.0,0.023,99.6,,,18.633333333333333,1518.3801639320393,0.1529,45.0,65,0,0
1726,pi4b-01,2026-07-27 10:37:05.224677+00:00,29.4,69.0,,81.4,True,synth01-rest-lying,synth01,lying,synth-rest,51365.0,8163.0,0.058,99.8,,,15.892144456341867,1253.8779136033468,0.1061,365.0,66,0,0
1727,pi4b-01,2026-07-27 10:37:06.224677+00:00,30.9,70.0,83.3,88.2,True,synth01-rest-lying,synth01,lying,synth-rest,51888.0,499.0,0.648,99.5,,,0.9616867098365711,1207.054191916121,0.16340000000000002,523.0,67,1,0
1728,pi4b-01,2026-07-27 10:37:07.224677+00:00,27.9,73.0,81.6,92.3,True,synth01-rest-lying,synth01,lying,synth-rest,49840.0,546.0,0.772,99.6,,,1.095505617977528,1316.325867287029,0.2287,2048.0,68,1,0
1729,pi4b-01,2026-07-27 10:37:08.224677+00:00,30.8,64.0,82.0,98.0,True,synth01-rest-lying,synth01,lying,synth-rest,50098.0,332.0,0.816,99.9,,,0.6627011058325681,1391.6186578545703,0.30450000000000005,258.0,69,1,0
1730,pi4b-01,2026-07-27 10:37:09.224677+00:00,29.8,71.0,81.0,95.2,True,synth01-rest-lying,synth01,lying,synth-rest,49816.0,358.0,0.845,99.6,,,0.718644612172796,1489.355375098034,0.38049999999999995,282.0,70,1,0
1731,pi4b-01,2026-07-27 10:37:10.224677+00:00,28.2,71.0,82.1,96.5,True,synth01-rest-lying,synth01,lying,synth-rest,52059.0,310.0,0.784,99.6,,,0.595478207418506,1498.990404683566,0.4277,2243.0,71,1,0
1732,pi4b-01,2026-07-27 10:37:11.224677+00:00,30.2,71.0,,97.7,True,synth01-rest-lying,synth01,lying,synth-rest,51865.0,331.0,0.72,99.5,,,0.6381953147594717,1148.238922098663,0.49870000000000003,194.0,72,0,0
1733,pi4b-01,2026-07-27 10:37:12.224677+00:00,30.9,70.0,83.0,98.6,True,synth01-rest-lying,synth01,lying,synth-rest,51726.0,290.0,0.772,99.5,,,0.5606464833932645,871.2925009560829,0.5645,139.0,73,1,0
1734,pi4b-01,2026-07-27 10:37:13.224677+00:00,30.3,72.0,80.8,96.2,True,synth01-rest-lying,synth01,lying,synth-rest,49660.0,320.0,0.808,99.9,,,0.644381796214257,979.1471402308795,0.6245999999999999,2066.0,74,1,0
1735,pi4b-01,2026-07-27 10:37:14.224677+00:00,27.9,68.0,82.9,95.5,True,synth01-rest-lying,synth01,lying,synth-rest,50143.0,324.0,0.736,99.8,,,0.6461520052649422,1009.537848060565,0.6959,483.0,75,1,0
1736,pi4b-01,2026-07-27 10:37:15.224677+00:00,30.8,66.0,79.6,97.6,True,synth01-rest-lying,synth01,lying,synth-rest,51080.0,345.0,0.688,99.9,,,0.6754111198120595,997.2056792190652,0.7589,937.0,76,1,0
1737,pi4b-01,2026-07-27 10:37:16.224677+00:00,28.5,70.0,85.4,95.6,True,synth01-rest-lying,synth01,lying,synth-rest,51020.0,280.0,0.715,99.6,,,0.5488043904351235,929.1254011763991,0.7656000000000001,60.0,77,1,0
1738,pi4b-01,2026-07-27 10:37:17.224677+00:00,30.4,73.0,78.2,95.9,True,synth01-rest-lying,synth01,lying,synth-rest,51464.0,262.0,0.876,99.7,,,0.509093735426706,897.5343323672176,0.776,444.0,78,1,0
1739,pi4b-01,2026-07-27 10:37:18.224677+00:00,27.8,73.0,79.8,94.7,True,synth01-rest-lying,synth01,lying,synth-rest,52159.0,347.0,0.636,99.6,,,0.6652734906727507,930.6901620721372,0.758,695.0,79,1,0
1740,pi4b-01,2026-07-27 10:37:19.224677+00:00,29.7,67.0,84.4,95.3,True,synth01-rest-lying,synth01,lying,synth-rest,52339.0,434.0,0.798,99.9,,,0.8292095760331684,885.0365026998542,0.7533,180.0,80,1,0
1741,pi4b-01,2026-07-27 10:37:20.224677+00:00,29.2,65.0,84.2,97.8,True,synth01-rest-lying,synth01,lying,synth-rest,52202.0,440.0,0.721,99.7,,,0.8428795831577334,898.78656470208,0.747,137.0,81,1,0
1742,pi4b-01,2026-07-27 10:37:21.224677+00:00,30.6,73.0,84.3,94.7,True,synth01-rest-lying,synth01,lying,synth-rest,50756.0,315.0,0.77,99.7,,,0.6206162818188982,898.7659997030939,0.752,1446.0,82,1,0
1743,pi4b-01,2026-07-27 10:37:22.224677+00:00,29.3,66.0,85.7,97.0,True,synth01-rest-lying,synth01,lying,synth-rest,50274.0,340.0,0.842,99.5,,,0.6762939093766162,930.9148487136925,0.759,482.0,83,1,0
1744,pi4b-01,2026-07-27 10:37:23.224677+00:00,28.2,70.0,87.0,93.5,True,synth01-rest-lying,synth01,lying,synth-rest,50948.0,410.0,0.712,99.6,,,0.8047420899740911,785.8501765604435,0.7494,674.0,84,1,0
1745,pi4b-01,2026-07-27 10:37:24.224677+00:00,29.7,72.0,83.8,98.9,True,synth01-rest-lying,synth01,lying,synth-rest,50870.0,308.0,0.817,99.9,,,0.60546491055632,702.4452212727831,0.7575000000000001,78.0,85,1,0
1746,pi4b-01,2026-07-27 10:37:25.224677+00:00,28.6,64.0,80.8,100.0,True,synth01-rest-lying,synth01,lying,synth-rest,51207.0,326.0,0.784,99.6,,,0.6366317105083289,698.9400626027897,0.7670999999999999,337.0,86,1,0
1747,pi4b-01,2026-07-27 10:37:26.224677+00:00,27.7,64.0,79.1,99.7,True,synth01-rest-lying,synth01,lying,synth-rest,52306.0,278.0,0.885,99.8,,,0.5314877834282874,753.0265230684289,0.7840999999999999,1099.0,87,1,0
1748,pi4b-01,2026-07-27 10:37:27.224677+00:00,30.8,67.0,78.9,100.0,True,synth01-rest-lying,synth01,lying,synth-rest,52469.0,393.0,0.742,99.6,,,0.7490137033295851,818.913779208692,0.7707,163.0,88,1,0
1749,pi4b-01,2026-07-27 10:37:28.224677+00:00,29.9,72.0,82.0,96.6,True,synth01-rest-lying,synth01,lying,synth-rest,49992.0,370.0,0.803,99.5,,,0.7401184189470316,921.0787214517503,0.7874000000000001,2477.0,89,1,0
1750,pi4b-01,2026-07-27 10:37:29.224677+00:00,27.7,68.0,79.5,99.5,True,synth01-rest-lying,synth01,lying,synth-rest,52507.0,356.0,0.837,99.5,,,0.6780048374502448,942.6783886588917,0.7913,2515.0,90,1,0
1751,pi4b-01,2026-07-27 10:37:30.224677+00:00,30.9,71.0,,99.2,True,synth01-rest-lying,synth01,lying,synth-rest,51302.0,428.0,0.78,99.6,,,0.8342754668433979,894.350347707498,0.7972,1205.0,91,0,0
1752,pi4b-01,2026-07-27 10:37:31.224677+00:00,30.5,63.0,84.3,98.0,True,synth01-rest-lying,synth01,lying,synth-rest,51345.0,433.0,0.785,99.8,,,0.8433148310448924,876.4592910620366,0.7987,43.0,92,1,0
1753,pi4b-01,2026-07-27 10:37:32.224677+00:00,26.6,68.0,82.2,100.0,True,synth01-rest-lying,synth01,lying,synth-rest,51377.0,339.0,0.829,99.4,,,0.6598283278509839,795.5911917841506,0.7974,32.0,93,1,0
1754,pi4b-01,2026-07-27 10:37:33.224677+00:00,26.6,72.0,83.7,98.0,True,synth01-rest-lying,synth01,lying,synth-rest,50915.0,309.0,0.811,99.4,,,0.6068938426789748,797.8883241267908,0.8073,462.0,94,1,0
1755,pi4b-01,2026-07-27 10:37:34.224677+00:00,29.9,63.0,83.4,98.4,True,synth01-rest-lying,synth01,lying,synth-rest,50600.0,357.0,0.92,99.6,,,0.7055335968379446,823.0770181324824,0.8176,315.0,95,1,0
1756,pi4b-01,2026-07-27 10:37:35.224677+00:00,27.4,62.0,82.8,95.4,True,synth01-rest-lying,synth01,lying,synth-rest,50129.0,275.0,0.791,99.5,,,0.5485846515988749,916.7210650526099,0.8183,471.0,96,1,0
1757,pi4b-01,2026-07-27 10:37:36.224677+00:00,28.1,67.0,,98.5,True,synth01-rest-lying,synth01,lying,synth-rest,50199.0,316.0,0.713,99.5,,,0.6294946114464431,900.3194803328126,0.8011000000000001,70.0,97,0,0
1758,pi4b-01,2026-07-27 10:37:37.224677+00:00,30.3,74.0,80.8,98.3,True,synth01-rest-lying,synth01,lying,synth-rest,49897.0,317.0,0.815,99.8,,,0.6353087359961521,824.7444115873255,0.8084,302.0,98,1,0
1759,pi4b-01,2026-07-27 10:37:38.224677+00:00,26.3,70.0,82.3,98.0,True,synth01-rest-lying,synth01,lying,synth-rest,52004.0,326.0,0.815,99.8,,,0.6268748557803245,843.7967435612226,0.8096,2107.0,99,1,0
1760,pi4b-01,2026-07-27 10:37:39.224677+00:00,26.4,74.0,84.0,100.0,True,synth01-rest-lying,synth01,lying,synth-rest,51505.0,383.0,0.804,99.6,,,0.7436171245510145,694.9518048837562,0.8063,499.0,100,1,0
1761,pi4b-01,2026-07-27 10:37:40.224677+00:00,28.0,65.0,79.2,100.0,True,synth01-rest-lying,synth01,lying,synth-rest,50657.0,322.0,0.925,99.4,,,0.6356475906587441,686.1876646451682,0.8208,848.0,101,1,0
1762,pi4b-01,2026-07-27 10:37:41.224677+00:00,27.7,74.0,80.0,96.5,True,synth01-rest-lying,synth01,lying,synth-rest,49980.0,327.0,0.823,99.7,,,0.6542617046818727,714.7787614205218,0.8245999999999999,677.0,102,1,0
1763,pi4b-01,2026-07-27 10:37:42.224677+00:00,27.3,68.0,80.3,93.9,True,synth01-rest-lying,synth01,lying,synth-rest,51141.0,336.0,0.69,99.5,,,0.6570070980231125,694.5161465206227,0.8107,1161.0,103,1,0
1764,pi4b-01,2026-07-27 10:37:43.224677+00:00,30.9,73.0,83.4,99.1,True,synth01-rest-lying,synth01,lying,synth-rest,52482.0,369.0,0.768,99.6,,,0.7030982050988911,895.449136219156,0.8064,1341.0,104,1,0
1765,pi4b-01,2026-07-27 10:37:44.224677+00:00,30.9,65.0,82.2,97.3,True,synth01-rest-lying,synth01,lying,synth-rest,51981.0,448.0,0.753,99.8,,,0.8618533695003945,955.4780362613544,0.7897000000000001,501.0,105,1,0
1766,pi4b-01,2026-07-27 10:37:45.224677+00:00,27.5,69.0,79.0,95.4,True,synth01-rest-lying,synth01,lying,synth-rest,51979.0,372.0,0.836,99.7,,,0.7156736374305007,947.7015763297295,0.7941999999999999,2.0,106,1,0
1767,pi4b-01,2026-07-27 10:37:46.224677+00:00,27.7,66.0,80.5,96.8,True,synth01-rest-lying,synth01,lying,synth-rest,49523.0,374.0,0.796,99.9,,,0.7552046523837409,1044.786788456578,0.8024999999999999,2456.0,107,1,0
1768,pi4b-01,2026-07-27 10:37:47.224677+00:00,28.1,66.0,80.9,97.5,True,synth01-rest-lying,synth01,lying,synth-rest,49839.0,434.0,0.732,99.8,,,0.870803988844078,1052.432045840105,0.7942,316.0,108,1,0
1769,pi4b-01,2026-07-27 10:37:48.224677+00:00,26.5,70.0,84.1,97.0,True,synth01-rest-lying,synth01,lying,synth-rest,49619.0,326.0,0.677,99.4,,,0.657006388681755,1096.420864044091,0.7804,220.0,109,1,0
1770,pi4b-01,2026-07-27 10:37:49.224677+00:00,27.2,66.0,83.9,100.0,True,synth01-rest-lying,synth01,lying,synth-rest,51745.0,275.0,0.685,99.8,,,0.5314523142332592,1114.3309103573579,0.7685000000000001,2126.0,110,1,0
1771,pi4b-01,2026-07-27 10:37:50.224677+00:00,29.9,62.0,82.3,98.2,True,synth01-rest-lying,synth01,lying,synth-rest,50336.0,275.0,0.808,99.5,,,0.5463286713286714,1126.4929106647135,0.7567999999999999,1409.0,111,1,0
1772,pi4b-01,2026-07-27 10:37:51.224677+00:00,29.4,73.0,85.6,99.2,True,synth01-rest-lying,synth01,lying,synth-rest,52710.0,328.0,0.796,99.6,,,0.6222728135078732,1216.0974239116376,0.7541,2374.0,112,1,0
1773,pi4b-01,2026-07-27 10:37:52.224677+00:00,28.9,67.0,77.3,95.3,True,synth01-rest-lying,synth01,lying,synth-rest,52322.0,353.0,0.616,99.7,,,0.674668399526012,1272.718542682931,0.7467,388.0,113,1,0
1774,pi4b-01,2026-07-27 10:37:53.224677+00:00,28.7,65.0,,95.2,True,synth01-rest-lying,synth01,lying,synth-rest,52935.0,374.0,0.709,99.6,,,0.7065268725795788,1328.153726878894,0.7407999999999999,613.0,114,0,0
1775,pi4b-01,2026-07-27 10:37:54.224677+00:00,29.7,71.0,77.2,98.9,True,synth01-rest-lying,synth01,lying,synth-rest,50591.0,319.0,0.671,99.9,,,0.630546935225633,1321.5556027315642,0.7325999999999999,2344.0,115,1,0
1776,pi4b-01,2026-07-27 10:37:55.224677+00:00,27.9,72.0,78.0,97.0,True,synth01-rest-lying,synth01,lying,synth-rest,52043.0,344.0,0.785,99.8,,,0.6609918721057587,1326.1101889863487,0.7275,1452.0,116,1,0
1777,pi4b-01,2026-07-27 10:37:56.224677+00:00,28.9,71.0,75.9,97.0,True,synth01-rest-lying,synth01,lying,synth-rest,51319.0,387.0,0.867,99.6,,,0.754106666147041,1193.8469518512484,0.7346,724.0,117,1,0
1778,pi4b-01,2026-07-27 10:37:57.224677+00:00,27.0,68.0,75.7,96.6,True,synth01-rest-lying,synth01,lying,synth-rest,52856.0,343.0,0.823,99.8,,,0.6489329499016195,1151.1762293893923,0.7437,1537.0,118,1,0
1779,pi4b-01,2026-07-27 10:37:58.224677+00:00,28.9,62.0,75.8,96.4,True,synth01-rest-lying,synth01,lying,synth-rest,50720.0,419.0,0.811,99.9,,,0.8261041009463722,974.728685897351,0.7571000000000001,2136.0,119,1,0
1780,pi4b-01,2026-07-27 10:37:59.224677+00:00,27.0,65.0,77.1,98.3,True,synth01-rest-lying,synth01,lying,synth-rest,51223.0,291.0,0.656,99.7,,,0.568104171954005,989.3521168477771,0.7542,503.0,120,1,0
1781,pi4b-01,2026-07-27 10:38:00.224677+00:00,26.1,67.0,72.6,95.7,True,synth01-rest-lying,synth01,lying,synth-rest,50001.0,410.0,0.799,99.4,,,0.8199836003279934,1044.9841040790259,0.7533000000000001,1222.0,121,1,0
1782,pi4b-01,2026-07-27 10:38:01.224677+00:00,29.3,74.0,74.0,96.7,True,synth01-rest-lying,synth01,lying,synth-rest,52507.0,347.0,0.69,99.9,,,0.660864265716952,1024.3472772670955,0.7426999999999999,2506.0,122,1,0
1783,pi4b-01,2026-07-27 10:38:02.224677+00:00,27.9,71.0,70.8,96.7,True,synth01-rest-lying,synth01,lying,synth-rest,52529.0,329.0,0.727,99.6,,,0.6263206990424337,1041.3481859803242,0.7538,22.0,123,1,0
1784,pi4b-01,2026-07-27 10:38:03.224677+00:00,29.4,69.0,72.6,97.4,True,synth01-rest-lying,synth01,lying,synth-rest,51583.0,448.0,0.783,99.6,,,0.8685031890351472,942.260732965646,0.7612,946.0,124,1,0
1785,pi4b-01,2026-07-27 10:38:04.224677+00:00,27.1,69.0,,94.1,True,synth01-rest-lying,synth01,lying,synth-rest,50555.0,319.0,0.821,99.8,,,0.6309959450103847,946.337407529131,0.7762,1028.0,125,0,0
1786,pi4b-01,2026-07-27 10:38:05.224677+00:00,28.6,67.0,73.3,98.2,True,synth01-rest-lying,synth01,lying,synth-rest,52686.0,433.0,0.795,99.6,,,0.8218502068860798,1004.831821196441,0.7772,2131.0,126,1,0
1787,pi4b-01,2026-07-27 10:38:06.224677+00:00,30.4,62.0,74.6,95.6,True,synth01-rest-lying,synth01,lying,synth-rest,52933.0,395.0,0.765,99.5,,,0.7462263616269624,1081.7367773888536,0.767,247.0,127,1,0
1788,pi4b-01,2026-07-27 10:38:07.224677+00:00,27.2,66.0,72.4,98.2,True,synth01-rest-lying,synth01,lying,synth-rest,52746.0,380.0,0.733,99.7,,,0.7204337769688697,1069.8393493106337,0.758,187.0,128,1,0
1789,pi4b-01,2026-07-27 10:38:08.224677+00:00,26.1,71.0,76.9,97.9,True,synth01-rest-lying,synth01,lying,synth-rest,50671.0,325.0,0.822,99.7,,,0.641392512482485,1075.1713248491358,0.7590999999999999,2075.0,129,1,0
1790,pi4b-01,2026-07-27 10:38:09.224677+00:00,26.3,67.0,75.1,97.5,True,synth01-rest-lying,synth01,lying,synth-rest,52757.0,396.0,0.736,99.7,,,0.7506112932880945,1101.7760207955446,0.7671,2086.0,130,1,0
1791,pi4b-01,2026-07-27 10:38:10.224677+00:00,30.3,68.0,74.7,94.9,True,synth01-rest-lying,synth01,lying,synth-rest,53462.0,319.0,0.758,99.7,,,0.5966854962403202,976.5662576372447,0.763,705.0,131,1,0
1792,pi4b-01,2026-07-27 10:38:11.224677+00:00,27.5,63.0,74.8,99.7,True,synth01-rest-lying,synth01,lying,synth-rest,51032.0,330.0,0.729,99.9,,,0.6466530804201285,1041.478777721613,0.7669,2430.0,132,1,0
1793,pi4b-01,2026-07-27 10:38:12.224677+00:00,28.8,64.0,77.8,97.5,True,synth01-rest-lying,synth01,lying,synth-rest,51838.0,273.0,0.77,99.7,,,0.5266406882981596,1032.3974310097915,0.7712,806.0,133,1,0
1794,pi4b-01,2026-07-27 10:38:13.224677+00:00,27.0,70.0,77.7,96.6,True,synth01-rest-lying,synth01,lying,synth-rest,50721.0,337.0,0.843,99.7,,,0.6644190769109443,1106.826740431129,0.7772,1117.0,134,1,0
1795,pi4b-01,2026-07-27 10:38:14.224677+00:00,27.1,73.0,79.1,97.5,True,synth01-rest-lying,synth01,lying,synth-rest,52322.0,274.0,0.76,99.5,,,0.5236802874507855,996.7004230627138,0.7710999999999999,1601.0,135,1,0
1796,pi4b-01,2026-07-27 10:38:15.224677+00:00,29.5,63.0,80.3,96.6,True,synth01-rest-lying,synth01,lying,synth-rest,51526.0,354.0,0.849,99.8,,,0.6870317897760354,990.5779233469138,0.7765,796.0,136,1,0
1797,pi4b-01,2026-07-27 10:38:16.224677+00:00,28.5,70.0,86.8,98.6,True,synth01-rest-lying,synth01,lying,synth-rest,51996.0,304.0,0.751,99.9,,,0.5846603584891146,935.3805464444571,0.7751,470.0,137,1,0
1798,pi4b-01,2026-07-27 10:38:17.224677+00:00,27.7,64.0,83.0,97.8,True,synth01-rest-lying,synth01,lying,synth-rest,51925.0,394.0,0.806,99.5,,,0.7587867116032739,888.4189452180143,0.7824,71.0,138,1,0
1799,pi4b-01,2026-07-27 10:38:18.224677+00:00,28.1,66.0,84.3,96.1,True,synth01-rest-lying,synth01,lying,synth-rest,52298.0,308.0,0.874,99.7,,,0.5889326551684577,797.9761970830785,0.7876000000000001,373.0,139,1,0
1800,pi4b-01,2026-07-27 10:38:19.224677+00:00,29.6,68.0,87.2,96.9,True,synth01-rest-lying,synth01,lying,synth-rest,51244.0,403.0,0.808,99.5,,,0.7864335336819921,779.1194745067168,0.7948,1054.0,140,1,0
1801,pi4b-01,2026-07-27 10:38:20.224677+00:00,26.7,69.0,85.9,97.4,True,synth01-rest-lying,synth01,lying,synth-rest,51508.0,306.0,0.741,99.4,,,0.5940824726256116,531.9465303121968,0.7931,264.0,141,1,0
1802,pi4b-01,2026-07-27 10:38:21.224677+00:00,26.2,66.0,86.8,99.0,True,synth01-rest-lying,synth01,lying,synth-rest,52463.0,370.0,0.774,99.5,,,0.7052589443989097,542.2925512222894,0.7976,955.0,142,1,0
1803,pi4b-01,2026-07-27 10:38:22.224677+00:00,26.0,68.0,84.5,94.0,True,synth01-rest-lying,synth01,lying,synth-rest,51088.0,349.0,0.723,99.6,,,0.68313498277482,584.2498419151256,0.7929,1375.0,143,1,0
1804,pi4b-01,2026-07-27 10:38:23.224677+00:00,30.6,70.0,85.0,97.7,True,synth01-rest-lying,synth01,lying,synth-rest,50289.0,385.0,0.842,99.6,,,0.7655749766350495,674.4389355440949,0.7928,799.0,144,1,0
1805,pi4b-01,2026-07-27 10:38:24.224677+00:00,30.2,63.0,85.5,100.0,True,synth01-rest-lying,synth01,lying,synth-rest,52466.0,445.0,0.766,99.7,,,0.8481683375900584,691.3296447989561,0.7934,2177.0,145,1,0
1806,pi4b-01,2026-07-27 10:38:25.224677+00:00,27.3,66.0,89.0,96.3,True,synth01-rest-lying,synth01,lying,synth-rest,52391.0,424.0,0.641,99.5,,,0.8092993071329044,723.2560327359579,0.7726,75.0,146,1,0
1807,pi4b-01,2026-07-27 10:38:26.224677+00:00,26.5,70.0,88.4,98.4,True,synth01-rest-lying,synth01,lying,synth-rest,50641.0,540.0,0.867,99.4,,,1.0663296538377993,798.5531430169799,0.7842,1750.0,147,1,0
1808,pi4b-01,2026-07-27 10:38:27.224677+00:00,27.9,70.0,83.6,98.1,True,synth01-rest-lying,synth01,lying,synth-rest,52362.0,449.0,0.865,99.8,,,0.8574920744051029,827.8318401436541,0.7901,1721.0,148,1,0
1809,pi4b-01,2026-07-27 10:38:28.224677+00:00,27.2,70.0,80.9,99.0,True,synth01-rest-lying,synth01,lying,synth-rest,51091.0,460.0,0.887,99.8,,,0.9003542698322601,814.7932321216163,0.7914,1271.0,149,1,0
1810,pi4b-01,2026-07-27 10:38:29.224677+00:00,29.4,63.0,79.9,94.7,True,synth01-rest-lying,synth01,lying,synth-rest,52221.0,433.0,0.853,99.5,,,0.829168342237797,831.8481431928591,0.7959,1130.0,150,1,0
1811,pi4b-01,2026-07-27 10:38:30.224677+00:00,30.7,63.0,82.0,97.4,True,synth01-rest-lying,synth01,lying,synth-rest,51643.0,476.0,0.752,99.9,,,0.9217125263830528,830.3456107750596,0.7969999999999999,578.0,151,1,0
1812,pi4b-01,2026-07-27 10:38:31.224677+00:00,27.0,73.0,77.7,98.6,True,synth01-rest-lying,synth01,lying,synth-rest,50661.0,433.0,0.786,99.9,,,0.8547008547008548,833.5705062494537,0.7981999999999999,982.0,152,1,0
1813,pi4b-01,2026-07-27 10:38:32.224677+00:00,29.9,73.0,79.1,96.7,True,synth01-rest-lying,synth01,lying,synth-rest,51813.0,500.0,0.908,99.6,,,0.9650087815799124,826.6757795197118,0.8167,1152.0,153,1,0
1814,pi4b-01,2026-07-27 10:38:33.224677+00:00,30.4,72.0,81.2,95.6,True,synth01-rest-lying,synth01,lying,synth-rest,50751.0,548.0,0.81,99.7,,,1.0797816791787354,757.9404843243659,0.8135,1062.0,154,1,0
1815,pi4b-01,2026-07-27 10:38:34.224677+00:00,26.2,73.0,79.2,98.8,True,synth01-rest-lying,synth01,lying,synth-rest,50765.0,594.0,0.727,99.5,,,1.170097508125677,733.4697524628132,0.8096,14.0,155,1,0
1816,pi4b-01,2026-07-27 10:38:35.224677+00:00,26.3,64.0,78.9,99.3,True,synth01-rest-lying,synth01,lying,synth-rest,50829.0,451.0,0.773,99.8,,,0.8872887524838182,670.6282377990224,0.8228,64.0,156,1,0
1817,pi4b-01,2026-07-27 10:38:36.224677+00:00,28.2,69.0,77.5,98.0,True,synth01-rest-lying,synth01,lying,synth-rest,53773.0,421.0,0.847,99.5,,,0.7829207966823499,993.7511928714387,0.8208,2944.0,157,1,0
1818,pi4b-01,2026-07-27 10:38:37.224677+00:00,26.3,73.0,80.5,95.5,True,synth01-rest-lying,synth01,lying,synth-rest,51451.0,302.0,0.913,99.7,,,0.5869662397232318,956.2576128963894,0.8256,2322.0,158,1,0
1819,pi4b-01,2026-07-27 10:38:38.224677+00:00,30.5,71.0,79.9,98.8,True,synth01-rest-lying,synth01,lying,synth-rest,53362.0,380.0,0.809,99.5,,,0.7121172369851204,1106.2843164796993,0.8177999999999999,1911.0,159,1,0
1820,pi4b-01,2026-07-27 10:38:39.224677+00:00,30.4,68.0,80.6,95.5,True,synth01-rest-lying,synth01,lying,synth-rest,52154.0,261.0,0.774,99.5,,,0.5004410016489628,1103.1578712446176,0.8099000000000001,1208.0,160,1,0
1821,pi4b-01,2026-07-27 10:38:40.224677+00:00,28.8,68.0,79.7,95.1,True,synth01-rest-lying,synth01,lying,synth-rest,52554.0,274.0,0.76,99.6,,,0.5213684971648209,1133.278729076761,0.8107,400.0,161,1,0
1822,pi4b-01,2026-07-27 10:38:41.224677+00:00,26.2,72.0,80.3,94.7,True,synth01-rest-lying,synth01,lying,synth-rest,54160.0,284.0,0.809,99.7,,,0.5243722304283605,1270.5111657212062,0.8130000000000001,1606.0,162,1,0
1823,pi4b-01,2026-07-27 10:38:42.224677+00:00,29.2,68.0,80.2,95.6,True,synth01-rest-lying,synth01,lying,synth-rest,53692.0,386.0,0.818,99.6,,,0.7189152946435223,1349.7666012232633,0.804,468.0,163,1,0
1824,pi4b-01,2026-07-27 10:38:43.224677+00:00,26.0,67.0,,96.0,True,synth01-rest-lying,synth01,lying,synth-rest,52639.0,385.0,0.759,99.6,,,0.7313968730409013,1227.938330880037,0.7988999999999999,1053.0,164,0,0
1825,pi4b-01,2026-07-27 10:38:44.224677+00:00,30.4,64.0,76.7,100.0,True,synth01-rest-lying,synth01,lying,synth-rest,52217.0,373.0,0.815,99.9,,,0.7143267518241186,1070.7974650283336,0.8077,422.0,165,1,0
1826,pi4b-01,2026-07-27 10:38:45.224677+00:00,29.0,65.0,77.9,97.1,True,synth01-rest-lying,synth01,lying,synth-rest,51501.0,444.0,0.749,99.8,,,0.8621191821518029,956.4970871768331,0.8052999999999999,716.0,166,1,0
1827,pi4b-01,2026-07-27 10:38:46.224677+00:00,27.0,72.0,75.1,97.2,True,synth01-rest-lying,synth01,lying,synth-rest,53909.0,384.0,0.865,99.9,,,0.7123114878777198,973.4703613590051,0.8070999999999999,2408.0,167,1,0
1828,pi4b-01,2026-07-27 10:38:47.224677+00:00,30.3,69.0,75.6,96.3,True,synth01-rest-lying,synth01,lying,synth-rest,51548.0,470.0,0.896,99.7,,,0.911771552727555,959.3149407548814,0.8054,2361.0,168,1,0
1829,pi4b-01,2026-07-27 10:38:48.224677+00:00,30.2,70.0,75.8,95.6,True,synth01-rest-lying,synth01,lying,synth-rest,51533.0,352.0,0.813,99.8,,,0.6830574583276735,1007.7982657478865,0.8058,15.0,169,1,0
1830,pi4b-01,2026-07-27 10:38:49.224677+00:00,30.8,65.0,77.9,97.6,True,synth01-rest-lying,synth01,lying,synth-rest,53075.0,498.0,0.823,99.6,,,0.9382948657560057,1005.5364295295847,0.8107,1542.0,170,1,0
1831,pi4b-01,2026-07-27 10:38:50.224677+00:00,26.9,72.0,76.1,96.4,True,synth01-rest-lying,synth01,lying,synth-rest,52295.0,436.0,0.856,99.8,,,0.8337317143130318,1012.5338348256138,0.8202999999999999,780.0,171,1,0
1832,pi4b-01,2026-07-27 10:38:51.224677+00:00,30.5,66.0,75.6,95.0,True,synth01-rest-lying,synth01,lying,synth-rest,51060.0,485.0,0.706,99.9,,,0.9498629063846455,975.0671144992053,0.8099999999999999,1235.0,172,1,0
1833,pi4b-01,2026-07-27 10:38:52.224677+00:00,28.0,67.0,74.7,97.1,True,synth01-rest-lying,synth01,lying,synth-rest,52640.0,433.0,0.819,99.7,,,0.8225683890577506,864.2752969331751,0.8100999999999999,1580.0,173,1,0
1834,pi4b-01,2026-07-27 10:38:53.224677+00:00,29.1,63.0,77.9,96.5,True,synth01-rest-lying,synth01,lying,synth-rest,53478.0,399.0,0.843,99.5,,,0.7461012004936609,944.1600852962902,0.8184999999999999,838.0,174,1,0
1835,pi4b-01,2026-07-27 10:38:54.224677+00:00,30.4,68.0,76.8,98.7,True,synth01-rest-lying,synth01,lying,synth-rest,51644.0,489.0,0.864,99.8,,,0.9468670126248935,968.5554019604164,0.8234,1834.0,175,1,0
1836,pi4b-01,2026-07-27 10:38:55.224677+00:00,26.3,65.0,76.9,93.7,True,synth01-rest-lying,synth01,lying,synth-rest,52056.0,459.0,0.847,99.4,,,0.8817427385892116,935.0232082681324,0.8331999999999999,412.0,176,1,0
1837,pi4b-01,2026-07-27 10:38:56.224677+00:00,27.5,68.0,75.0,95.9,True,synth01-rest-lying,synth01,lying,synth-rest,50545.0,465.0,0.878,99.8,,,0.9199723019091898,906.0314196171113,0.8344999999999999,1511.0,177,1,0
1838,pi4b-01,2026-07-27 10:38:57.224677+00:00,30.2,72.0,75.1,95.6,True,synth01-rest-lying,synth01,lying,synth-rest,51088.0,529.0,0.737,99.6,,,1.0354682117131224,941.790516929241,0.8186,543.0,178,1,0
1839,pi4b-01,2026-07-27 10:38:58.224677+00:00,29.5,63.0,77.1,98.2,True,synth01-rest-lying,synth01,lying,synth-rest,52114.0,600.0,0.85,99.6,,,1.1513221015466095,931.6632975491004,0.8222999999999999,1026.0,179,1,0
1840,pi4b-01,2026-07-27 10:38:59.224677+00:00,26.8,65.0,77.1,96.2,True,synth01-rest-lying,synth01,lying,synth-rest,51816.0,511.0,0.702,99.5,,,0.986181874324533,851.8236906778751,0.8102,298.0,180,1,0
1841,pi4b-01,2026-07-27 10:39:00.224677+00:00,29.7,68.0,77.6,97.5,True,synth01-rest-lying,synth01,lying,synth-rest,52092.0,614.0,0.727,99.7,,,1.1786838670045305,843.0389538911332,0.7973,276.0,181,1,0
1842,pi4b-01,2026-07-27 10:39:01.224677+00:00,29.3,63.0,77.5,96.5,True,synth01-rest-lying,synth01,lying,synth-rest,53635.0,531.0,0.773,99.5,,,0.990025170131444,959.0793965511618,0.8039999999999999,1543.0,182,1,0
1843,pi4b-01,2026-07-27 10:39:02.224677+00:00,28.2,63.0,75.7,97.5,True,synth01-rest-lying,synth01,lying,synth-rest,53935.0,515.0,0.83,99.7,,,0.9548530638731807,1113.4755448095516,0.8051,300.0,183,1,0
1844,pi4b-01,2026-07-27 10:39:03.224677+00:00,28.6,66.0,76.6,96.4,True,synth01-rest-lying,synth01,lying,synth-rest,53584.0,590.0,0.831,99.5,,,1.1010749477455957,1126.9898402381614,0.8039,351.0,184,1,0
1845,pi4b-01,2026-07-27 10:39:04.224677+00:00,27.5,68.0,76.0,96.3,True,synth01-rest-lying,synth01,lying,synth-rest,52287.0,528.0,0.768,99.7,,,1.00981123414998,1106.6759838965343,0.7943,1297.0,185,1,0
1846,pi4b-01,2026-07-27 10:39:05.224677+00:00,30.8,65.0,74.1,94.9,True,synth01-rest-lying,synth01,lying,synth-rest,53678.0,671.0,0.761,99.8,,,1.2500465740154252,1180.8441613241534,0.7857,1391.0,186,1,0
1847,pi4b-01,2026-07-27 10:39:06.224677+00:00,29.2,70.0,80.0,93.6,True,synth01-rest-lying,synth01,lying,synth-rest,54366.0,534.0,0.671,99.6,,,0.9822315417724313,1101.623675409252,0.7649999999999999,688.0,187,1,0
1848,pi4b-01,2026-07-27 10:39:07.224677+00:00,29.9,66.0,,98.1,True,synth01-rest-lying,synth01,lying,synth-rest,53806.0,606.0,0.699,99.5,,,1.1262684458982268,939.3301454878148,0.7612,560.0,188,0,0
1849,pi4b-01,2026-07-27 10:39:08.224677+00:00,31.0,70.0,78.7,99.1,True,synth01-rest-lying,synth01,lying,synth-rest,52422.0,668.0,0.755,99.5,,,1.274274159703941,906.7518893770351,0.7516999999999999,1384.0,189,1,0
1850,pi4b-01,2026-07-27 10:39:09.224677+00:00,30.3,67.0,76.7,95.5,True,synth01-rest-lying,synth01,lying,synth-rest,53857.0,487.0,0.749,99.5,,,0.9042464303618842,792.6133707902403,0.7564,1435.0,190,1,0
1851,pi4b-01,2026-07-27 10:39:10.224677+00:00,28.6,71.0,79.3,95.7,True,synth01-rest-lying,synth01,lying,synth-rest,54344.0,463.0,0.817,99.5,,,0.8519799793905491,705.4927671098629,0.7654,487.0,191,1,0
1852,pi4b-01,2026-07-27 10:39:11.224677+00:00,28.0,73.0,74.3,96.3,True,synth01-rest-lying,synth01,lying,synth-rest,52306.0,540.0,0.809,99.6,,,1.032386341911062,813.3065910903545,0.7689999999999999,2038.0,192,1,0
1853,pi4b-01,2026-07-27 10:39:12.224677+00:00,30.0,72.0,,99.7,True,synth01-rest-lying,synth01,lying,synth-rest,54228.0,587.0,0.746,99.8,,,1.0824666224090875,837.303980377171,0.7605999999999999,1922.0,193,0,0
1854,pi4b-01,2026-07-27 10:39:13.224677+00:00,27.2,72.0,72.2,97.8,True,synth01-rest-lying,synth01,lying,synth-rest,53289.0,554.0,0.808,99.5,,,1.0396141792865319,838.7335757622996,0.7583,939.0,194,1,0
1855,pi4b-01,2026-07-27 10:39:14.224677+00:00,29.3,71.0,70.9,98.4,True,synth01-rest-lying,synth01,lying,synth-rest,52500.0,696.0,0.881,99.7,,,1.3257142857142858,807.8176636950176,0.7696000000000001,789.0,195,1,0
1856,pi4b-01,2026-07-27 10:39:15.224677+00:00,27.5,67.0,74.8,98.5,True,synth01-rest-lying,synth01,lying,synth-rest,53806.0,624.0,0.781,99.5,,,1.159721964093224,812.3122278751273,0.7716000000000001,1306.0,196,1,0
1857,pi4b-01,2026-07-27 10:39:16.224677+00:00,29.7,70.0,76.3,96.8,True,synth01-rest-lying,synth01,lying,synth-rest,52579.0,693.0,0.968,99.8,,,1.3180166986819832,795.1551979889258,0.8013,1227.0,197,1,0
1858,pi4b-01,2026-07-27 10:39:17.224677+00:00,30.1,65.0,75.4,96.2,True,synth01-rest-lying,synth01,lying,synth-rest,52503.0,620.0,0.822,99.7,,,1.1808849018151344,812.0988171945721,0.8135999999999999,76.0,198,1,0
1859,pi4b-01,2026-07-27 10:39:18.224677+00:00,26.1,62.0,75.8,98.8,True,synth01-rest-lying,synth01,lying,synth-rest,50781.0,568.0,0.773,99.6,,,1.1185285835253345,1098.3850822406698,0.8154,1722.0,199,1,0
1860,pi4b-01,2026-07-27 10:39:19.224677+00:00,26.1,62.0,77.4,96.7,True,synth01-rest-lying,synth01,lying,synth-rest,52270.0,697.0,0.792,99.9,,,1.3334608762196287,1078.36812926857,0.8196999999999999,1489.0,200,1,0
1861,pi4b-01,2026-07-27 10:39:20.224677+00:00,27.8,73.0,74.4,95.1,True,synth01-rest-lying,synth01,lying,synth-rest,51492.0,599.0,0.707,99.6,,,1.1632875009710246,1017.9009120079788,0.8087,778.0,201,1,0
1862,pi4b-01,2026-07-27 10:39:21.224677+00:00,30.2,68.0,79.1,95.7,True,synth01-rest-lying,synth01,lying,synth-rest,51427.0,676.0,0.794,99.7,,,1.3144846092519493,1079.819043482141,0.8072000000000001,65.0,202,1,0
1863,pi4b-01,2026-07-27 10:39:22.224677+00:00,31.0,74.0,76.9,96.2,True,synth01-rest-lying,synth01,lying,synth-rest,54089.0,529.0,0.749,99.9,,,0.9780177115494834,1055.5468514261113,0.8074999999999999,2662.0,203,1,0
1864,pi4b-01,2026-07-27 10:39:23.224677+00:00,27.4,73.0,,97.8,True,synth01-rest-lying,synth01,lying,synth-rest,54136.0,465.0,0.852,99.8,,,0.8589478350820157,1157.3229694236459,0.8119,47.0,204,0,0
1865,pi4b-01,2026-07-27 10:39:24.224677+00:00,29.2,67.0,79.3,96.6,True,synth01-rest-lying,synth01,lying,synth-rest,53766.0,469.0,0.738,99.8,,,0.872298478592419,1217.8958585290513,0.7976,370.0,205,1,0
1866,pi4b-01,2026-07-27 10:39:25.224677+00:00,26.7,63.0,75.4,99.0,True,synth01-rest-lying,synth01,lying,synth-rest,51306.0,530.0,0.847,99.5,,,1.033017580789771,1218.785046219765,0.8042,2460.0,206,1,0
1867,pi4b-01,2026-07-27 10:39:26.224677+00:00,26.8,64.0,78.1,96.1,True,synth01-rest-lying,synth01,lying,synth-rest,51423.0,511.0,0.757,99.7,,,0.9937187639772086,1257.7968436913975,0.7831,117.0,207,1,0
1868,pi4b-01,2026-07-27 10:39:27.224677+00:00,30.8,72.0,77.1,96.5,True,synth01-rest-lying,synth01,lying,synth-rest,53039.0,492.0,0.772,99.8,,,0.9276192990063915,1277.7571017650992,0.7781,1616.0,208,1,0
1869,pi4b-01,2026-07-27 10:39:28.224677+00:00,26.3,62.0,76.9,97.3,True,synth01-rest-lying,synth01,lying,synth-rest,53695.0,504.0,0.799,99.5,,,0.938634882205047,1204.5576458693115,0.7807000000000001,656.0,209,1,0
1870,pi4b-01,2026-07-27 10:39:29.224677+00:00,27.8,65.0,74.3,98.0,True,synth01-rest-lying,synth01,lying,synth-rest,51458.0,430.0,0.785,99.6,,,0.8356329433712931,1260.17568880957,0.78,2237.0,210,1,0
1871,pi4b-01,2026-07-27 10:39:30.224677+00:00,30.5,69.0,75.0,98.2,True,synth01-rest-lying,synth01,lying,synth-rest,54408.0,375.0,0.651,99.7,,,0.6892368769298632,1315.7946521652357,0.7744,2950.0,211,1,0
1872,pi4b-01,2026-07-27 10:39:31.224677+00:00,28.2,73.0,75.1,99.5,True,synth01-rest-lying,synth01,lying,synth-rest,51907.0,413.0,0.727,99.4,,,0.7956537653880981,1264.8850672425908,0.7677,2501.0,212,1,0
1873,pi4b-01,2026-07-27 10:39:32.224677+00:00,28.3,74.0,73.3,98.0,True,synth01-rest-lying,synth01,lying,synth-rest,52209.0,403.0,0.8,99.5,,,0.7718975655538317,1210.834427620514,0.7727999999999999,302.0,213,1,0
1874,pi4b-01,2026-07-27 10:39:33.224677+00:00,26.3,67.0,75.8,100.0,True,synth01-rest-lying,synth01,lying,synth-rest,54358.0,494.0,0.822,99.5,,,0.908789874535487,1241.039568712897,0.7698,2149.0,214,1,0
1875,pi4b-01,2026-07-27 10:39:34.224677+00:00,28.4,68.0,81.6,93.9,True,synth01-rest-lying,synth01,lying,synth-rest,52208.0,362.0,0.694,99.8,,,0.6933803248544285,1197.306463135764,0.7654,2150.0,215,1,0
1876,pi4b-01,2026-07-27 10:39:35.224677+00:00,26.4,69.0,80.5,96.2,True,synth01-rest-lying,synth01,lying,synth-rest,53894.0,384.0,0.424,99.7,,,0.7125097413441199,1165.543120895418,0.7231,1686.0,216,1,0
1877,pi4b-01,2026-07-27 10:39:36.224677+00:00,29.8,63.0,82.0,99.1,True,synth01-rest-lying,synth01,lying,synth-rest,54917.0,256.0,0.611,99.6,,,0.4661580202851576,1209.8021922795288,0.7085,1023.0,217,1,0
1878,pi4b-01,2026-07-27 10:39:37.224677+00:00,26.2,65.0,80.1,98.4,True,synth01-rest-lying,synth01,lying,synth-rest,52396.0,343.0,0.782,99.6,,,0.65463012443698,1236.6487869327093,0.7095,2521.0,218,1,0
1879,pi4b-01,2026-07-27 10:39:38.224677+00:00,30.3,70.0,75.2,96.8,True,synth01-rest-lying,synth01,lying,synth-rest,53539.0,286.0,0.641,99.5,,,0.5341900296979771,1229.9053441446124,0.6937,1143.0,219,1,0
1880,pi4b-01,2026-07-27 10:39:39.224677+00:00,26.1,67.0,73.5,94.5,True,synth01-rest-lying,synth01,lying,synth-rest,54295.0,368.0,0.667,99.6,,,0.6777788009945668,1124.1882454068734,0.6819,756.0,220,1,0
1881,pi4b-01,2026-07-27 10:39:40.224677+00:00,29.2,71.0,72.5,95.2,True,synth01-rest-lying,synth01,lying,synth-rest,52822.0,402.0,0.646,99.9,,,0.7610465336412858,1079.208892352743,0.6814,1473.0,221,1,0
1882,pi4b-01,2026-07-27 10:39:41.224677+00:00,28.4,62.0,74.0,95.4,True,synth01-rest-lying,synth01,lying,synth-rest,53637.0,368.0,0.774,99.5,,,0.6860935548222309,972.5959821242911,0.6860999999999999,815.0,222,1,0
1883,pi4b-01,2026-07-27 10:39:42.224677+00:00,27.0,72.0,71.5,96.2,True,synth01-rest-lying,synth01,lying,synth-rest,52530.0,333.0,0.819,99.4,,,0.633923472301542,932.377272233532,0.688,1107.0,223,1,0
1884,pi4b-01,2026-07-27 10:39:43.224677+00:00,30.0,71.0,73.1,95.8,True,synth01-rest-lying,synth01,lying,synth-rest,51964.0,374.0,0.746,99.9,,,0.7197290431837425,982.0907176924571,0.6804,566.0,224,1,0
1885,pi4b-01,2026-07-27 10:39:44.224677+00:00,30.9,63.0,77.2,97.0,True,synth01-rest-lying,synth01,lying,synth-rest,51250.0,503.0,0.745,99.8,,,0.9814634146341464,1127.725459103871,0.6855,714.0,225,1,0
1886,pi4b-01,2026-07-27 10:39:45.224677+00:00,29.1,70.0,79.8,98.4,True,synth01-rest-lying,synth01,lying,synth-rest,51514.0,453.0,0.778,99.6,,,0.8793725977404201,1196.3159374605816,0.7209000000000001,264.0,226,1,0
1887,pi4b-01,2026-07-27 10:39:46.224677+00:00,27.9,68.0,76.0,95.9,True,synth01-rest-lying,synth01,lying,synth-rest,52803.0,411.0,0.816,99.7,,,0.7783648656326345,961.3223531504262,0.7414,1289.0,227,1,0
1888,pi4b-01,2026-07-27 10:39:47.224677+00:00,29.8,71.0,75.2,98.3,True,synth01-rest-lying,synth01,lying,synth-rest,51869.0,403.0,0.825,99.7,,,0.7769573348242689,992.2638593976311,0.7457,934.0,228,1,0
1889,pi4b-01,2026-07-27 10:39:48.224677+00:00,29.6,70.0,79.6,94.5,True,synth01-rest-lying,synth01,lying,synth-rest,53676.0,512.0,0.795,99.7,,,0.9538713764065877,1007.160805874068,0.7611,1807.0,229,1,0
1890,pi4b-01,2026-07-27 10:39:49.224677+00:00,29.9,64.0,78.5,97.2,True,synth01-rest-lying,synth01,lying,synth-rest,51941.0,568.0,0.777,99.8,,,1.0935484492019791,837.0562439619013,0.7721,1735.0,230,1,0
1891,pi4b-01,2026-07-27 10:39:50.224677+00:00,30.8,62.0,80.0,97.8,True,synth01-rest-lying,synth01,lying,synth-rest,51225.0,539.0,0.855,99.5,,,1.0522205954123964,897.8607229285913,0.7929999999999999,716.0,231,1,0
1892,pi4b-01,2026-07-27 10:39:51.224677+00:00,26.2,62.0,75.7,94.4,True,synth01-rest-lying,synth01,lying,synth-rest,52134.0,513.0,0.806,99.5,,,0.9840027621130164,752.1684504004903,0.7962,909.0,232,1,0
1893,pi4b-01,2026-07-27 10:39:52.224677+00:00,29.5,64.0,80.3,99.7,True,synth01-rest-lying,synth01,lying,synth-rest,52274.0,425.0,0.712,99.7,,,0.8130236829016337,739.8067315185103,0.7855000000000001,140.0,233,1,0
1894,pi4b-01,2026-07-27 10:39:53.224677+00:00,30.4,74.0,79.3,97.3,True,synth01-rest-lying,synth01,lying,synth-rest,54074.0,454.0,0.843,99.5,,,0.8395901912194401,972.1965964877131,0.7952,1800.0,234,1,0
1895,pi4b-01,2026-07-27 10:39:54.224677+00:00,26.2,68.0,81.6,95.5,True,synth01-rest-lying,synth01,lying,synth-rest,53046.0,323.0,0.805,99.7,,,0.6089054782641481,926.4123392001358,0.8012,1028.0,235,1,0
1896,pi4b-01,2026-07-27 10:39:55.224677+00:00,26.1,65.0,80.5,96.5,True,synth01-rest-lying,synth01,lying,synth-rest,54210.0,418.0,0.813,99.5,,,0.7710754473344401,1010.4248611351601,0.8047000000000001,1164.0,236,1,0
1897,pi4b-01,2026-07-27 10:39:56.224677+00:00,27.8,69.0,82.1,97.0,True,synth01-rest-lying,synth01,lying,synth-rest,51398.0,446.0,0.793,99.5,,,0.8677380442818787,1092.7351056459834,0.8024000000000001,2812.0,237,1,0
1898,pi4b-01,2026-07-27 10:39:57.224677+00:00,28.2,67.0,80.7,96.6,True,synth01-rest-lying,synth01,lying,synth-rest,51319.0,448.0,0.754,99.5,,,0.8729710243769364,1145.3359575057402,0.7953,79.0,238,1,0
1899,pi4b-01,2026-07-27 10:39:58.224677+00:00,27.9,64.0,81.7,98.2,True,synth01-rest-lying,synth01,lying,synth-rest,53477.0,362.0,0.887,99.7,,,0.6769265291620696,1124.7500265491262,0.8045,2158.0,239,1,0
1900,pi4b-01,2026-07-27 10:39:59.224677+00:00,29.0,70.0,78.7,100.0,True,synth01-rest-lying,synth01,lying,synth-rest,50876.0,465.0,0.88,99.5,,,0.9139869486594858,1230.0817542839477,0.8148,2601.0,240,1,0
1901,pi4b-01,2026-07-27 10:40:00.224677+00:00,28.6,74.0,85.2,95.9,True,synth01-rest-lying,synth01,lying,synth-rest,53210.0,403.0,0.725,99.8,,,0.7573764330013155,1177.8634895436844,0.8018000000000001,2334.0,241,1,0
1902,pi4b-01,2026-07-27 10:40:01.224677+00:00,28.9,66.0,81.5,97.1,True,synth01-rest-lying,synth01,lying,synth-rest,50905.0,317.0,0.804,99.5,,,0.6227286121206168,1290.801254174251,0.8016,2305.0,242,1,0
1903,pi4b-01,2026-07-27 10:40:02.224677+00:00,29.6,73.0,86.9,94.4,True,synth01-rest-lying,synth01,lying,synth-rest,53877.0,308.0,0.884,99.8,,,0.571672513317371,1360.1980901488084,0.8187999999999999,2972.0,243,1,0
1904,pi4b-01,2026-07-27 10:40:03.224677+00:00,29.9,69.0,82.6,98.4,True,synth01-rest-lying,synth01,lying,synth-rest,53563.0,356.0,0.861,99.8,,,0.6646379030300767,1308.939048746488,0.8206,314.0,244,1,0
1905,pi4b-01,2026-07-27 10:40:04.224677+00:00,30.9,72.0,85.5,97.1,True,synth01-rest-lying,synth01,lying,synth-rest,53383.0,287.0,0.805,99.5,,,0.5376243373358559,1326.2616467181654,0.8206,180.0,245,1,0
1906,pi4b-01,2026-07-27 10:40:05.224677+00:00,27.6,70.0,82.6,97.4,True,synth01-rest-lying,synth01,lying,synth-rest,53717.0,332.0,0.845,99.8,,,0.6180538749371707,1268.573498943696,0.8238,334.0,246,1,0
1907,pi4b-01,2026-07-27 10:40:06.224677+00:00,28.3,70.0,81.6,95.3,True,synth01-rest-lying,synth01,lying,synth-rest,51307.0,297.0,0.741,99.4,,,0.5788683805328707,1278.2244803719934,0.8186,2410.0,247,1,0
1908,pi4b-01,2026-07-27 10:40:07.224677+00:00,28.4,72.0,82.4,98.1,True,synth01-rest-lying,synth01,lying,synth-rest,52480.0,298.0,0.73,99.6,,,0.5678353658536586,1203.160306119778,0.8161999999999999,1173.0,248,1,0
1909,pi4b-01,2026-07-27 10:40:08.224677+00:00,28.0,73.0,80.5,94.3,True,synth01-rest-lying,synth01,lying,synth-rest,52133.0,322.0,0.836,99.9,,,0.6176510079987724,1179.0002780133639,0.8111,347.0,249,1,0
1910,pi4b-01,2026-07-27 10:40:09.224677+00:00,28.8,64.0,80.1,99.6,True,synth01-rest-lying,synth01,lying,synth-rest,53777.0,415.0,0.722,99.5,,,0.771705375904197,1074.9923824019475,0.7953,1644.0,250,1,0
1911,pi4b-01,2026-07-27 10:40:10.224677+00:00,30.6,62.0,80.3,99.6,True,synth01-rest-lying,synth01,lying,synth-rest,53380.0,404.0,0.725,99.8,,,0.7568377669539154,1082.8932234220156,0.7952999999999999,397.0,251,1,0
1912,pi4b-01,2026-07-27 10:40:11.224677+00:00,28.4,67.0,81.2,98.9,True,synth01-rest-lying,synth01,lying,synth-rest,51944.0,326.0,0.855,99.4,,,0.627598952718312,911.6046231173164,0.8004,1436.0,252,1,0
1913,pi4b-01,2026-07-27 10:40:12.224677+00:00,26.7,66.0,83.8,98.2,True,synth01-rest-lying,synth01,lying,synth-rest,51090.0,324.0,0.727,99.5,,,0.6341749853200235,1018.5361172890414,0.7847,854.0,253,1,0
1914,pi4b-01,2026-07-27 10:40:13.224677+00:00,28.0,73.0,82.2,96.6,True,synth01-rest-lying,synth01,lying,synth-rest,50881.0,354.0,0.671,99.7,,,0.6957410428254162,1108.5624124163105,0.7657,209.0,254,1,0
1915,pi4b-01,2026-07-27 10:40:14.224677+00:00,28.1,62.0,83.2,98.2,True,synth01-rest-lying,synth01,lying,synth-rest,53227.0,430.0,0.744,99.6,,,0.8078606722152292,1094.342643883657,0.7595999999999999,2346.0,255,1,0
1916,pi4b-01,2026-07-27 10:40:15.224677+00:00,29.1,69.0,80.8,95.8,True,synth01-rest-lying,synth01,lying,synth-rest,52755.0,419.0,0.837,99.8,,,0.7942375130319401,1003.601868826066,0.7588,472.0,256,1,0
1917,pi4b-01,2026-07-27 10:40:16.224677+00:00,27.6,63.0,78.9,97.6,True,synth01-rest-lying,synth01,lying,synth-rest,52788.0,260.0,0.779,99.8,,,0.4925361824657119,949.0000878117506,0.7626000000000001,33.0,257,1,0
1918,pi4b-01,2026-07-27 10:40:17.224677+00:00,29.0,70.0,74.8,96.3,True,synth01-rest-lying,synth01,lying,synth-rest,53959.0,342.0,0.74,99.5,,,0.6338145629088753,1063.3363845306403,0.7636,1171.0,258,1,0
1919,pi4b-01,2026-07-27 10:40:18.224677+00:00,28.6,64.0,75.3,95.3,True,synth01-rest-lying,synth01,lying,synth-rest,53134.0,260.0,0.73,99.8,,,0.48932886663906355,1062.2951305755194,0.753,825.0,259,1,0
1920,pi4b-01,2026-07-27 10:40:19.224677+00:00,30.7,72.0,76.6,94.9,True,synth01-rest-lying,synth01,lying,synth-rest,54644.0,246.0,0.809,99.7,,,0.4501866627626088,1188.4419118231165,0.7617,1510.0,260,1,0
1921,pi4b-01,2026-07-27 10:40:20.224677+00:00,26.7,63.0,78.2,96.2,True,synth01-rest-lying,synth01,lying,synth-rest,54101.0,282.0,0.827,99.4,,,0.5212472967227962,1249.1915652399618,0.7719,543.0,261,1,0
1922,pi4b-01,2026-07-27 10:40:21.224677+00:00,27.3,64.0,75.5,97.4,True,synth01-rest-lying,synth01,lying,synth-rest,53635.0,339.0,0.876,99.5,,,0.6320499673720518,1226.828721179567,0.774,466.0,262,1,0
1923,pi4b-01,2026-07-27 10:40:22.224677+00:00,29.7,71.0,79.3,96.9,True,synth01-rest-lying,synth01,lying,synth-rest,52974.0,383.0,0.872,99.5,,,0.7229961868086231,1025.3982207469787,0.7885000000000001,661.0,263,1,0
1924,pi4b-01,2026-07-27 10:40:23.224677+00:00,26.5,72.0,,97.2,True,synth01-rest-lying,synth01,lying,synth-rest,53532.0,381.0,0.826,99.8,,,0.7117238287379511,618.3038537446481,0.8039999999999999,558.0,264,0,0
1925,pi4b-01,2026-07-27 10:40:24.224677+00:00,29.1,66.0,83.1,96.7,True,synth01-rest-lying,synth01,lying,synth-rest,54085.0,285.0,0.839,99.7,,,0.526948322085606,639.2572165324427,0.8135,553.0,265,1,0
1926,pi4b-01,2026-07-27 10:40:25.224677+00:00,30.1,67.0,82.8,97.5,True,synth01-rest-lying,synth01,lying,synth-rest,53729.0,360.0,0.893,99.8,,,0.6700292207187925,573.6968711784172,0.8190999999999999,356.0,266,1,0
1927,pi4b-01,2026-07-27 10:40:26.224677+00:00,28.4,69.0,79.8,95.0,True,synth01-rest-lying,synth01,lying,synth-rest,53672.0,253.0,0.748,99.7,,,0.47138172603964823,486.15572493675654,0.8160000000000001,57.0,267,1,0
1928,pi4b-01,2026-07-27 10:40:27.224677+00:00,28.8,72.0,81.9,95.5,True,synth01-rest-lying,synth01,lying,synth-rest,53954.0,250.0,0.644,99.7,,,0.4633576750565296,485.91540187328104,0.8064,282.0,268,1,0
1929,pi4b-01,2026-07-27 10:40:28.224677+00:00,26.2,64.0,86.0,96.8,True,synth01-rest-lying,synth01,lying,synth-rest,53934.0,217.0,0.586,99.8,,,0.4023436051470316,437.3943046927587,0.792,20.0,269,1,0
1930,pi4b-01,2026-07-27 10:40:29.224677+00:00,30.6,66.0,80.3,98.9,True,synth01-rest-lying,synth01,lying,synth-rest,53133.0,228.0,0.697,99.7,,,0.42911185139179037,380.73567675680084,0.7807999999999999,801.0,270,1,0
1931,pi4b-01,2026-07-27 10:40:30.224677+00:00,27.9,64.0,80.2,94.5,True,synth01-rest-lying,synth01,lying,synth-rest,54303.0,241.0,0.655,99.7,,,0.4438060512310554,410.0819565782092,0.7636000000000001,1170.0,271,1,0
1932,pi4b-01,2026-07-27 10:40:31.224677+00:00,29.1,71.0,,97.1,True,synth01-rest-lying,synth01,lying,synth-rest,54320.0,243.0,0.675,99.8,,,0.4473490427098674,453.80739918543435,0.7434999999999999,17.0,272,0,0
1933,pi4b-01,2026-07-27 10:40:32.224677+00:00,29.6,62.0,79.3,99.0,True,synth01-rest-lying,synth01,lying,synth-rest,54171.0,209.0,0.728,99.5,,,0.385815288623064,373.07969062310735,0.7291,149.0,273,1,0
1934,pi4b-01,2026-07-27 10:40:33.224677+00:00,26.3,67.0,86.1,95.8,True,synth01-rest-lying,synth01,lying,synth-rest,52764.0,292.0,0.795,99.6,,,0.5534076264119475,508.06107463123305,0.726,1407.0,274,1,0
1935,pi4b-01,2026-07-27 10:40:34.224677+00:00,28.6,68.0,84.6,95.7,True,synth01-rest-lying,synth01,lying,synth-rest,54740.0,267.0,0.608,99.6,,,0.4877603215199123,584.4362906063047,0.7029,1976.0,275,1,0
1936,pi4b-01,2026-07-27 10:40:35.224677+00:00,28.2,70.0,85.9,97.0,True,synth01-rest-lying,synth01,lying,synth-rest,53337.0,234.0,0.409,99.5,,,0.4387198380111367,607.7738614538728,0.6545,1403.0,276,1,0
1937,pi4b-01,2026-07-27 10:40:36.224677+00:00,26.6,63.0,86.3,96.8,True,synth01-rest-lying,synth01,lying,synth-rest,52301.0,226.0,0.647,99.7,,,0.4321141087168506,778.6806576938781,0.6444000000000001,1036.0,277,1,0
1938,pi4b-01,2026-07-27 10:40:37.224677+00:00,30.9,65.0,84.4,95.3,True,synth01-rest-lying,synth01,lying,synth-rest,53458.0,256.0,0.61,99.5,,,0.47888061655879377,776.1924804238815,0.641,1157.0,278,1,0
1939,pi4b-01,2026-07-27 10:40:38.224677+00:00,28.5,64.0,,93.1,True,synth01-rest-lying,synth01,lying,synth-rest,54455.0,293.0,0.642,99.6,,,0.538058947755027,814.2182071710215,0.6466000000000001,997.0,279,0,0
1940,pi4b-01,2026-07-27 10:40:39.224677+00:00,28.6,64.0,76.5,95.2,True,synth01-rest-lying,synth01,lying,synth-rest,53083.0,359.0,0.594,99.5,,,0.6762993802158883,818.218362595703,0.6363,1372.0,280,1,0
1941,pi4b-01,2026-07-27 10:40:40.224677+00:00,27.1,64.0,74.3,96.2,True,synth01-rest-lying,synth01,lying,synth-rest,53630.0,405.0,0.677,99.6,,,0.7551743427186276,789.6677852812692,0.6385,547.0,281,1,0
1942,pi4b-01,2026-07-27 10:40:41.224677+00:00,31.0,72.0,74.6,94.8,True,synth01-rest-lying,synth01,lying,synth-rest,53282.0,343.0,0.677,99.9,,,0.6437446041815247,755.7869261754304,0.6386999999999999,348.0,282,1,0
1943,pi4b-01,2026-07-27 10:40:42.224677+00:00,30.3,74.0,75.6,99.1,True,synth01-rest-lying,synth01,lying,synth-rest,54810.0,407.0,0.699,99.7,,,0.7425652253238461,839.1601621726904,0.6358,1528.0,283,1,0
1944,pi4b-01,2026-07-27 10:40:43.224677+00:00,29.5,69.0,82.9,95.8,True,synth01-rest-lying,synth01,lying,synth-rest,54006.0,433.0,0.725,99.5,,,0.8017627670999519,794.7164134316578,0.6288,804.0,284,1,0
1945,pi4b-01,2026-07-27 10:40:44.224677+00:00,27.4,65.0,79.1,97.7,True,synth01-rest-lying,synth01,lying,synth-rest,53385.0,364.0,0.601,99.9,,,0.6818394680153601,710.6985687022848,0.6281,621.0,285,1,0
1946,pi4b-01,2026-07-27 10:40:45.224677+00:00,29.2,67.0,78.4,94.2,True,synth01-rest-lying,synth01,lying,synth-rest,52925.0,296.0,0.593,99.4,,,0.5592820028341994,737.4480396007832,0.6465,460.0,286,1,0
1947,pi4b-01,2026-07-27 10:40:46.224677+00:00,26.3,68.0,79.2,94.5,True,synth01-rest-lying,synth01,lying,synth-rest,53389.0,326.0,0.592,99.6,,,0.6106126730225327,603.5005385249542,0.6409999999999999,464.0,287,1,0
1948,pi4b-01,2026-07-27 10:40:47.224677+00:00,29.2,73.0,79.1,97.4,True,synth01-rest-lying,synth01,lying,synth-rest,55579.0,386.0,0.744,99.5,,,0.69450691808057,852.7662438596765,0.6544000000000001,2190.0,288,1,0
1949,pi4b-01,2026-07-27 10:40:48.224677+00:00,26.8,66.0,79.6,95.0,True,synth01-rest-lying,synth01,lying,synth-rest,52696.0,404.0,0.925,99.8,,,0.7666616061940185,895.4610544294508,0.6827,2883.0,289,1,0
1950,pi4b-01,2026-07-27 10:40:49.224677+00:00,27.7,70.0,81.2,99.6,True,synth01-rest-lying,synth01,lying,synth-rest,54621.0,377.0,0.833,99.6,,,0.690210724812801,913.7101473296732,0.7066000000000001,1925.0,290,1,0
1951,pi4b-01,2026-07-27 10:40:50.224677+00:00,29.3,69.0,83.7,93.6,True,synth01-rest-lying,synth01,lying,synth-rest,55074.0,319.0,0.702,99.7,,,0.5792206848966845,989.1733978989572,0.7091,453.0,291,1,0
1952,pi4b-01,2026-07-27 10:40:51.224677+00:00,28.6,74.0,81.7,96.8,True,synth01-rest-lying,synth01,lying,synth-rest,54966.0,201.0,0.535,99.7,,,0.36568060255430634,1001.0381777600522,0.6949,108.0,292,1,0
1953,pi4b-01,2026-07-27 10:40:52.224677+00:00,28.6,67.0,79.7,94.7,True,synth01-rest-lying,synth01,lying,synth-rest,55919.0,207.0,0.557,99.5,,,0.37017829360324755,1135.3089643107119,0.6807000000000001,953.0,293,1,0
1954,pi4b-01,2026-07-27 10:40:53.224677+00:00,29.5,71.0,81.3,95.7,True,synth01-rest-lying,synth01,lying,synth-rest,55096.0,199.0,0.442,99.5,,,0.36118774502686224,1160.6812175996859,0.6524,823.0,294,1,0
1955,pi4b-01,2026-07-27 10:40:54.224677+00:00,28.0,69.0,81.7,93.1,True,synth01-rest-lying,synth01,lying,synth-rest,54827.0,174.0,0.412,99.8,,,0.31736188374341107,1114.0384792874581,0.6335,269.0,295,1,0
1956,pi4b-01,2026-07-27 10:40:55.224677+00:00,31.0,65.0,80.8,94.2,True,synth01-rest-lying,synth01,lying,synth-rest,54282.0,215.0,0.689,99.7,,,0.39607973177112116,973.3973095411658,0.6431,545.0,296,1,0
1957,pi4b-01,2026-07-27 10:40:56.224677+00:00,30.2,69.0,80.6,95.2,True,synth01-rest-lying,synth01,lying,synth-rest,56773.0,166.0,0.671,99.7,,,0.292392510524369,1071.5461363011532,0.651,2491.0,297,1,0
1958,pi4b-01,2026-07-27 10:40:57.224677+00:00,30.4,67.0,79.2,95.5,True,synth01-rest-lying,synth01,lying,synth-rest,56895.0,176.0,0.637,99.5,,,0.3093417699270586,1222.9496628142408,0.6403000000000001,122.0,298,1,0
1959,pi4b-01,2026-07-27 10:40:58.224677+00:00,27.9,65.0,79.1,95.4,True,synth01-rest-lying,synth01,lying,synth-rest,54197.0,159.0,0.635,99.8,,,0.29337417200214033,956.0692675973379,0.6113,2698.0,299,1,0
1960,pi4b-01,2026-07-27 10:40:59.224677+00:00,26.3,66.0,,95.5,True,synth01-rest-lying,synth01,lying,synth-rest,54266.0,252.0,0.529,99.8,,,0.4643791692772638,988.6735502118787,0.5809,69.0,300,0,0
1961,pi4b-01,2026-07-27 10:41:00.224677+00:00,29.6,65.0,76.6,97.0,True,synth01-rest-lying,synth01,lying,synth-rest,55236.0,266.0,0.513,99.7,,,0.4815699905858498,987.1685716677559,0.5619999999999999,970.0,301,1,0
1962,pi4b-01,2026-07-27 10:41:01.224677+00:00,26.2,72.0,75.6,95.8,True,synth01-rest-lying,synth01,lying,synth-rest,53546.0,238.0,0.551,99.5,,,0.4444776453890113,1124.456614448717,0.5636,1690.0,302,1,0
1963,pi4b-01,2026-07-27 10:41:02.224677+00:00,27.7,64.0,77.1,94.4,True,synth01-rest-lying,synth01,lying,synth-rest,56252.0,306.0,0.57,99.5,,,0.5439806584654767,1155.7784293615555,0.5649,2706.0,303,1,0
1964,pi4b-01,2026-07-27 10:41:03.224677+00:00,28.5,65.0,77.8,96.8,True,synth01-rest-lying,synth01,lying,synth-rest,54472.0,333.0,0.765,99.8,,,0.6113232486415039,1174.924129938103,0.5972,1780.0,304,1,0
1965,pi4b-01,2026-07-27 10:41:04.224677+00:00,30.4,71.0,74.0,95.0,True,synth01-rest-lying,synth01,lying,synth-rest,56443.0,363.0,0.686,99.5,,,0.6431266941870559,1246.0643643085496,0.6246,1971.0,305,1,0
1966,pi4b-01,2026-07-27 10:41:05.224677+00:00,28.8,64.0,76.2,97.8,True,synth01-rest-lying,synth01,lying,synth-rest,54568.0,319.0,0.742,99.5,,,0.5845917020964668,1224.831126681778,0.6298999999999999,1875.0,306,1,0
1967,pi4b-01,2026-07-27 10:41:06.224677+00:00,28.8,66.0,75.7,98.5,True,synth01-rest-lying,synth01,lying,synth-rest,56044.0,354.0,0.767,99.5,,,0.6316465634144601,1144.1271733896394,0.6395000000000001,1476.0,307,1,0
736,pi4b-01,2026-07-26 16:35:58.182081+00:00,27.1,64.0,,,True,synth01-rest-morning,synth01,sitting,synth-rest,50151.0,783.0,0.533,99.5,,,1.5612849195429803,0.0,0.533,0.0,0,0,0
737,pi4b-01,2026-07-26 16:35:59.182081+00:00,30.4,74.0,,,True,synth01-rest-morning,synth01,sitting,synth-rest,50745.0,593.0,0.495,99.8,,,1.1685880382303675,420.0214280248092,0.514,594.0,1,0,0
738,pi4b-01,2026-07-26 16:36:00.182081+00:00,29.5,66.0,,95.2,True,synth01-rest-morning,synth01,sitting,synth-rest,50826.0,412.0,0.651,99.6,,,0.8106087435564475,368.56071412997886,0.5596666666666666,81.0,2,0,0
739,pi4b-01,2026-07-26 16:36:01.182081+00:00,28.8,64.0,101.8,95.3,True,synth01-rest-morning,synth01,sitting,synth-rest,51694.0,593.0,0.431,99.5,,,1.147135064030642,635.734221196248,0.5275,868.0,3,1,0
740,pi4b-01,2026-07-26 16:36:02.182081+00:00,28.0,68.0,99.2,93.3,True,synth01-rest-morning,synth01,sitting,synth-rest,51470.0,1413.0,0.44,99.7,,,2.745288517583058,615.637636926139,0.51,224.0,4,1,0
741,pi4b-01,2026-07-26 16:36:03.182081+00:00,30.5,66.0,100.4,90.9,True,synth01-rest-morning,synth01,sitting,synth-rest,53193.0,1169.0,0.539,99.5,,,2.1976575865245427,1059.0102454650764,0.5148333333333334,1723.0,5,1,0
742,pi4b-01,2026-07-26 16:36:04.182081+00:00,29.8,66.0,99.9,91.8,True,synth01-rest-morning,synth01,sitting,synth-rest,51366.0,1424.0,0.461,99.5,,,2.7722618074212515,966.7677615445738,0.5071428571428572,1827.0,6,1,0
743,pi4b-01,2026-07-26 16:36:05.182081+00:00,27.6,74.0,98.5,92.6,True,synth01-rest-morning,synth01,sitting,synth-rest,51739.0,1712.0,0.555,99.7,,,3.308915904830012,905.5962518852274,0.513125,373.0,7,1,0
744,pi4b-01,2026-07-26 16:36:06.182081+00:00,29.5,71.0,95.8,92.3,True,synth01-rest-morning,synth01,sitting,synth-rest,50344.0,637.0,0.49,99.9,,,1.2652947719688543,917.0750302516758,0.5105555555555557,1395.0,8,1,0
745,pi4b-01,2026-07-26 16:36:07.182081+00:00,30.8,68.0,97.6,96.2,True,synth01-rest-morning,synth01,sitting,synth-rest,53189.0,290.0,0.796,99.9,,,0.5452255165541747,1054.3566811620774,0.5391,2845.0,9,1,0
746,pi4b-01,2026-07-26 16:36:08.182081+00:00,28.3,71.0,96.0,98.5,True,synth01-rest-morning,synth01,sitting,synth-rest,51029.0,367.0,0.76,99.6,,,0.7191988869074448,964.9213266721102,0.5618000000000001,2160.0,10,1,0
747,pi4b-01,2026-07-26 16:36:09.182081+00:00,28.0,71.0,94.9,98.5,True,synth01-rest-morning,synth01,sitting,synth-rest,51842.0,292.0,0.861,99.6,,,0.5632498746190348,923.5026078288375,0.5984,813.0,11,1,0
748,pi4b-01,2026-07-26 16:36:10.182081+00:00,29.5,65.0,93.2,100.0,True,synth01-rest-morning,synth01,sitting,synth-rest,51685.0,319.0,0.869,99.5,,,0.6172003482635193,875.0358024421355,0.6202,157.0,12,1,0
749,pi4b-01,2026-07-26 16:36:11.182081+00:00,29.8,71.0,89.6,99.0,True,synth01-rest-morning,synth01,sitting,synth-rest,52551.0,305.0,0.888,99.5,,,0.5803885749081844,909.6682911919025,0.6658999999999999,866.0,13,1,0
750,pi4b-01,2026-07-26 16:36:12.182081+00:00,26.8,65.0,89.1,98.4,True,synth01-rest-morning,synth01,sitting,synth-rest,51944.0,402.0,0.807,99.8,,,0.7739103650084707,900.5034147630957,0.7026000000000001,607.0,14,1,0
751,pi4b-01,2026-07-26 16:36:13.182081+00:00,30.9,72.0,93.8,99.2,True,synth01-rest-morning,synth01,sitting,synth-rest,51149.0,415.0,0.822,99.5,,,0.8113550607049991,797.5154195653141,0.7309,795.0,15,1,0
752,pi4b-01,2026-07-26 16:36:14.182081+00:00,27.4,65.0,91.4,95.9,True,synth01-rest-morning,synth01,sitting,synth-rest,53055.0,375.0,0.864,99.6,,,0.7068136839129205,895.5568162384263,0.7712000000000001,1906.0,16,1,0
753,pi4b-01,2026-07-26 16:36:15.182081+00:00,26.4,63.0,88.6,98.1,True,synth01-rest-morning,synth01,sitting,synth-rest,50847.0,364.0,0.824,99.8,,,0.7158731095246524,950.8555504269679,0.7981,2208.0,17,1,0
754,pi4b-01,2026-07-26 16:36:16.182081+00:00,29.0,63.0,90.9,98.9,True,synth01-rest-morning,synth01,sitting,synth-rest,51991.0,348.0,0.852,99.5,,,0.6693466176838299,809.8457740692206,0.8343,1144.0,18,1,0
755,pi4b-01,2026-07-26 16:36:17.182081+00:00,26.3,64.0,90.1,95.6,True,synth01-rest-morning,synth01,sitting,synth-rest,50132.0,364.0,0.772,99.9,,,0.7260831405090561,856.6630674373109,0.8319000000000001,1859.0,19,1,0
756,pi4b-01,2026-07-26 16:36:18.182081+00:00,28.6,69.0,93.7,97.4,True,synth01-rest-morning,synth01,sitting,synth-rest,50093.0,420.0,0.711,99.5,,,0.8384405006687561,972.0746942036408,0.827,39.0,20,1,0
757,pi4b-01,2026-07-26 16:36:19.182081+00:00,27.1,64.0,91.7,97.0,True,synth01-rest-morning,synth01,sitting,synth-rest,50663.0,304.0,0.765,99.9,,,0.6000434241951721,1000.9501042065482,0.8173999999999999,570.0,21,1,0
758,pi4b-01,2026-07-26 16:36:20.182081+00:00,30.2,65.0,92.2,97.8,True,synth01-rest-morning,synth01,sitting,synth-rest,50655.0,379.0,0.718,99.5,,,0.7481985983614649,1022.3871847570971,0.8023,8.0,22,1,0
759,pi4b-01,2026-07-26 16:36:21.182081+00:00,26.0,71.0,86.8,99.7,True,synth01-rest-morning,synth01,sitting,synth-rest,50266.0,397.0,0.802,99.4,,,0.789798273186647,967.5899326562683,0.7937000000000001,389.0,23,1,0
760,pi4b-01,2026-07-26 16:36:22.182081+00:00,30.2,64.0,88.3,99.9,True,synth01-rest-morning,synth01,sitting,synth-rest,50436.0,388.0,0.877,99.4,,,0.7692917757157586,934.8439025966871,0.8007,170.0,24,1,0
761,pi4b-01,2026-07-26 16:36:23.182081+00:00,26.1,63.0,87.6,97.0,True,synth01-rest-morning,synth01,sitting,synth-rest,50491.0,697.0,0.784,99.6,,,1.3804440395317978,940.7532974519133,0.7968999999999999,55.0,25,1,0
762,pi4b-01,2026-07-26 16:36:24.182081+00:00,30.5,65.0,90.7,96.5,True,synth01-rest-morning,synth01,sitting,synth-rest,51423.0,492.0,0.804,99.9,,,0.9567703167843182,596.9569219522008,0.7908999999999999,932.0,26,1,0
763,pi4b-01,2026-07-26 16:36:25.182081+00:00,26.4,65.0,87.6,96.4,True,synth01-rest-morning,synth01,sitting,synth-rest,52490.0,649.0,0.817,99.6,,,1.2364259859020768,824.6716518307846,0.7902,1067.0,27,1,0
764,pi4b-01,2026-07-26 16:36:26.182081+00:00,26.3,70.0,87.5,98.6,True,synth01-rest-morning,synth01,sitting,synth-rest,51683.0,667.0,0.707,99.7,,,1.2905597585279494,782.5808868381757,0.7757000000000001,807.0,28,1,0
765,pi4b-01,2026-07-26 16:36:27.182081+00:00,28.4,73.0,87.6,98.4,True,synth01-rest-morning,synth01,sitting,synth-rest,50478.0,424.0,0.816,99.9,,,0.8399698878719442,755.3078548218185,0.7801,1205.0,29,1,0
766,pi4b-01,2026-07-26 16:36:28.182081+00:00,30.1,71.0,84.8,98.8,True,synth01-rest-morning,synth01,sitting,synth-rest,50165.0,515.0,0.865,99.9,,,1.026612179806638,747.4032081517562,0.7955,313.0,30,1,0
767,pi4b-01,2026-07-26 16:36:29.182081+00:00,28.1,68.0,82.4,97.3,True,synth01-rest-morning,synth01,sitting,synth-rest,50356.0,506.0,0.838,99.5,,,1.0048455000397172,763.2165922375165,0.8028000000000001,191.0,31,1,0
768,pi4b-01,2026-07-26 16:36:30.182081+00:00,27.3,69.0,84.7,95.3,True,synth01-rest-morning,synth01,sitting,synth-rest,52931.0,623.0,0.841,99.5,,,1.1770040241068562,1002.3838752360896,0.8150999999999999,2575.0,32,1,0
769,pi4b-01,2026-07-26 16:36:31.182081+00:00,28.6,68.0,85.4,100.0,True,synth01-rest-morning,synth01,sitting,synth-rest,52169.0,603.0,0.835,99.6,,,1.1558588433744177,1012.9699787149518,0.8183999999999999,762.0,33,1,0
770,pi4b-01,2026-07-26 16:36:32.182081+00:00,31.0,68.0,85.2,98.1,True,synth01-rest-morning,synth01,sitting,synth-rest,52863.0,428.0,0.784,99.7,,,0.8096400128634395,1081.4545195142405,0.8090999999999999,694.0,34,1,0
771,pi4b-01,2026-07-26 16:36:33.182081+00:00,29.4,64.0,79.4,99.0,True,synth01-rest-morning,synth01,sitting,synth-rest,51337.0,545.0,0.762,99.5,,,1.0616124822252957,1024.940133753079,0.8069000000000001,1526.0,35,1,0
772,pi4b-01,2026-07-26 16:36:34.182081+00:00,28.8,69.0,85.4,96.9,True,synth01-rest-morning,synth01,sitting,synth-rest,50291.0,523.0,0.752,99.9,,,1.039947505517886,1104.775396982471,0.8017,1046.0,36,1,0
773,pi4b-01,2026-07-26 16:36:35.182081+00:00,26.9,70.0,81.3,100.0,True,synth01-rest-morning,synth01,sitting,synth-rest,50157.0,560.0,0.832,99.9,,,1.1164942081862952,1113.225244254027,0.8032,134.0,37,1,0
774,pi4b-01,2026-07-26 16:36:36.182081+00:00,30.1,73.0,83.2,97.8,True,synth01-rest-morning,synth01,sitting,synth-rest,51703.0,508.0,0.803,99.8,,,0.9825348625805079,1114.1211783284589,0.8128,1546.0,38,1,0
775,pi4b-01,2026-07-26 16:36:37.182081+00:00,26.2,66.0,81.3,99.1,True,synth01-rest-morning,synth01,sitting,synth-rest,51877.0,586.0,0.767,99.8,,,1.1295950035661275,1094.7759232930814,0.8079000000000001,174.0,39,1,0
776,pi4b-01,2026-07-26 16:36:38.182081+00:00,26.4,71.0,81.0,97.5,True,synth01-rest-morning,synth01,sitting,synth-rest,50259.0,805.0,0.727,99.7,,,1.601703177540341,1083.4830717028594,0.7941,1618.0,40,1,0
777,pi4b-01,2026-07-26 16:36:39.182081+00:00,30.7,65.0,,76.5,True,synth01-rest-morning,synth01,sitting,synth-rest,52120.0,3636.0,0.178,99.4,,,6.9762087490406754,1038.3118831385225,0.7281,1861.0,41,0,0
778,pi4b-01,2026-07-26 16:36:40.182081+00:00,27.7,67.0,,76.9,True,synth01-rest-morning,synth01,sitting,synth-rest,52378.0,6685.0,0.218,99.6,,,12.762992095918133,970.3126872875096,0.6658000000000001,258.0,42,0,0
779,pi4b-01,2026-07-26 16:36:41.182081+00:00,28.6,68.0,,76.7,True,synth01-rest-morning,synth01,sitting,synth-rest,52204.0,6138.0,0.289,99.7,,,11.75771971496437,972.9916580663289,0.6112,174.0,43,0,0
780,pi4b-01,2026-07-26 16:36:42.182081+00:00,28.1,64.0,,76.3,True,synth01-rest-morning,synth01,sitting,synth-rest,52497.0,5659.0,0.323,99.5,,,10.779663599824751,922.3818262158737,0.5650999999999999,293.0,44,0,0
781,pi4b-01,2026-07-26 16:36:43.182081+00:00,28.0,73.0,,80.0,True,synth01-rest-morning,synth01,sitting,synth-rest,51993.0,5833.0,0.122,99.8,,,11.218817917796626,934.1521943571182,0.5011,504.0,45,0,0
782,pi4b-01,2026-07-26 16:36:44.182081+00:00,29.0,71.0,,90.3,True,synth01-rest-morning,synth01,sitting,synth-rest,52301.0,2852.0,0.279,99.7,,,5.453050610886981,845.7156666923497,0.45380000000000004,308.0,46,0,0
783,pi4b-01,2026-07-26 16:36:45.182081+00:00,27.2,70.0,,76.1,True,synth01-rest-morning,synth01,sitting,synth-rest,49339.0,2549.0,0.283,99.6,,,5.166298465716776,1035.142228552836,0.3989,2962.0,47,0,0
784,pi4b-01,2026-07-26 16:36:46.182081+00:00,26.9,68.0,,73.2,True,synth01-rest-morning,synth01,sitting,synth-rest,50314.0,2613.0,0.341,99.4,,,5.193385538816234,1119.5402627864707,0.3527,975.0,48,0,0
785,pi4b-01,2026-07-26 16:36:47.182081+00:00,27.3,68.0,,72.2,True,synth01-rest-morning,synth01,sitting,synth-rest,48047.0,3433.0,0.298,99.7,,,7.145087102212417,1556.7250381632748,0.30579999999999996,2267.0,49,0,0
786,pi4b-01,2026-07-26 16:36:48.182081+00:00,29.8,63.0,,70.0,True,synth01-rest-morning,synth01,sitting,synth-rest,49943.0,2504.0,0.373,99.7,,,5.01371563582484,1579.7497832814483,0.2704,1896.0,50,0,0
787,pi4b-01,2026-07-26 16:36:49.182081+00:00,27.8,70.0,83.3,91.4,True,synth01-rest-morning,synth01,sitting,synth-rest,47931.0,737.0,0.456,99.8,,,1.5376270054870542,1820.3117590127272,0.29819999999999997,2012.0,51,1,0
788,pi4b-01,2026-07-26 16:36:50.182081+00:00,27.1,64.0,83.7,94.6,True,synth01-rest-morning,synth01,sitting,synth-rest,48599.0,827.0,0.373,99.6,,,1.7016811045494764,1824.2864541147806,0.3137,668.0,52,1,0
789,pi4b-01,2026-07-26 16:36:51.182081+00:00,27.0,69.0,,92.2,True,synth01-rest-morning,synth01,sitting,synth-rest,47801.0,764.0,0.325,99.7,,,1.5982929227422022,1849.3624877538552,0.3173,798.0,53,0,0
790,pi4b-01,2026-07-26 16:36:52.182081+00:00,30.8,64.0,,89.9,True,synth01-rest-morning,synth01,sitting,synth-rest,48840.0,748.0,0.36,99.6,,,1.5315315315315314,1621.0840543016684,0.321,1039.0,54,0,0
791,pi4b-01,2026-07-26 16:36:53.182081+00:00,27.9,63.0,,92.4,True,synth01-rest-morning,synth01,sitting,synth-rest,49214.0,889.0,0.247,99.6,,,1.806396553826147,1366.4923018850645,0.3335,374.0,55,0,0
792,pi4b-01,2026-07-26 16:36:54.182081+00:00,27.7,63.0,83.8,93.2,True,synth01-rest-morning,synth01,sitting,synth-rest,47551.0,377.0,0.475,99.6,,,0.792832958297407,940.7450298094366,0.3531,1663.0,56,1,0
793,pi4b-01,2026-07-26 16:36:55.182081+00:00,30.4,72.0,,79.2,True,synth01-rest-morning,synth01,sitting,synth-rest,47964.0,7800.0,0.082,99.9,,,16.262196647485613,946.8396790258788,0.333,413.0,57,0,0
794,pi4b-01,2026-07-26 16:36:56.182081+00:00,26.2,64.0,,78.5,True,synth01-rest-morning,synth01,sitting,synth-rest,50969.0,8600.0,0.077,99.7,,,16.87300123604544,1088.999892868092,0.3066,3005.0,58,0,0
795,pi4b-01,2026-07-26 16:36:57.182081+00:00,27.8,67.0,,76.8,True,synth01-rest-morning,synth01,sitting,synth-rest,49303.0,6387.0,0.039,99.8,,,12.954586941971078,1079.5139080983731,0.2807,1666.0,59,0,0
796,pi4b-01,2026-07-26 16:36:58.182081+00:00,26.8,69.0,,77.2,True,synth01-rest-morning,synth01,sitting,synth-rest,49793.0,8589.0,0.044,99.4,,,17.24941256803165,1062.9598351354375,0.24780000000000002,490.0,60,0,0
797,pi4b-01,2026-07-26 16:36:59.182081+00:00,30.2,71.0,,92.0,True,synth01-rest-morning,synth01,sitting,synth-rest,49846.0,1084.0,0.335,99.4,,,2.1746980700557716,1062.208914375047,0.23570000000000002,53.0,61,0,0
798,pi4b-01,2026-07-26 16:37:00.182081+00:00,28.7,71.0,,80.1,True,synth01-rest-morning,synth01,sitting,synth-rest,49995.0,4689.0,0.036,99.6,,,9.378937893789379,1096.5823878456952,0.202,149.0,62,0,0
799,pi4b-01,2026-07-26 16:37:01.182081+00:00,29.9,74.0,,81.1,True,synth01-rest-morning,synth01,sitting,synth-rest,49877.0,6913.0,0.015,99.4,,,13.86009583575596,1010.6758794654978,0.17099999999999999,118.0,63,0,0
800,pi4b-01,2026-07-26 16:37:02.182081+00:00,30.2,68.0,,80.1,True,synth01-rest-morning,synth01,sitting,synth-rest,51259.0,9683.0,0.092,99.5,,,18.89034120837316,1157.7669550571206,0.14420000000000002,1382.0,64,0,0
801,pi4b-01,2026-07-26 16:37:03.182081+00:00,28.0,72.0,,78.9,True,synth01-rest-morning,synth01,sitting,synth-rest,50903.0,6865.0,0.079,99.7,,,13.486434984185609,1220.4150477968121,0.1274,356.0,65,0,0
802,pi4b-01,2026-07-26 16:37:04.182081+00:00,30.5,67.0,,77.3,True,synth01-rest-morning,synth01,sitting,synth-rest,48942.0,7198.0,0.053,99.8,,,14.707204446079034,1002.1986330064512,0.0852,1961.0,66,0,0
803,pi4b-01,2026-07-26 16:37:05.182081+00:00,28.8,63.0,87.6,94.7,True,synth01-rest-morning,synth01,sitting,synth-rest,48440.0,552.0,0.676,99.4,,,1.139554087530966,907.661837421354,0.1446,502.0,67,1,0
804,pi4b-01,2026-07-26 16:37:06.182081+00:00,27.3,69.0,85.9,91.8,True,synth01-rest-morning,synth01,sitting,synth-rest,50120.0,447.0,0.668,99.6,,,0.8918595371109337,836.9079067881038,0.2037,1680.0,68,1,0
805,pi4b-01,2026-07-26 16:37:07.182081+00:00,26.4,65.0,85.4,96.5,True,synth01-rest-morning,synth01,sitting,synth-rest,50597.0,355.0,0.749,99.4,,,0.7016226258473822,843.3256653142809,0.2747,477.0,69,1,0
806,pi4b-01,2026-07-26 16:37:08.182081+00:00,29.8,73.0,,95.2,True,synth01-rest-morning,synth01,sitting,synth-rest,49592.0,300.0,0.918,99.9,,,0.6049362800451685,850.5679736374836,0.3621,1005.0,70,0,0
807,pi4b-01,2026-07-26 16:37:09.182081+00:00,30.5,69.0,82.7,98.2,True,synth01-rest-morning,synth01,sitting,synth-rest,48296.0,376.0,0.87,99.7,,,0.7785323836342555,1000.9913364038459,0.41559999999999997,1296.0,71,1,0
808,pi4b-01,2026-07-26 16:37:10.182081+00:00,30.2,65.0,84.2,98.3,True,synth01-rest-morning,synth01,sitting,synth-rest,47783.0,383.0,0.79,99.5,,,0.8015402967582612,1181.7178127154114,0.491,513.0,72,1,0
809,pi4b-01,2026-07-26 16:37:11.182081+00:00,28.8,67.0,84.9,96.5,True,synth01-rest-morning,synth01,sitting,synth-rest,48896.0,371.0,0.738,99.6,,,0.758753272251309,1195.0494922340652,0.5633,1113.0,73,1,0
810,pi4b-01,2026-07-26 16:37:12.182081+00:00,30.6,72.0,82.8,95.7,True,synth01-rest-morning,synth01,sitting,synth-rest,49507.0,320.0,0.704,99.7,,,0.6463732401478578,1021.5477581700385,0.6245,611.0,74,1,0
811,pi4b-01,2026-07-26 16:37:13.182081+00:00,30.7,65.0,87.9,94.9,True,synth01-rest-morning,synth01,sitting,synth-rest,50221.0,358.0,0.704,99.7,,,0.712849206507238,921.0214378009332,0.687,714.0,75,1,0
812,pi4b-01,2026-07-26 16:37:14.182081+00:00,30.3,66.0,81.4,97.1,True,synth01-rest-morning,synth01,sitting,synth-rest,49251.0,367.0,0.682,99.8,,,0.7451625347708676,915.0995149284213,0.7499,970.0,76,1,0
813,pi4b-01,2026-07-26 16:37:15.182081+00:00,29.3,73.0,85.1,97.0,True,synth01-rest-morning,synth01,sitting,synth-rest,49891.0,249.0,0.575,99.6,,,0.4990880118658676,883.3015340188263,0.7398,640.0,77,1,0
814,pi4b-01,2026-07-26 16:37:16.182081+00:00,30.2,68.0,86.6,97.6,True,synth01-rest-morning,synth01,sitting,synth-rest,49193.0,249.0,0.785,99.7,,,0.5061695769723334,849.1212516478492,0.7515000000000001,698.0,78,1,0
815,pi4b-01,2026-07-26 16:37:17.182081+00:00,29.7,69.0,85.1,96.9,True,synth01-rest-morning,synth01,sitting,synth-rest,48717.0,326.0,0.656,99.6,,,0.6691709259601372,736.2558507596284,0.7422,476.0,79,1,0
816,pi4b-01,2026-07-26 16:37:18.182081+00:00,28.5,63.0,87.9,97.1,True,synth01-rest-morning,synth01,sitting,synth-rest,49467.0,324.0,0.82,99.5,,,0.6549821092849779,728.6510824805011,0.7323999999999999,750.0,80,1,0
817,pi4b-01,2026-07-26 16:37:19.182081+00:00,28.5,63.0,88.0,97.5,True,synth01-rest-morning,synth01,sitting,synth-rest,51315.0,326.0,0.769,99.6,,,0.635291825002436,942.3800188883545,0.7223,1848.0,81,1,0
818,pi4b-01,2026-07-26 16:37:20.182081+00:00,30.0,72.0,87.6,94.4,True,synth01-rest-morning,synth01,sitting,synth-rest,49057.0,341.0,0.803,99.7,,,0.6951097702672402,765.35877570952,0.7236,2258.0,82,1,0
819,pi4b-01,2026-07-26 16:37:21.182081+00:00,26.9,65.0,88.8,96.9,True,synth01-rest-morning,synth01,sitting,synth-rest,48777.0,285.0,0.902,99.8,,,0.5842917768620457,777.5117291005378,0.74,280.0,83,1,0
820,pi4b-01,2026-07-26 16:37:22.182081+00:00,31.0,70.0,,96.7,True,synth01-rest-morning,synth01,sitting,synth-rest,49428.0,290.0,0.761,99.4,,,0.5867119851096545,778.2807334118061,0.7457,651.0,84,0,0
821,pi4b-01,2026-07-26 16:37:23.182081+00:00,30.5,69.0,88.7,96.4,True,synth01-rest-morning,synth01,sitting,synth-rest,50494.0,405.0,0.745,99.5,,,0.8020754941181131,809.3153485096857,0.7498,1066.0,85,1,0
822,pi4b-01,2026-07-26 16:37:24.182081+00:00,26.8,65.0,84.4,97.0,True,synth01-rest-morning,synth01,sitting,synth-rest,48502.0,300.0,0.767,99.7,,,0.6185311945899138,873.1301862965441,0.7583,1992.0,86,1,0
823,pi4b-01,2026-07-26 16:37:25.182081+00:00,27.9,66.0,,99.1,True,synth01-rest-morning,synth01,sitting,synth-rest,50091.0,369.0,0.756,99.4,,,0.7366592801101994,885.6866074784488,0.7764,1589.0,87,0,0
824,pi4b-01,2026-07-26 16:37:26.182081+00:00,30.2,67.0,84.7,97.6,True,synth01-rest-morning,synth01,sitting,synth-rest,49754.0,292.0,0.74,99.9,,,0.5868874864332516,881.5492423379918,0.7718999999999999,337.0,88,1,0
825,pi4b-01,2026-07-26 16:37:27.182081+00:00,30.6,65.0,83.0,100.0,True,synth01-rest-morning,synth01,sitting,synth-rest,50323.0,439.0,0.782,99.8,,,0.8723645251674186,856.8103381470065,0.7845,569.0,89,1,0
826,pi4b-01,2026-07-26 16:37:28.182081+00:00,26.7,67.0,82.7,100.0,True,synth01-rest-morning,synth01,sitting,synth-rest,50572.0,339.0,0.832,99.6,,,0.6703314086846477,891.0131623918896,0.7857,249.0,90,1,0
827,pi4b-01,2026-07-26 16:37:29.182081+00:00,27.8,63.0,86.3,99.2,True,synth01-rest-morning,synth01,sitting,synth-rest,49043.0,345.0,0.809,99.6,,,0.7034643068327794,748.998805814225,0.7897,1529.0,91,1,0
828,pi4b-01,2026-07-26 16:37:30.182081+00:00,29.9,69.0,84.9,99.6,True,synth01-rest-morning,synth01,sitting,synth-rest,48260.0,332.0,0.817,99.8,,,0.6879403232490675,849.3630554715797,0.7910999999999999,783.0,92,1,0
829,pi4b-01,2026-07-26 16:37:31.182081+00:00,29.1,65.0,88.9,99.2,True,synth01-rest-morning,synth01,sitting,synth-rest,50693.0,391.0,0.896,99.9,,,0.7713096482749098,877.6655905804444,0.7905,2433.0,93,1,0
830,pi4b-01,2026-07-26 16:37:32.182081+00:00,28.7,67.0,86.8,100.0,True,synth01-rest-morning,synth01,sitting,synth-rest,48370.0,274.0,0.801,99.4,,,0.5664668182757908,974.6513678690009,0.7945,2323.0,94,1,0
831,pi4b-01,2026-07-26 16:37:33.182081+00:00,28.0,70.0,89.6,99.6,True,synth01-rest-morning,synth01,sitting,synth-rest,50866.0,263.0,0.857,99.6,,,0.5170447843353124,1018.2556107819476,0.8057000000000001,2496.0,95,1,0
832,pi4b-01,2026-07-26 16:37:34.182081+00:00,29.9,66.0,87.9,97.1,True,synth01-rest-morning,synth01,sitting,synth-rest,48728.0,330.0,0.776,99.4,,,0.6772286980791331,992.1832268062109,0.8066000000000001,2138.0,96,1,0
833,pi4b-01,2026-07-26 16:37:35.182081+00:00,28.9,68.0,86.4,96.1,True,synth01-rest-morning,synth01,sitting,synth-rest,50528.0,339.0,0.732,99.6,,,0.670915136162128,1021.962931486933,0.8042,1800.0,97,1,0
834,pi4b-01,2026-07-26 16:37:36.182081+00:00,28.4,71.0,87.5,100.0,True,synth01-rest-morning,synth01,sitting,synth-rest,50130.0,367.0,0.697,99.7,,,0.7320965489726711,1030.49168954546,0.7999,398.0,98,1,0
835,pi4b-01,2026-07-26 16:37:37.182081+00:00,29.4,67.0,86.2,95.7,True,synth01-rest-morning,synth01,sitting,synth-rest,51015.0,377.0,0.799,99.4,,,0.7389983338233852,1094.4013330482633,0.8016,885.0,99,1,0
836,pi4b-01,2026-07-26 16:37:38.182081+00:00,29.7,63.0,,97.7,True,synth01-rest-morning,synth01,sitting,synth-rest,51151.0,352.0,0.776,99.4,,,0.688158589274892,1152.3590489850885,0.796,136.0,100,0,0
837,pi4b-01,2026-07-26 16:37:39.182081+00:00,26.2,65.0,87.0,98.3,True,synth01-rest-morning,synth01,sitting,synth-rest,50413.0,374.0,0.794,99.6,,,0.7418721361553567,1123.0710079460405,0.7945,738.0,101,1,0
838,pi4b-01,2026-07-26 16:37:40.182081+00:00,29.4,69.0,86.0,99.1,True,synth01-rest-morning,synth01,sitting,synth-rest,48503.0,348.0,0.77,99.7,,,0.7174813929035317,1082.775040758207,0.7898000000000001,1910.0,102,1,0
839,pi4b-01,2026-07-26 16:37:41.182081+00:00,26.9,68.0,84.9,98.8,True,synth01-rest-morning,synth01,sitting,synth-rest,50743.0,341.0,0.79,99.6,,,0.6720138738348146,1086.236934456671,0.7792000000000001,2240.0,103,1,0
840,pi4b-01,2026-07-26 16:37:42.182081+00:00,27.3,65.0,,96.7,True,synth01-rest-morning,synth01,sitting,synth-rest,49453.0,440.0,0.785,99.5,,,0.8897336865306452,945.5977533344524,0.7776,1290.0,104,0,0
841,pi4b-01,2026-07-26 16:37:43.182081+00:00,28.2,66.0,83.7,100.0,True,synth01-rest-morning,synth01,sitting,synth-rest,50155.0,365.0,0.715,99.8,,,0.7277439936197787,912.1695078828066,0.7634000000000001,702.0,105,1,0
842,pi4b-01,2026-07-26 16:37:44.182081+00:00,27.2,67.0,83.8,98.0,True,synth01-rest-morning,synth01,sitting,synth-rest,49276.0,413.0,0.753,99.5,,,0.8381362123548989,834.9902261570675,0.7611000000000001,879.0,106,1,0
843,pi4b-01,2026-07-26 16:37:45.182081+00:00,28.1,74.0,85.3,99.4,True,synth01-rest-morning,synth01,sitting,synth-rest,49287.0,443.0,0.943,99.6,,,0.8988171323066934,862.1513401563451,0.7822,11.0,107,1,0
844,pi4b-01,2026-07-26 16:37:46.182081+00:00,30.1,64.0,83.8,100.0,True,synth01-rest-morning,synth01,sitting,synth-rest,50623.0,406.0,0.699,99.4,,,0.802006992868854,883.44306865559,0.7824,1336.0,108,1,0
845,pi4b-01,2026-07-26 16:37:47.182081+00:00,27.3,64.0,85.7,97.4,True,synth01-rest-morning,synth01,sitting,synth-rest,50731.0,333.0,0.57,99.8,,,0.6564033825471606,853.4553623685334,0.7595000000000001,108.0,109,1,0
846,pi4b-01,2026-07-26 16:37:48.182081+00:00,27.0,71.0,89.1,97.2,True,synth01-rest-morning,synth01,sitting,synth-rest,48706.0,257.0,0.701,99.6,,,0.5276557303001684,847.946670230856,0.752,2025.0,110,1,0
847,pi4b-01,2026-07-26 16:37:49.182081+00:00,29.7,74.0,88.4,97.0,True,synth01-rest-morning,synth01,sitting,synth-rest,49228.0,356.0,0.695,99.5,,,0.7231656780693915,833.7362026178257,0.7421,522.0,111,1,0
848,pi4b-01,2026-07-26 16:37:50.182081+00:00,26.2,62.0,86.0,98.4,True,synth01-rest-morning,synth01,sitting,synth-rest,48539.0,280.0,0.878,99.8,,,0.5768557242629638,828.1942136694702,0.7529,689.0,112,1,0
849,pi4b-01,2026-07-26 16:37:51.182081+00:00,28.0,67.0,,97.2,True,synth01-rest-morning,synth01,sitting,synth-rest,51216.0,323.0,0.788,99.5,,,0.630662293033427,905.8873120991713,0.7526999999999999,2677.0,113,0,0
850,pi4b-01,2026-07-26 16:37:52.182081+00:00,29.5,65.0,81.6,98.9,True,synth01-rest-morning,synth01,sitting,synth-rest,51143.0,293.0,0.858,99.4,,,0.5729034276440569,1002.7176627102758,0.76,73.0,114,1,0
851,pi4b-01,2026-07-26 16:37:53.182081+00:00,27.7,65.0,79.3,95.3,True,synth01-rest-morning,synth01,sitting,synth-rest,50399.0,321.0,0.684,99.6,,,0.6369173991547451,1012.7899639664481,0.7568999999999999,744.0,115,1,0
852,pi4b-01,2026-07-26 16:37:54.182081+00:00,27.0,65.0,81.5,98.4,True,synth01-rest-morning,synth01,sitting,synth-rest,49305.0,431.0,0.75,99.5,,,0.8741506946557145,1010.797160660856,0.7565999999999999,1094.0,116,1,0
853,pi4b-01,2026-07-26 16:37:55.182081+00:00,27.5,62.0,80.4,99.4,True,synth01-rest-morning,synth01,sitting,synth-rest,48611.0,439.0,0.893,99.6,,,0.9030877784863509,1078.0323072874958,0.7516,694.0,117,1,0
854,pi4b-01,2026-07-26 16:37:56.182081+00:00,28.6,73.0,,97.0,True,synth01-rest-morning,synth01,sitting,synth-rest,50563.0,309.0,0.79,99.6,,,0.6111188022862568,1073.409671198405,0.7607,1952.0,118,0,0
855,pi4b-01,2026-07-26 16:37:57.182081+00:00,30.0,69.0,79.7,98.4,True,synth01-rest-morning,synth01,sitting,synth-rest,51059.0,320.0,0.817,99.5,,,0.6267259444955835,1107.9764788919592,0.7853999999999999,496.0,119,1,0
856,pi4b-01,2026-07-26 16:37:58.182081+00:00,26.9,65.0,77.8,99.1,True,synth01-rest-morning,synth01,sitting,synth-rest,48436.0,340.0,0.783,99.5,,,0.7019572219010654,1142.4341896922656,0.7936,2623.0,120,1,0
857,pi4b-01,2026-07-26 16:37:59.182081+00:00,26.6,70.0,76.6,99.0,True,synth01-rest-morning,synth01,sitting,synth-rest,50222.0,360.0,0.722,99.7,,,0.7168173310501373,1125.4282197358596,0.7963,1786.0,121,1,0
858,pi4b-01,2026-07-26 16:38:00.182081+00:00,30.2,67.0,80.1,97.4,True,synth01-rest-morning,synth01,sitting,synth-rest,51001.0,286.0,0.626,99.7,,,0.5607733181702319,1049.353266435014,0.7711,779.0,122,1,0
859,pi4b-01,2026-07-26 16:38:01.182081+00:00,29.8,64.0,76.3,98.7,True,synth01-rest-morning,synth01,sitting,synth-rest,51025.0,415.0,0.698,99.5,,,0.8133268005879472,1030.279487431579,0.7621,24.0,123,1,0
860,pi4b-01,2026-07-26 16:38:02.182081+00:00,29.0,69.0,78.8,97.5,True,synth01-rest-morning,synth01,sitting,synth-rest,50545.0,386.0,0.799,99.7,,,0.7636759323375211,984.2691817903655,0.7562,480.0,124,1,0
861,pi4b-01,2026-07-26 16:38:03.182081+00:00,30.4,67.0,73.9,97.8,True,synth01-rest-morning,synth01,sitting,synth-rest,50258.0,339.0,0.806,99.7,,,0.674519479485853,980.7779508578594,0.7684,287.0,125,1,0
862,pi4b-01,2026-07-26 16:38:04.182081+00:00,27.6,69.0,77.6,98.3,True,synth01-rest-morning,synth01,sitting,synth-rest,50956.0,381.0,0.8,99.5,,,0.7477039014051339,970.5213032180479,0.7734,698.0,126,1,0
863,pi4b-01,2026-07-26 16:38:05.182081+00:00,26.9,72.0,79.4,97.3,True,synth01-rest-morning,synth01,sitting,synth-rest,49430.0,338.0,0.725,99.8,,,0.6837952660327736,841.1221671077639,0.7565999999999999,1526.0,127,1,0
864,pi4b-01,2026-07-26 16:38:06.182081+00:00,29.6,67.0,76.3,97.1,True,synth01-rest-morning,synth01,sitting,synth-rest,51283.0,396.0,0.612,99.9,,,0.7721857145642805,890.7785920193995,0.7388,1853.0,128,1,0
865,pi4b-01,2026-07-26 16:38:07.182081+00:00,30.6,69.0,80.2,95.0,True,synth01-rest-morning,synth01,sitting,synth-rest,50137.0,424.0,0.687,99.9,,,0.8456828290484074,864.7995336107634,0.7258,1146.0,129,1,0
866,pi4b-01,2026-07-26 16:38:08.182081+00:00,30.3,66.0,80.7,99.0,True,synth01-rest-morning,synth01,sitting,synth-rest,49376.0,401.0,0.751,99.6,,,0.8121354504212573,663.8892226870856,0.7226,761.0,130,1,0
867,pi4b-01,2026-07-26 16:38:09.182081+00:00,27.4,65.0,81.1,99.1,True,synth01-rest-morning,synth01,sitting,synth-rest,49321.0,390.0,0.734,99.5,,,0.7907382250968148,749.8224678771599,0.7238,55.0,131,1,0
868,pi4b-01,2026-07-26 16:38:10.182081+00:00,27.9,72.0,79.5,99.6,True,synth01-rest-morning,synth01,sitting,synth-rest,50211.0,274.0,0.668,99.7,,,0.5456971579932685,712.3255809904572,0.728,890.0,132,1,0
869,pi4b-01,2026-07-26 16:38:11.182081+00:00,26.1,68.0,81.0,99.9,True,synth01-rest-morning,synth01,sitting,synth-rest,51519.0,327.0,0.675,99.7,,,0.6347172887672509,785.1293170201353,0.7257,1308.0,133,1,0
870,pi4b-01,2026-07-26 16:38:12.182081+00:00,30.1,64.0,82.0,96.2,True,synth01-rest-morning,synth01,sitting,synth-rest,51065.0,359.0,0.78,99.6,,,0.7030255556643493,819.3675338671997,0.7238,454.0,134,1,0
871,pi4b-01,2026-07-26 16:38:13.182081+00:00,26.2,71.0,80.5,99.7,True,synth01-rest-morning,synth01,sitting,synth-rest,51374.0,359.0,0.865,99.8,,,0.6987970568770195,878.4668209759647,0.7297,309.0,135,1,0
872,pi4b-01,2026-07-26 16:38:14.182081+00:00,26.3,72.0,81.9,96.0,True,synth01-rest-morning,synth01,sitting,synth-rest,51818.0,407.0,0.892,99.4,,,0.785441352425798,969.350664677739,0.7388999999999999,444.0,136,1,0
873,pi4b-01,2026-07-26 16:38:15.182081+00:00,29.7,71.0,91.1,97.0,True,synth01-rest-morning,synth01,sitting,synth-rest,49101.0,362.0,0.83,99.6,,,0.7372558603694426,1016.1682111409496,0.7494,2717.0,137,1,0
874,pi4b-01,2026-07-26 16:38:16.182081+00:00,29.7,68.0,90.8,98.5,True,synth01-rest-morning,synth01,sitting,synth-rest,50436.0,301.0,0.747,99.8,,,0.5967959394083592,980.2138995591489,0.7628999999999999,1335.0,138,1,0
875,pi4b-01,2026-07-26 16:38:17.182081+00:00,27.4,69.0,90.1,95.4,True,synth01-rest-morning,synth01,sitting,synth-rest,51864.0,303.0,0.865,99.6,,,0.5842202683942619,1069.766043996982,0.7807,1428.0,139,1,0
876,pi4b-01,2026-07-26 16:38:18.182081+00:00,27.8,74.0,89.5,99.0,True,synth01-rest-morning,synth01,sitting,synth-rest,50308.0,414.0,0.839,99.4,,,0.8229307466009382,987.9257788136255,0.7895000000000001,1556.0,140,1,0
877,pi4b-01,2026-07-26 16:38:19.182081+00:00,28.9,67.0,88.0,94.9,True,synth01-rest-morning,synth01,sitting,synth-rest,50715.0,391.0,0.753,99.8,,,0.7709750566893424,861.7486679228065,0.7914000000000001,407.0,141,1,0
878,pi4b-01,2026-07-26 16:38:20.182081+00:00,30.9,69.0,87.4,99.3,True,synth01-rest-morning,synth01,sitting,synth-rest,50494.0,281.0,0.675,99.4,,,0.5565017625856538,843.204232542652,0.7921,221.0,142,1,0
879,pi4b-01,2026-07-26 16:38:21.182081+00:00,28.2,64.0,91.1,95.4,True,synth01-rest-morning,synth01,sitting,synth-rest,49934.0,345.0,0.769,99.7,,,0.6909120038450756,856.3949569108217,0.8015000000000001,560.0,143,1,0
880,pi4b-01,2026-07-26 16:38:22.182081+00:00,26.7,65.0,91.7,93.1,True,synth01-rest-morning,synth01,sitting,synth-rest,50747.0,459.0,0.819,99.6,,,0.9044869647466844,847.6447696739606,0.8054,813.0,144,1,0
881,pi4b-01,2026-07-26 16:38:23.182081+00:00,30.8,70.0,89.2,98.3,True,synth01-rest-morning,synth01,sitting,synth-rest,48772.0,418.0,0.707,99.8,,,0.8570491265480193,996.8627956411053,0.7896,1975.0,145,1,0
882,pi4b-01,2026-07-26 16:38:24.182081+00:00,30.7,67.0,89.2,96.6,True,synth01-rest-morning,synth01,sitting,synth-rest,49514.0,467.0,0.637,99.8,,,0.9431675889647372,899.0204854915156,0.7640999999999999,742.0,146,1,0
883,pi4b-01,2026-07-26 16:38:25.182081+00:00,26.9,72.0,90.7,95.3,True,synth01-rest-morning,synth01,sitting,synth-rest,50154.0,371.0,0.746,99.5,,,0.7397216572955297,815.256851141651,0.7557,640.0,147,1,0
884,pi4b-01,2026-07-26 16:38:26.182081+00:00,26.6,66.0,88.4,97.6,True,synth01-rest-morning,synth01,sitting,synth-rest,50732.0,416.0,0.766,99.5,,,0.819995269258062,826.2922808143618,0.7576,578.0,148,1,0
885,pi4b-01,2026-07-26 16:38:27.182081+00:00,29.6,67.0,83.6,98.6,True,synth01-rest-morning,synth01,sitting,synth-rest,49223.0,514.0,0.862,99.6,,,1.0442272921195377,689.989863049581,0.7573000000000001,1509.0,149,1,0
886,pi4b-01,2026-07-26 16:38:28.182081+00:00,26.9,64.0,83.1,97.7,True,synth01-rest-morning,synth01,sitting,synth-rest,48860.0,521.0,0.798,99.4,,,1.066311911584118,778.2867580640493,0.7532,363.0,150,1,0
887,pi4b-01,2026-07-26 16:38:29.182081+00:00,28.5,68.0,84.4,97.5,True,synth01-rest-morning,synth01,sitting,synth-rest,48358.0,431.0,0.791,99.7,,,0.891269283262335,861.3890332867836,0.7569999999999999,502.0,151,1,0
888,pi4b-01,2026-07-26 16:38:30.182081+00:00,28.9,70.0,84.7,95.9,True,synth01-rest-morning,synth01,sitting,synth-rest,49762.0,541.0,0.825,99.9,,,1.0871749527752101,814.2282235344545,0.772,1404.0,152,1,0
889,pi4b-01,2026-07-26 16:38:31.182081+00:00,30.5,70.0,82.8,96.8,True,synth01-rest-morning,synth01,sitting,synth-rest,51332.0,519.0,0.761,99.6,,,1.011065222473311,980.0157821858812,0.7712,1570.0,153,1,0
890,pi4b-01,2026-07-26 16:38:32.182081+00:00,27.1,63.0,83.2,94.8,True,synth01-rest-morning,synth01,sitting,synth-rest,49213.0,574.0,0.811,99.6,,,1.1663584825147826,924.2901179945056,0.7704,2119.0,154,1,0
891,pi4b-01,2026-07-26 16:38:33.182081+00:00,27.4,72.0,82.9,96.7,True,synth01-rest-morning,synth01,sitting,synth-rest,51120.0,593.0,0.838,99.6,,,1.1600156494522693,988.8199251858315,0.7835,1907.0,155,1,0
892,pi4b-01,2026-07-26 16:38:34.182081+00:00,30.0,71.0,83.9,95.6,True,synth01-rest-morning,synth01,sitting,synth-rest,51392.0,348.0,0.779,99.4,,,0.677148194271482,1095.4046639383282,0.7977000000000001,272.0,156,1,0
893,pi4b-01,2026-07-26 16:38:35.182081+00:00,27.4,72.0,83.0,98.9,True,synth01-rest-morning,synth01,sitting,synth-rest,49922.0,456.0,0.739,99.4,,,0.913424942910941,1094.5807112010507,0.7969999999999999,1470.0,157,1,0
894,pi4b-01,2026-07-26 16:38:36.182081+00:00,30.2,63.0,82.6,93.8,True,synth01-rest-morning,synth01,sitting,synth-rest,50695.0,419.0,0.807,99.7,,,0.826511490285038,1091.8582579967144,0.8010999999999999,773.0,158,1,0
895,pi4b-01,2026-07-26 16:38:37.182081+00:00,26.5,66.0,81.4,96.2,True,synth01-rest-morning,synth01,sitting,synth-rest,50028.0,404.0,0.808,99.5,,,0.8075477732469817,1058.3764085722455,0.7957,667.0,159,1,0
896,pi4b-01,2026-07-26 16:38:38.182081+00:00,26.8,69.0,84.7,98.4,True,synth01-rest-morning,synth01,sitting,synth-rest,51347.0,338.0,0.766,99.6,,,0.6582663057238008,1034.8650421942034,0.7925,1319.0,160,1,0
897,pi4b-01,2026-07-26 16:38:39.182081+00:00,27.6,72.0,84.9,96.6,True,synth01-rest-morning,synth01,sitting,synth-rest,50400.0,290.0,0.797,99.9,,,0.5753968253968255,773.9617346269217,0.7931000000000001,947.0,161,1,0
898,pi4b-01,2026-07-26 16:38:40.182081+00:00,29.5,66.0,82.4,97.3,True,synth01-rest-morning,synth01,sitting,synth-rest,51083.0,339.0,0.749,99.8,,,0.663625863790302,742.080079536222,0.7855000000000001,683.0,162,1,0
899,pi4b-01,2026-07-26 16:38:41.182081+00:00,29.8,67.0,80.7,97.0,True,synth01-rest-morning,synth01,sitting,synth-rest,51922.0,298.0,0.787,99.6,,,0.5739378298216555,821.2740508908737,0.7881,839.0,163,1,0
900,pi4b-01,2026-07-26 16:38:42.182081+00:00,30.3,71.0,82.1,96.7,True,synth01-rest-morning,synth01,sitting,synth-rest,50572.0,393.0,0.801,99.8,,,0.777109863165388,637.5113855192704,0.7871,1350.0,164,1,0
901,pi4b-01,2026-07-26 16:38:43.182081+00:00,27.1,63.0,81.2,96.6,True,synth01-rest-morning,synth01,sitting,synth-rest,50067.0,392.0,0.698,99.8,,,0.7829508458665387,673.5555408922887,0.7731,505.0,165,1,0
902,pi4b-01,2026-07-26 16:38:44.182081+00:00,27.4,63.0,78.1,96.2,True,synth01-rest-morning,synth01,sitting,synth-rest,50979.0,365.0,0.747,99.7,,,0.7159810902528492,641.2112236489407,0.7699,912.0,166,1,0
903,pi4b-01,2026-07-26 16:38:45.182081+00:00,28.1,72.0,78.9,97.3,True,synth01-rest-morning,synth01,sitting,synth-rest,49910.0,404.0,0.803,99.7,,,0.8094570226407534,642.8412712326723,0.7763000000000001,1069.0,167,1,0
904,pi4b-01,2026-07-26 16:38:46.182081+00:00,30.3,63.0,79.1,97.2,True,synth01-rest-morning,synth01,sitting,synth-rest,51680.0,477.0,0.786,99.7,,,0.9229876160990712,713.5175463076749,0.7742,1770.0,168,1,0
905,pi4b-01,2026-07-26 16:38:47.182081+00:00,28.1,65.0,80.1,96.3,True,synth01-rest-morning,synth01,sitting,synth-rest,52239.0,364.0,0.817,99.6,,,0.6967974118953273,786.9178200775401,0.7751,559.0,169,1,0
906,pi4b-01,2026-07-26 16:38:48.182081+00:00,29.4,66.0,82.3,97.9,True,synth01-rest-morning,synth01,sitting,synth-rest,49704.0,447.0,0.794,99.8,,,0.899323998068566,877.3578010772717,0.7779,2535.0,170,1,0
907,pi4b-01,2026-07-26 16:38:49.182081+00:00,26.3,63.0,81.8,97.5,True,synth01-rest-morning,synth01,sitting,synth-rest,50486.0,507.0,0.795,99.7,,,1.0042387988749357,872.8054129580792,0.7777,782.0,171,1,0
908,pi4b-01,2026-07-26 16:38:50.182081+00:00,28.9,70.0,81.8,97.2,True,synth01-rest-morning,synth01,sitting,synth-rest,51353.0,522.0,0.747,99.4,,,1.016493680992347,884.4248350701844,0.7775000000000001,867.0,172,1,0
909,pi4b-01,2026-07-26 16:38:51.182081+00:00,29.0,63.0,80.0,97.0,True,synth01-rest-morning,synth01,sitting,synth-rest,51394.0,409.0,0.773,99.7,,,0.7958127407868623,830.1436555734938,0.7761,41.0,173,1,0
910,pi4b-01,2026-07-26 16:38:52.182081+00:00,29.9,68.0,80.0,97.4,True,synth01-rest-morning,synth01,sitting,synth-rest,50862.0,576.0,0.859,99.6,,,1.132476111832016,824.8517981364431,0.7819,532.0,174,1,0
911,pi4b-01,2026-07-26 16:38:53.182081+00:00,27.8,71.0,81.8,97.0,True,synth01-rest-morning,synth01,sitting,synth-rest,49821.0,628.0,0.765,99.6,,,1.2605126352341383,854.5099700348287,0.7886,1041.0,175,1,0
912,pi4b-01,2026-07-26 16:38:54.182081+00:00,28.2,64.0,78.4,96.4,True,synth01-rest-morning,synth01,sitting,synth-rest,50220.0,507.0,0.866,99.7,,,1.009557945041816,874.5415878555601,0.8004999999999999,399.0,176,1,0
913,pi4b-01,2026-07-26 16:38:55.182081+00:00,26.5,70.0,79.9,97.4,True,synth01-rest-morning,synth01,sitting,synth-rest,49189.0,638.0,0.867,99.7,,,1.2970379556404887,976.7811992002843,0.8069,1031.0,177,1,0
914,pi4b-01,2026-07-26 16:38:56.182081+00:00,29.2,71.0,83.4,97.6,True,synth01-rest-morning,synth01,sitting,synth-rest,50904.0,603.0,0.781,99.5,,,1.1845827439886845,918.9270071363002,0.8064,1715.0,178,1,0
915,pi4b-01,2026-07-26 16:38:57.182081+00:00,27.3,64.0,79.2,96.8,True,synth01-rest-morning,synth01,sitting,synth-rest,51989.0,422.0,0.715,99.8,,,0.811710169458924,872.1105689329065,0.7962,1085.0,179,1,0
916,pi4b-01,2026-07-26 16:38:58.182081+00:00,28.3,71.0,79.6,97.6,True,synth01-rest-morning,synth01,sitting,synth-rest,51805.0,543.0,0.819,99.7,,,1.0481613743847118,887.3027855999151,0.7987,184.0,180,1,0
917,pi4b-01,2026-07-26 16:38:59.182081+00:00,27.8,69.0,78.1,98.7,True,synth01-rest-morning,synth01,sitting,synth-rest,51605.0,513.0,0.716,99.6,,,0.9940897199883731,913.1643152613352,0.7908000000000001,200.0,181,1,0
918,pi4b-01,2026-07-26 16:39:00.182081+00:00,26.0,66.0,82.0,98.4,True,synth01-rest-morning,synth01,sitting,synth-rest,50704.0,505.0,0.826,99.8,,,0.9959766487851056,901.5012232690488,0.7987,901.0,182,1,0
919,pi4b-01,2026-07-26 16:39:01.182081+00:00,30.8,70.0,77.5,96.3,True,synth01-rest-morning,synth01,sitting,synth-rest,51661.0,462.0,0.724,99.9,,,0.8942916319854435,923.1209141939413,0.7938,957.0,183,1,0
920,pi4b-01,2026-07-26 16:39:02.182081+00:00,28.1,66.0,80.5,97.6,True,synth01-rest-morning,synth01,sitting,synth-rest,51884.0,590.0,0.742,99.4,,,1.137152108549842,976.432827524097,0.7821,223.0,184,1,0
921,pi4b-01,2026-07-26 16:39:03.182081+00:00,30.1,67.0,79.0,94.1,True,synth01-rest-morning,synth01,sitting,synth-rest,51266.0,718.0,0.813,99.8,,,1.4005383685093435,889.1759043569085,0.7868999999999999,618.0,185,1,0
922,pi4b-01,2026-07-26 16:39:04.182081+00:00,27.7,72.0,79.3,97.3,True,synth01-rest-morning,synth01,sitting,synth-rest,51459.0,716.0,0.868,99.8,,,1.391398977827008,834.027870570838,0.7870999999999999,193.0,186,1,0
923,pi4b-01,2026-07-26 16:39:05.182081+00:00,29.9,74.0,80.3,98.7,True,synth01-rest-morning,synth01,sitting,synth-rest,52687.0,492.0,0.841,99.8,,,0.9338166910243515,565.4748643593825,0.7845,1228.0,187,1,0
924,pi4b-01,2026-07-26 16:39:06.182081+00:00,28.7,71.0,82.8,95.1,True,synth01-rest-morning,synth01,sitting,synth-rest,50606.0,588.0,0.738,99.7,,,1.1619175591827058,611.959548408985,0.7802,2081.0,188,1,0
925,pi4b-01,2026-07-26 16:39:07.182081+00:00,27.6,72.0,78.7,98.1,True,synth01-rest-morning,synth01,sitting,synth-rest,52053.0,665.0,0.795,99.8,,,1.277544041649857,617.1803266109473,0.7882,1447.0,189,1,0
926,pi4b-01,2026-07-26 16:39:08.182081+00:00,28.6,73.0,82.4,98.4,True,synth01-rest-morning,synth01,sitting,synth-rest,52242.0,517.0,0.768,99.7,,,0.9896252057731327,650.0294095911152,0.7831,189.0,190,1,0
927,pi4b-01,2026-07-26 16:39:09.182081+00:00,28.2,73.0,81.9,96.8,True,synth01-rest-morning,synth01,sitting,synth-rest,51201.0,461.0,0.875,99.7,,,0.9003730395890706,663.2572904487171,0.799,1041.0,191,1,0
928,pi4b-01,2026-07-26 16:39:10.182081+00:00,30.5,65.0,76.4,96.2,True,synth01-rest-morning,synth01,sitting,synth-rest,50212.0,669.0,0.796,99.6,,,1.332350832470326,747.9893715822715,0.796,989.0,192,1,0
929,pi4b-01,2026-07-26 16:39:11.182081+00:00,26.1,73.0,76.7,97.0,True,synth01-rest-morning,synth01,sitting,synth-rest,52274.0,660.0,0.728,99.7,,,1.2625779546237135,784.4138930154135,0.7964,2062.0,193,1,0
930,pi4b-01,2026-07-26 16:39:12.182081+00:00,27.2,71.0,77.7,98.9,True,synth01-rest-morning,synth01,sitting,synth-rest,51566.0,711.0,0.811,99.4,,,1.3788154985843384,777.5143014047587,0.8032999999999999,708.0,194,1,0
931,pi4b-01,2026-07-26 16:39:13.182081+00:00,29.2,63.0,78.1,99.4,True,synth01-rest-morning,synth01,sitting,synth-rest,52439.0,622.0,0.763,99.8,,,1.1861400865767844,816.3159042647621,0.7983,873.0,195,1,0
932,pi4b-01,2026-07-26 16:39:14.182081+00:00,27.2,69.0,79.3,97.0,True,synth01-rest-morning,synth01,sitting,synth-rest,50510.0,710.0,0.86,99.5,,,1.40566224509998,895.4059290499582,0.7975,1929.0,196,1,0
933,pi4b-01,2026-07-26 16:39:15.182081+00:00,29.7,72.0,81.4,98.3,True,synth01-rest-morning,synth01,sitting,synth-rest,51140.0,571.0,0.94,99.5,,,1.1165428236214314,812.506553819747,0.8074,630.0,197,1,0
934,pi4b-01,2026-07-26 16:39:16.182081+00:00,27.3,66.0,82.4,96.6,True,synth01-rest-morning,synth01,sitting,synth-rest,51027.0,571.0,0.672,99.9,,,1.1190154232073215,775.4575996719162,0.8008000000000001,113.0,198,1,0
935,pi4b-01,2026-07-26 16:39:17.182081+00:00,29.9,73.0,84.0,97.9,True,synth01-rest-morning,synth01,sitting,synth-rest,51171.0,608.0,0.689,99.4,,,1.188172988606828,751.1013838949643,0.7902,144.0,199,1,0
936,pi4b-01,2026-07-26 16:39:18.182081+00:00,29.0,71.0,79.1,100.0,True,synth01-rest-morning,synth01,sitting,synth-rest,50363.0,584.0,0.769,99.5,,,1.1595814387546413,746.0113269917845,0.7903,808.0,200,1,0
937,pi4b-01,2026-07-26 16:39:19.182081+00:00,26.2,68.0,79.3,98.1,True,synth01-rest-morning,synth01,sitting,synth-rest,51790.0,482.0,0.593,99.8,,,0.9306815987642402,769.8217398275744,0.7621,1427.0,201,1,0
938,pi4b-01,2026-07-26 16:39:20.182081+00:00,28.1,72.0,81.2,96.8,True,synth01-rest-morning,synth01,sitting,synth-rest,52040.0,587.0,0.619,99.8,,,1.127978478093774,710.9502248556239,0.7444,250.0,202,1,0
939,pi4b-01,2026-07-26 16:39:21.182081+00:00,30.2,67.0,80.3,94.9,True,synth01-rest-morning,synth01,sitting,synth-rest,52284.0,507.0,0.773,99.5,,,0.9697039247188433,712.2719518086988,0.7489,244.0,203,1,0
940,pi4b-01,2026-07-26 16:39:22.182081+00:00,26.8,62.0,77.1,96.2,True,synth01-rest-morning,synth01,sitting,synth-rest,50092.0,661.0,0.901,99.6,,,1.319571987542921,825.2478684883033,0.7579,2192.0,204,1,0
941,pi4b-01,2026-07-26 16:39:23.182081+00:00,28.4,69.0,82.5,100.0,True,synth01-rest-morning,synth01,sitting,synth-rest,51742.0,584.0,0.78,99.8,,,1.1286768969116,742.2709074186092,0.7596,1650.0,205,1,0
942,pi4b-01,2026-07-26 16:39:24.182081+00:00,26.5,67.0,80.4,94.9,True,synth01-rest-morning,synth01,sitting,synth-rest,49853.0,462.0,0.704,99.8,,,0.9267245702364953,834.9804788137548,0.744,1889.0,206,1,0
943,pi4b-01,2026-07-26 16:39:25.182081+00:00,27.6,72.0,79.7,96.1,True,synth01-rest-morning,synth01,sitting,synth-rest,50274.0,528.0,0.803,99.6,,,1.0502446592672157,879.8584734679673,0.7303,421.0,207,1,0
944,pi4b-01,2026-07-26 16:39:26.182081+00:00,30.2,64.0,81.0,98.0,True,synth01-rest-morning,synth01,sitting,synth-rest,51745.0,452.0,0.839,99.6,,,0.8735143492124844,905.4631963807518,0.7470000000000001,1471.0,208,1,0
945,pi4b-01,2026-07-26 16:39:27.182081+00:00,30.7,71.0,82.7,98.4,True,synth01-rest-morning,synth01,sitting,synth-rest,50302.0,449.0,0.792,99.9,,,0.8926086437914994,942.605402299654,0.7573000000000001,1443.0,209,1,0
946,pi4b-01,2026-07-26 16:39:28.182081+00:00,27.0,73.0,77.4,98.6,True,synth01-rest-morning,synth01,sitting,synth-rest,51556.0,505.0,0.823,99.5,,,0.9795174179532936,921.464148937888,0.7626999999999999,1254.0,210,1,0
947,pi4b-01,2026-07-26 16:39:29.182081+00:00,26.1,72.0,77.3,99.4,True,synth01-rest-morning,synth01,sitting,synth-rest,52194.0,481.0,0.647,99.5,,,0.9215618653485075,959.8320223409718,0.7681,638.0,211,1,0
948,pi4b-01,2026-07-26 16:39:30.182081+00:00,30.1,71.0,76.3,98.2,True,synth01-rest-morning,synth01,sitting,synth-rest,50831.0,460.0,0.698,99.5,,,0.9049595719147765,918.6776789374092,0.776,1363.0,212,1,0
949,pi4b-01,2026-07-26 16:39:31.182081+00:00,28.6,64.0,77.8,96.7,True,synth01-rest-morning,synth01,sitting,synth-rest,52825.0,417.0,0.863,99.6,,,0.7893989588263133,1008.5170851855509,0.7849999999999999,1994.0,213,1,0
950,pi4b-01,2026-07-26 16:39:32.182081+00:00,26.2,64.0,80.7,97.9,True,synth01-rest-morning,synth01,sitting,synth-rest,50957.0,471.0,0.857,99.8,,,0.9243087308907509,943.5100482300975,0.7806,1868.0,214,1,0
951,pi4b-01,2026-07-26 16:39:33.182081+00:00,29.2,63.0,82.2,100.0,True,synth01-rest-morning,synth01,sitting,synth-rest,50270.0,528.0,0.754,99.9,,,1.0503282275711159,968.8765601917188,0.7779999999999999,687.0,215,1,0
952,pi4b-01,2026-07-26 16:39:34.182081+00:00,27.0,63.0,86.2,99.2,True,synth01-rest-morning,synth01,sitting,synth-rest,51001.0,380.0,0.569,99.5,,,0.7450834297366717,870.2369089953763,0.7645,731.0,216,1,0
953,pi4b-01,2026-07-26 16:39:35.182081+00:00,29.5,68.0,84.2,98.2,True,synth01-rest-morning,synth01,sitting,synth-rest,51010.0,341.0,0.62,99.8,,,0.668496373260145,812.8747956071601,0.7462,9.0,217,1,0
954,pi4b-01,2026-07-26 16:39:36.182081+00:00,27.4,69.0,85.8,95.0,True,synth01-rest-morning,synth01,sitting,synth-rest,52312.0,271.0,0.656,99.5,,,0.5180455727175409,867.6852732030104,0.7279,1302.0,218,1,0
955,pi4b-01,2026-07-26 16:39:37.182081+00:00,26.7,70.0,81.3,93.5,True,synth01-rest-morning,synth01,sitting,synth-rest,51134.0,310.0,0.703,99.7,,,0.6062502444557438,795.4941161875047,0.719,1178.0,219,1,0
956,pi4b-01,2026-07-26 16:39:38.182081+00:00,26.2,71.0,74.8,96.4,True,synth01-rest-morning,synth01,sitting,synth-rest,52497.0,381.0,0.736,99.9,,,0.7257557574718555,867.2360245182821,0.7102999999999999,1363.0,220,1,0
957,pi4b-01,2026-07-26 16:39:39.182081+00:00,28.1,72.0,76.6,92.9,True,synth01-rest-morning,synth01,sitting,synth-rest,53244.0,444.0,0.672,99.4,,,0.8338967771016453,1011.7105921271541,0.7128,747.0,221,1,0
958,pi4b-01,2026-07-26 16:39:40.182081+00:00,28.2,72.0,76.9,95.5,True,synth01-rest-morning,synth01,sitting,synth-rest,52462.0,344.0,0.7,99.4,,,0.6557127063398269,1003.9516145933036,0.713,782.0,222,1,0
959,pi4b-01,2026-07-26 16:39:41.182081+00:00,29.7,69.0,78.2,95.4,True,synth01-rest-morning,synth01,sitting,synth-rest,50762.0,440.0,0.777,99.6,,,0.8667901185926481,974.8881930195611,0.7044,1700.0,223,1,0
960,pi4b-01,2026-07-26 16:39:42.182081+00:00,28.7,65.0,80.1,98.9,True,synth01-rest-morning,synth01,sitting,synth-rest,50069.0,393.0,0.793,99.9,,,0.7849168147955822,1072.016941201154,0.698,693.0,224,1,0
961,pi4b-01,2026-07-26 16:39:43.182081+00:00,28.1,65.0,80.7,99.3,True,synth01-rest-morning,synth01,sitting,synth-rest,50543.0,458.0,0.787,99.7,,,0.9061591120432108,1040.914576493005,0.7013,474.0,225,1,0
962,pi4b-01,2026-07-26 16:39:44.182081+00:00,27.6,69.0,82.2,95.5,True,synth01-rest-morning,synth01,sitting,synth-rest,49457.0,429.0,0.722,99.6,,,0.8674201831894373,1222.4057336980363,0.7166,1086.0,226,1,0
963,pi4b-01,2026-07-26 16:39:45.182081+00:00,26.9,65.0,83.5,97.9,True,synth01-rest-morning,synth01,sitting,synth-rest,51154.0,522.0,0.797,99.9,,,1.0204480588028306,1218.8114611283545,0.7343,1697.0,227,1,0
964,pi4b-01,2026-07-26 16:39:46.182081+00:00,30.4,67.0,81.7,98.7,True,synth01-rest-morning,synth01,sitting,synth-rest,52356.0,462.0,0.926,99.6,,,0.8824203529681413,1222.6897307893914,0.7613,1202.0,228,1,0
965,pi4b-01,2026-07-26 16:39:47.182081+00:00,27.3,73.0,86.6,98.1,True,synth01-rest-morning,synth01,sitting,synth-rest,51622.0,486.0,0.846,99.8,,,0.9414590678392932,1222.0598457795443,0.7756000000000001,734.0,229,1,0
966,pi4b-01,2026-07-26 16:39:48.182081+00:00,27.8,68.0,84.0,97.5,True,synth01-rest-morning,synth01,sitting,synth-rest,49867.0,459.0,0.786,99.7,,,0.9204483927246475,1246.4696100944238,0.7806,1755.0,230,1,0
967,pi4b-01,2026-07-26 16:39:49.182081+00:00,30.1,70.0,79.3,99.6,True,synth01-rest-morning,synth01,sitting,synth-rest,51452.0,530.0,0.835,99.9,,,1.0300862940216124,1020.9648160223794,0.7969,1585.0,231,1,0
968,pi4b-01,2026-07-26 16:39:50.182081+00:00,28.8,65.0,83.0,96.6,True,synth01-rest-morning,synth01,sitting,synth-rest,52015.0,465.0,0.764,99.6,,,0.8939728924348747,956.3376960514232,0.8032999999999999,563.0,232,1,0
969,pi4b-01,2026-07-26 16:39:51.182081+00:00,30.3,67.0,87.1,96.8,True,synth01-rest-morning,synth01,sitting,synth-rest,52000.0,600.0,0.715,99.6,,,1.153846153846154,1010.7967429486574,0.7971,15.0,233,1,0
970,pi4b-01,2026-07-26 16:39:52.182081+00:00,29.3,63.0,86.6,95.1,True,synth01-rest-morning,synth01,sitting,synth-rest,50338.0,468.0,0.738,99.8,,,0.9297151257499305,984.9339740984636,0.7916000000000001,1662.0,234,1,0
971,pi4b-01,2026-07-26 16:39:53.182081+00:00,27.5,67.0,86.9,97.2,True,synth01-rest-morning,synth01,sitting,synth-rest,51202.0,471.0,0.79,99.4,,,0.9198859419553923,966.8628594009342,0.7918999999999999,864.0,235,1,0
972,pi4b-01,2026-07-26 16:39:54.182081+00:00,27.5,72.0,84.7,96.2,True,synth01-rest-morning,synth01,sitting,synth-rest,50436.0,367.0,0.838,99.9,,,0.7276548497105242,814.3410151091209,0.8035,766.0,236,1,0
973,pi4b-01,2026-07-26 16:39:55.182081+00:00,30.2,74.0,84.5,95.6,True,synth01-rest-morning,synth01,sitting,synth-rest,52805.0,475.0,0.831,99.5,,,0.899536028785153,950.0726346502038,0.8069000000000001,2369.0,237,1,0
974,pi4b-01,2026-07-26 16:39:56.182081+00:00,29.5,68.0,83.9,96.8,True,synth01-rest-morning,synth01,sitting,synth-rest,52582.0,396.0,0.67,99.8,,,0.7531094290821955,977.3898858126977,0.7813000000000001,223.0,238,1,0
975,pi4b-01,2026-07-26 16:39:57.182081+00:00,27.7,69.0,81.1,99.8,True,synth01-rest-morning,synth01,sitting,synth-rest,52127.0,498.0,0.773,99.7,,,0.9553590269917702,1001.062901786598,0.774,455.0,239,1,0
976,pi4b-01,2026-07-26 16:39:58.182081+00:00,27.6,67.0,82.4,99.0,True,synth01-rest-morning,synth01,sitting,synth-rest,52002.0,440.0,0.83,99.4,,,0.8461213030268067,831.5839571431463,0.7784,125.0,240,1,0
977,pi4b-01,2026-07-26 16:39:59.182081+00:00,31.0,73.0,85.0,95.8,True,synth01-rest-morning,synth01,sitting,synth-rest,51677.0,405.0,0.69,99.8,,,0.7837142248969561,827.284339134892,0.7638999999999999,325.0,241,1,0
978,pi4b-01,2026-07-26 16:40:00.182081+00:00,27.5,64.0,89.5,95.4,True,synth01-rest-morning,synth01,sitting,synth-rest,50690.0,339.0,0.761,99.5,,,0.6687709607417637,878.9935469362838,0.7636000000000001,987.0,242,1,0
979,pi4b-01,2026-07-26 16:40:01.182081+00:00,27.4,66.0,89.2,96.8,True,synth01-rest-morning,synth01,sitting,synth-rest,51462.0,341.0,0.768,99.6,,,0.6626248494034434,867.2174467802594,0.7688999999999999,772.0,243,1,0
980,pi4b-01,2026-07-26 16:40:02.182081+00:00,26.4,65.0,88.9,97.3,True,synth01-rest-morning,synth01,sitting,synth-rest,51853.0,251.0,0.84,99.7,,,0.48406071008427665,761.2981894983125,0.7791,391.0,244,1,0
981,pi4b-01,2026-07-26 16:40:03.182081+00:00,26.4,68.0,91.5,99.4,True,synth01-rest-morning,synth01,sitting,synth-rest,51122.0,286.0,0.845,99.5,,,0.5594460310629474,767.3178683643345,0.7846,731.0,245,1,0
982,pi4b-01,2026-07-26 16:40:04.182081+00:00,26.2,69.0,86.4,96.3,True,synth01-rest-morning,synth01,sitting,synth-rest,50823.0,298.0,0.841,99.7,,,0.586348700391555,705.0872365255144,0.7849,299.0,246,1,0
983,pi4b-01,2026-07-26 16:40:05.182081+00:00,30.1,73.0,83.4,95.5,True,synth01-rest-morning,synth01,sitting,synth-rest,51860.0,274.0,0.722,99.6,,,0.5283455456999615,597.8323436476015,0.774,1037.0,247,1,0
984,pi4b-01,2026-07-26 16:40:06.182081+00:00,28.5,73.0,86.8,98.4,True,synth01-rest-morning,synth01,sitting,synth-rest,51902.0,284.0,0.75,99.7,,,0.5471850795730415,508.17752803530294,0.782,42.0,248,1,0
985,pi4b-01,2026-07-26 16:40:07.182081+00:00,30.8,74.0,82.5,97.3,True,synth01-rest-morning,synth01,sitting,synth-rest,51050.0,266.0,0.777,99.9,,,0.5210577864838394,486.3874655732147,0.7824,852.0,249,1,0
986,pi4b-01,2026-07-26 16:40:08.182081+00:00,30.5,68.0,84.9,96.3,True,synth01-rest-morning,synth01,sitting,synth-rest,50101.0,355.0,0.723,99.5,,,0.7085686912436878,601.8896170488209,0.7716999999999999,949.0,250,1,0
987,pi4b-01,2026-07-26 16:40:09.182081+00:00,29.9,64.0,84.2,97.5,True,synth01-rest-morning,synth01,sitting,synth-rest,50473.0,405.0,0.718,99.6,,,0.8024092088839578,627.7393655898715,0.7745,372.0,251,1,0
988,pi4b-01,2026-07-26 16:40:10.182081+00:00,28.4,64.0,86.2,99.8,True,synth01-rest-morning,synth01,sitting,synth-rest,51337.0,353.0,0.878,99.8,,,0.6876132224321639,610.0309737127727,0.7862,864.0,252,1,0
989,pi4b-01,2026-07-26 16:40:11.182081+00:00,30.2,68.0,86.3,96.4,True,synth01-rest-morning,synth01,sitting,synth-rest,50320.0,350.0,0.741,99.4,,,0.6955484896661367,660.0249911093897,0.7835,1017.0,253,1,0
990,pi4b-01,2026-07-26 16:40:12.182081+00:00,29.8,72.0,84.1,97.9,True,synth01-rest-morning,synth01,sitting,synth-rest,50917.0,442.0,0.68,99.8,,,0.8680794233752971,602.7531741010965,0.7675,597.0,254,1,0
991,pi4b-01,2026-07-26 16:40:13.182081+00:00,26.7,63.0,83.9,95.5,True,synth01-rest-morning,synth01,sitting,synth-rest,52209.0,418.0,0.837,99.7,,,0.8006282441724607,716.402711081208,0.7666999999999999,1292.0,255,1,0
992,pi4b-01,2026-07-26 16:40:14.182081+00:00,30.3,63.0,88.3,96.6,True,synth01-rest-morning,synth01,sitting,synth-rest,52183.0,342.0,0.735,99.7,,,0.6553858536304926,784.0402200568096,0.7561,26.0,256,1,0
993,pi4b-01,2026-07-26 16:40:15.182081+00:00,28.9,64.0,85.2,97.1,True,synth01-rest-morning,synth01,sitting,synth-rest,51443.0,351.0,0.826,99.6,,,0.68230857453881,757.7663448144132,0.7665,740.0,257,1,0
994,pi4b-01,2026-07-26 16:40:16.182081+00:00,30.1,71.0,79.8,98.9,True,synth01-rest-morning,synth01,sitting,synth-rest,50026.0,313.0,0.739,99.5,,,0.6256746491824251,794.2176373989777,0.7654,1417.0,258,1,0
995,pi4b-01,2026-07-26 16:40:17.182081+00:00,29.1,68.0,79.2,97.7,True,synth01-rest-morning,synth01,sitting,synth-rest,52333.0,356.0,0.789,99.9,,,0.6802591099306365,898.8681524871249,0.7666,2307.0,259,1,0
996,pi4b-01,2026-07-26 16:40:18.182081+00:00,28.1,65.0,77.7,98.4,True,synth01-rest-morning,synth01,sitting,synth-rest,52918.0,326.0,0.843,99.8,,,0.6160474696700555,977.1026842433835,0.7786,585.0,260,1,0
997,pi4b-01,2026-07-26 16:40:19.182081+00:00,27.3,66.0,78.0,98.6,True,synth01-rest-morning,synth01,sitting,synth-rest,51825.0,271.0,0.828,99.5,,,0.5229136517124939,924.2461733158341,0.7896,1093.0,261,1,0
998,pi4b-01,2026-07-26 16:40:20.182081+00:00,29.7,70.0,82.9,97.9,True,synth01-rest-morning,synth01,sitting,synth-rest,50237.0,342.0,0.794,99.7,,,0.6807731353384955,1013.6895700580696,0.7811999999999999,1588.0,262,1,0
999,pi4b-01,2026-07-26 16:40:21.182081+00:00,26.2,73.0,81.0,94.6,True,synth01-rest-morning,synth01,sitting,synth-rest,51639.0,302.0,0.93,99.7,,,0.5848292956873681,934.3103219904252,0.8000999999999999,1402.0,263,1,0
1000,pi4b-01,2026-07-26 16:40:22.182081+00:00,27.2,70.0,86.5,98.5,True,synth01-rest-morning,synth01,sitting,synth-rest,50622.0,312.0,0.796,99.6,,,0.6163328197226503,961.5834452725855,0.8116999999999999,1017.0,264,1,0
1001,pi4b-01,2026-07-26 16:40:23.182081+00:00,26.7,74.0,85.5,99.4,True,synth01-rest-morning,synth01,sitting,synth-rest,51363.0,370.0,0.679,99.8,,,0.7203629071510621,933.3275535535704,0.7958999999999999,741.0,265,1,0
1002,pi4b-01,2026-07-26 16:40:24.182081+00:00,30.2,64.0,87.1,96.0,True,synth01-rest-morning,synth01,sitting,synth-rest,51730.0,277.0,0.786,99.6,,,0.5354726464334042,904.8361668771636,0.8009999999999999,367.0,266,1,0
1003,pi4b-01,2026-07-26 16:40:25.182081+00:00,28.7,63.0,89.1,96.1,True,synth01-rest-morning,synth01,sitting,synth-rest,53482.0,247.0,0.685,99.8,,,0.46183762761302866,1117.050605637735,0.7868999999999999,1752.0,267,1,0
1004,pi4b-01,2026-07-26 16:40:26.182081+00:00,27.4,73.0,87.4,96.0,True,synth01-rest-morning,synth01,sitting,synth-rest,52563.0,268.0,0.776,99.9,,,0.5098643532522877,997.0890743671333,0.7906000000000001,919.0,268,1,0
1005,pi4b-01,2026-07-26 16:40:27.182081+00:00,28.7,73.0,87.9,96.6,True,synth01-rest-morning,synth01,sitting,synth-rest,52367.0,262.0,0.561,99.6,,,0.5003150839269005,998.8950784631297,0.7678,196.0,269,1,0
1006,pi4b-01,2026-07-26 16:40:28.182081+00:00,30.6,72.0,,93.8,True,synth01-rest-morning,synth01,sitting,synth-rest,53925.0,246.0,0.743,99.7,,,0.4561891515994437,1154.4202056059128,0.7578,1558.0,270,0,0
1007,pi4b-01,2026-07-26 16:40:29.182081+00:00,26.1,66.0,84.6,96.4,True,synth01-rest-morning,synth01,sitting,synth-rest,51909.0,239.0,0.556,99.6,,,0.46042112157814635,1153.5102995254088,0.7306,2016.0,271,1,0
1008,pi4b-01,2026-07-26 16:40:30.182081+00:00,29.1,65.0,84.9,97.4,True,synth01-rest-morning,synth01,sitting,synth-rest,53748.0,217.0,0.629,99.7,,,0.4037359529656917,1095.665987222224,0.7141000000000001,1839.0,272,1,0
1009,pi4b-01,2026-07-26 16:40:31.182081+00:00,26.6,69.0,84.1,95.5,True,synth01-rest-morning,synth01,sitting,synth-rest,53241.0,301.0,0.661,99.5,,,0.5653537687120829,1099.7361299673917,0.6872,507.0,273,1,0
1010,pi4b-01,2026-07-26 16:40:32.182081+00:00,27.6,68.0,,95.2,True,synth01-rest-morning,synth01,sitting,synth-rest,53226.0,277.0,0.585,99.4,,,0.5204223499793335,896.4700156106713,0.6660999999999999,15.0,274,0,0
1011,pi4b-01,2026-07-26 16:40:33.182081+00:00,26.4,74.0,90.3,95.9,True,synth01-rest-morning,synth01,sitting,synth-rest,53576.0,312.0,0.595,99.4,,,0.5823503061072122,780.1564016985483,0.6577000000000001,350.0,275,1,0
1012,pi4b-01,2026-07-26 16:40:34.182081+00:00,30.2,64.0,90.0,94.3,True,synth01-rest-morning,synth01,sitting,synth-rest,50974.0,277.0,0.432,99.5,,,0.5434142896378547,935.5443394683248,0.6223,2602.0,276,1,0
1013,pi4b-01,2026-07-26 16:40:35.182081+00:00,27.0,63.0,89.4,95.2,True,synth01-rest-morning,synth01,sitting,synth-rest,53151.0,295.0,0.514,99.5,,,0.5550224831141465,918.4067121319404,0.6052000000000001,2177.0,277,1,0
1014,pi4b-01,2026-07-26 16:40:36.182081+00:00,27.7,73.0,91.0,95.5,True,synth01-rest-morning,synth01,sitting,synth-rest,53533.0,323.0,0.643,99.5,,,0.6033661479834868,933.711114020048,0.5919,382.0,278,1,0
1015,pi4b-01,2026-07-26 16:40:37.182081+00:00,27.1,70.0,85.1,97.6,True,synth01-rest-morning,synth01,sitting,synth-rest,52247.0,277.0,0.651,99.6,,,0.530173981281222,942.9756683558836,0.6009,1286.0,279,1,0
1016,pi4b-01,2026-07-26 16:40:38.182081+00:00,29.8,64.0,79.2,97.7,True,synth01-rest-morning,synth01,sitting,synth-rest,53541.0,273.0,0.597,99.5,,,0.5098896173026278,906.0931028935295,0.5863,1294.0,280,1,0
1017,pi4b-01,2026-07-26 16:40:39.182081+00:00,29.1,63.0,76.9,98.9,True,synth01-rest-morning,synth01,sitting,synth-rest,52220.0,342.0,0.541,99.9,,,0.6549214860206818,872.4555448719963,0.5848000000000001,1321.0,281,1,0
1018,pi4b-01,2026-07-26 16:40:40.182081+00:00,27.8,74.0,79.7,97.2,True,synth01-rest-morning,synth01,sitting,synth-rest,52847.0,351.0,0.653,99.8,,,0.6641815050996271,825.6636657192803,0.5871999999999999,627.0,282,1,0
1019,pi4b-01,2026-07-26 16:40:41.182081+00:00,26.9,68.0,78.4,96.1,True,synth01-rest-morning,synth01,sitting,synth-rest,52242.0,399.0,0.821,99.6,,,0.763753301940967,834.2432432384419,0.6032,605.0,283,1,0
1020,pi4b-01,2026-07-26 16:40:42.182081+00:00,27.4,65.0,80.7,93.9,True,synth01-rest-morning,synth01,sitting,synth-rest,51104.0,388.0,0.584,99.8,,,0.7592360676268003,961.497587678307,0.6031000000000001,1138.0,284,1,0
1021,pi4b-01,2026-07-26 16:40:43.182081+00:00,27.2,64.0,84.8,93.5,True,synth01-rest-morning,synth01,sitting,synth-rest,50863.0,334.0,0.695,99.8,,,0.6566659457759078,1018.8384235654875,0.6131,241.0,285,1,0
1022,pi4b-01,2026-07-26 16:40:44.182081+00:00,27.7,63.0,82.2,96.7,True,synth01-rest-morning,synth01,sitting,synth-rest,52539.0,297.0,0.632,99.7,,,0.5652943527665163,911.8492870109114,0.6331,1676.0,286,1,0
1023,pi4b-01,2026-07-26 16:40:45.182081+00:00,30.6,70.0,84.0,93.8,True,synth01-rest-morning,synth01,sitting,synth-rest,52572.0,338.0,0.603,99.8,,,0.6429277942631058,878.6679059172301,0.642,33.0,287,1,0
1024,pi4b-01,2026-07-26 16:40:46.182081+00:00,27.8,72.0,84.9,93.9,True,synth01-rest-morning,synth01,sitting,synth-rest,51498.0,346.0,0.731,99.6,,,0.6718707522622238,812.7774124705288,0.6508,1074.0,288,1,0
1025,pi4b-01,2026-07-26 16:40:47.182081+00:00,26.0,69.0,84.8,98.1,True,synth01-rest-morning,synth01,sitting,synth-rest,51942.0,396.0,0.791,99.6,,,0.7623888182973316,815.1734375784071,0.6648,444.0,289,1,0
1026,pi4b-01,2026-07-26 16:40:48.182081+00:00,27.5,68.0,84.2,99.1,True,synth01-rest-morning,synth01,sitting,synth-rest,53096.0,346.0,0.722,99.6,,,0.6516498417959922,738.5461769961414,0.6773,1154.0,290,1,0
1027,pi4b-01,2026-07-26 16:40:49.182081+00:00,27.9,67.0,85.3,96.5,True,synth01-rest-morning,synth01,sitting,synth-rest,53615.0,365.0,0.711,99.9,,,0.6807796325655133,882.9722280772064,0.6942999999999999,519.0,291,1,0
1028,pi4b-01,2026-07-26 16:40:50.182081+00:00,26.3,63.0,87.5,97.7,True,synth01-rest-morning,synth01,sitting,synth-rest,53513.0,179.0,0.583,99.6,,,0.3344981593257713,956.5799263812885,0.6873,102.0,292,1,0
1029,pi4b-01,2026-07-26 16:40:51.182081+00:00,26.8,72.0,86.1,96.0,True,synth01-rest-morning,synth01,sitting,synth-rest,54433.0,199.0,0.617,99.5,,,0.36558705197214925,1169.4583029002424,0.6669,920.0,293,1,0
1030,pi4b-01,2026-07-26 16:40:52.182081+00:00,29.8,71.0,86.5,96.1,True,synth01-rest-morning,synth01,sitting,synth-rest,54699.0,177.0,0.377,99.4,,,0.3235890966928097,1237.257361173454,0.6462,266.0,294,1,0
1031,pi4b-01,2026-07-26 16:40:53.182081+00:00,26.0,68.0,87.7,94.3,True,synth01-rest-morning,synth01,sitting,synth-rest,54506.0,172.0,0.424,99.9,,,0.3155615895497743,1107.9286027939881,0.6191,193.0,295,1,0
1032,pi4b-01,2026-07-26 16:40:54.182081+00:00,27.1,62.0,86.7,94.4,True,synth01-rest-morning,synth01,sitting,synth-rest,54080.0,209.0,0.624,99.7,,,0.3864644970414201,1106.5600551057842,0.6183,426.0,296,1,0
1033,pi4b-01,2026-07-26 16:40:55.182081+00:00,26.4,71.0,87.2,92.3,True,synth01-rest-morning,synth01,sitting,synth-rest,52245.0,182.0,0.626,99.5,,,0.3483586946119246,1137.981453666556,0.6205999999999999,1835.0,297,1,0
1034,pi4b-01,2026-07-26 16:40:56.182081+00:00,27.7,70.0,83.4,96.1,True,synth01-rest-morning,synth01,sitting,synth-rest,54140.0,208.0,0.697,99.8,,,0.38418913926856296,947.7510749137529,0.6172,1895.0,298,1,0
1035,pi4b-01,2026-07-26 16:40:57.182081+00:00,30.9,68.0,83.5,93.4,True,synth01-rest-morning,synth01,sitting,synth-rest,55089.0,205.0,0.729,99.6,,,0.3721251066456098,842.7848282135009,0.611,949.0,299,1,0
1036,pi4b-01,2026-07-26 16:40:58.182081+00:00,27.9,72.0,82.3,95.7,True,synth01-rest-morning,synth01,sitting,synth-rest,54368.0,232.0,0.483,99.4,,,0.42672160094173045,795.6517663736668,0.5871000000000001,721.0,300,1,0
1037,pi4b-01,2026-07-26 16:40:59.182081+00:00,29.7,72.0,78.1,94.3,True,synth01-rest-morning,synth01,sitting,synth-rest,53119.0,202.0,0.533,99.9,,,0.3802782431898191,841.2384785410002,0.5692999999999999,1249.0,301,1,0
1038,pi4b-01,2026-07-26 16:41:00.182081+00:00,27.1,67.0,81.3,98.8,True,synth01-rest-morning,synth01,sitting,synth-rest,53932.0,247.0,0.558,99.8,,,0.45798412816138845,823.4715740895585,0.5668,813.0,302,1,0
1039,pi4b-01,2026-07-26 16:41:01.182081+00:00,28.9,67.0,79.9,97.2,True,synth01-rest-morning,synth01,sitting,synth-rest,52702.0,291.0,0.54,99.4,,,0.5521612083032902,913.6104202559155,0.5590999999999999,1230.0,303,1,0
1040,pi4b-01,2026-07-26 16:41:02.182081+00:00,27.0,68.0,79.1,97.7,True,synth01-rest-morning,synth01,sitting,synth-rest,52679.0,322.0,0.687,99.7,,,0.6112492644127641,937.3767178201559,0.5901,23.0,304,1,0
1041,pi4b-01,2026-07-26 16:41:03.182081+00:00,28.3,64.0,81.9,98.4,True,synth01-rest-morning,synth01,sitting,synth-rest,52941.0,347.0,0.795,99.4,,,0.655446629266542,915.6526816066778,0.6272,262.0,305,1,0
1042,pi4b-01,2026-07-26 16:41:04.182081+00:00,26.7,63.0,79.4,96.3,True,synth01-rest-morning,synth01,sitting,synth-rest,53321.0,308.0,0.713,99.8,,,0.5776335777648581,896.201391057554,0.6361,380.0,306,1,0
1043,pi4b-01,2026-07-26 16:41:05.182081+00:00,27.1,66.0,80.5,97.5,True,synth01-rest-morning,synth01,sitting,synth-rest,51977.0,319.0,0.608,99.5,,,0.6137329972872617,939.3285781758889,0.6343,1344.0,307,1,0
2944,pi4b-01,2026-07-27 02:36:00.610460+00:00,30.0,70.0,,,True,synth02-rest-1,synth02,sitting,synth-rest,51790.0,583.0,0.509,99.6,,,1.1256999420737595,0.0,0.509,0.0,0,0,0
2945,pi4b-01,2026-07-27 02:36:01.610460+00:00,28.4,62.0,,,True,synth02-rest-1,synth02,sitting,synth-rest,51524.0,614.0,0.485,99.6,,,1.1916776647775793,188.09040379562165,0.497,266.0,1,0,0
2946,pi4b-01,2026-07-27 02:36:02.610460+00:00,30.1,67.0,89.6,96.9,True,synth02-rest-1,synth02,sitting,synth-rest,53826.0,394.0,0.6,99.9,,,0.7319882584624531,1259.3156871888796,0.5313333333333333,2302.0,2,1,0
2947,pi4b-01,2026-07-27 02:36:03.610460+00:00,29.3,72.0,,95.8,True,synth02-rest-1,synth02,sitting,synth-rest,53167.0,774.0,0.401,99.7,,,1.4557902458291798,1100.95091473992,0.49875,659.0,3,0,0
2948,pi4b-01,2026-07-27 02:36:04.610460+00:00,30.7,64.0,,96.7,True,synth02-rest-1,synth02,sitting,synth-rest,55657.0,1304.0,0.546,99.7,,,2.34292182474801,1675.308240294901,0.5082,2490.0,4,0,0
2949,pi4b-01,2026-07-27 02:36:05.610460+00:00,29.8,73.0,91.7,93.1,True,synth02-rest-1,synth02,sitting,synth-rest,53056.0,1303.0,0.566,99.5,,,2.4558956574185764,1499.4816437689387,0.5178333333333334,2601.0,5,1,0
2950,pi4b-01,2026-07-27 02:36:06.610460+00:00,30.3,73.0,87.5,92.9,True,synth02-rest-1,synth02,sitting,synth-rest,55274.0,1249.0,0.467,99.4,,,2.259651915909831,1583.0687347830535,0.5105714285714286,2218.0,6,1,0
2951,pi4b-01,2026-07-27 02:36:07.610460+00:00,29.3,73.0,88.9,92.4,True,synth02-rest-1,synth02,sitting,synth-rest,55007.0,1375.0,0.425,99.7,,,2.4996818586725325,1563.0636526203457,0.499875,267.0,7,1,0
2952,pi4b-01,2026-07-27 02:36:08.610460+00:00,30.4,70.0,87.9,96.8,True,synth02-rest-1,synth02,sitting,synth-rest,53902.0,471.0,0.527,99.9,,,0.8738080219657898,1464.2877771956043,0.5028888888888888,1105.0,8,1,0
2953,pi4b-01,2026-07-27 02:36:09.610460+00:00,28.5,67.0,88.4,99.0,True,synth02-rest-1,synth02,sitting,synth-rest,53031.0,341.0,0.737,99.6,,,0.6430201203069903,1396.1470950838634,0.5263,871.0,9,1,0
2954,pi4b-01,2026-07-27 02:36:10.610460+00:00,30.9,66.0,83.3,94.5,True,synth02-rest-1,synth02,sitting,synth-rest,52923.0,367.0,0.811,99.6,,,0.6934603102620789,1271.2144718077016,0.5565,108.0,10,1,0
2955,pi4b-01,2026-07-27 02:36:11.610460+00:00,26.7,72.0,80.3,97.2,True,synth02-rest-1,synth02,sitting,synth-rest,53049.0,413.0,0.754,99.7,,,0.7785255141472978,1048.1838049163382,0.5834,126.0,11,1,0
2956,pi4b-01,2026-07-27 02:36:12.610460+00:00,30.2,65.0,80.8,99.2,True,synth02-rest-1,synth02,sitting,synth-rest,54157.0,370.0,0.812,99.5,,,0.6831988477943757,1051.188221860282,0.6045999999999999,1108.0,12,1,0
2957,pi4b-01,2026-07-27 02:36:13.610460+00:00,30.5,65.0,83.7,99.2,True,synth02-rest-1,synth02,sitting,synth-rest,52877.0,331.0,0.889,99.6,,,0.6259810503621612,1077.9988713661392,0.6534,1280.0,13,1,0
2958,pi4b-01,2026-07-27 02:36:14.610460+00:00,30.3,64.0,78.1,97.3,True,synth02-rest-1,synth02,sitting,synth-rest,53996.0,373.0,0.843,99.5,,,0.6907919105118897,887.1146487348741,0.6830999999999999,1119.0,14,1,0
2959,pi4b-01,2026-07-27 02:36:15.610460+00:00,28.2,71.0,81.5,100.0,True,synth02-rest-1,synth02,sitting,synth-rest,55217.0,373.0,0.752,99.6,,,0.6755165981491207,965.214662365035,0.7017,1221.0,15,1,0
2960,pi4b-01,2026-07-27 02:36:16.610460+00:00,30.0,65.0,80.0,98.0,True,synth02-rest-1,synth02,sitting,synth-rest,54646.0,429.0,0.775,99.7,,,0.7850528858470885,886.2116940475731,0.7325,571.0,16,1,0
2961,pi4b-01,2026-07-27 02:36:17.610460+00:00,26.3,65.0,,98.4,True,synth02-rest-1,synth02,sitting,synth-rest,53361.0,335.0,0.82,99.5,,,0.6277993290980304,802.6544088211293,0.772,1285.0,17,0,0
2962,pi4b-01,2026-07-27 02:36:18.610460+00:00,29.6,68.0,81.4,96.5,True,synth02-rest-1,synth02,sitting,synth-rest,55199.0,361.0,0.776,99.5,,,0.6539973550245475,930.652005615181,0.7969,1838.0,18,1,0
2963,pi4b-01,2026-07-27 02:36:19.610460+00:00,27.9,62.0,81.9,98.1,True,synth02-rest-1,synth02,sitting,synth-rest,53450.0,453.0,0.847,99.8,,,0.8475210477081385,898.7885983057695,0.8079000000000001,1749.0,19,1,0
2964,pi4b-01,2026-07-27 02:36:20.610460+00:00,27.9,73.0,82.2,97.7,True,synth02-rest-1,synth02,sitting,synth-rest,54562.0,439.0,0.824,99.4,,,0.8045892745867087,851.5636858809353,0.8092,1112.0,20,1,0
2965,pi4b-01,2026-07-27 02:36:21.610460+00:00,29.3,70.0,80.3,98.8,True,synth02-rest-1,synth02,sitting,synth-rest,53672.0,318.0,0.801,99.6,,,0.5924877030854077,790.6939357298853,0.8139,890.0,21,1,0
2966,pi4b-01,2026-07-27 02:36:22.610460+00:00,26.6,62.0,,98.8,True,synth02-rest-1,synth02,sitting,synth-rest,55355.0,428.0,0.783,99.6,,,0.7731912203053021,883.3146224433536,0.8110000000000002,1683.0,22,0,0
2967,pi4b-01,2026-07-27 02:36:23.610460+00:00,26.1,71.0,77.2,100.0,True,synth02-rest-1,synth02,sitting,synth-rest,53267.0,418.0,0.785,99.9,,,0.7847260029661893,823.3415991488058,0.8006,2088.0,23,1,0
2968,pi4b-01,2026-07-27 02:36:24.610460+00:00,29.6,65.0,,99.5,True,synth02-rest-1,synth02,sitting,synth-rest,53821.0,519.0,0.807,99.5,,,0.9643076122703034,831.6890444551316,0.797,554.0,24,0,0
2969,pi4b-01,2026-07-27 02:36:25.610460+00:00,29.1,63.0,77.2,99.3,True,synth02-rest-1,synth02,sitting,synth-rest,53923.0,641.0,0.725,99.8,,,1.1887320809302153,763.2311722029173,0.7943,102.0,25,1,0
2970,pi4b-01,2026-07-27 02:36:26.610460+00:00,27.6,65.0,79.3,97.7,True,synth02-rest-1,synth02,sitting,synth-rest,53019.0,534.0,0.694,99.5,,,1.0071861030951168,811.8381680551364,0.7862,904.0,26,1,0
2971,pi4b-01,2026-07-27 02:36:27.610460+00:00,30.4,71.0,79.7,96.1,True,synth02-rest-1,synth02,sitting,synth-rest,52807.0,650.0,0.781,99.9,,,1.2308974189027968,873.9985062280683,0.7823,212.0,27,1,0
2972,pi4b-01,2026-07-27 02:36:28.610460+00:00,29.2,65.0,77.7,98.2,True,synth02-rest-1,synth02,sitting,synth-rest,55484.0,669.0,0.605,99.8,,,1.205753009876721,924.0080567229357,0.7652,2677.0,28,1,0
2973,pi4b-01,2026-07-27 02:36:29.610460+00:00,26.6,68.0,74.8,98.1,True,synth02-rest-1,synth02,sitting,synth-rest,54397.0,551.0,0.762,99.5,,,1.0129235068110374,917.1672633107335,0.7566999999999999,1087.0,29,1,0
2974,pi4b-01,2026-07-27 02:36:30.610460+00:00,28.0,64.0,73.3,99.0,True,synth02-rest-1,synth02,sitting,synth-rest,55358.0,349.0,0.842,99.7,,,0.6304418512229488,999.2689605684592,0.7585,961.0,30,1,0
2975,pi4b-01,2026-07-27 02:36:31.610460+00:00,30.5,65.0,77.3,99.9,True,synth02-rest-1,synth02,sitting,synth-rest,53415.0,603.0,0.686,99.6,,,1.1288963774220724,1014.975445789487,0.7470000000000001,1943.0,31,1,0
2976,pi4b-01,2026-07-27 02:36:32.610460+00:00,26.8,70.0,,96.1,True,synth02-rest-1,synth02,sitting,synth-rest,52733.0,527.0,0.761,99.6,,,0.9993742059052205,988.6575859326746,0.7448,682.0,32,0,0
2977,pi4b-01,2026-07-27 02:36:33.610460+00:00,26.1,63.0,77.5,100.0,True,synth02-rest-1,synth02,sitting,synth-rest,52526.0,578.0,0.727,99.8,,,1.1004074172790617,1060.098009095804,0.739,207.0,33,1,0
2978,pi4b-01,2026-07-27 02:36:34.610460+00:00,30.7,68.0,71.7,97.3,True,synth02-rest-1,synth02,sitting,synth-rest,54598.0,455.0,0.7,99.7,,,0.8333638594820323,1093.9531779539545,0.7283,2072.0,34,1,0
2979,pi4b-01,2026-07-27 02:36:35.610460+00:00,28.0,66.0,77.1,98.6,True,synth02-rest-1,synth02,sitting,synth-rest,52639.0,461.0,0.73,99.6,,,0.875776515511313,1154.955333431652,0.7288,1959.0,35,1,0
2980,pi4b-01,2026-07-27 02:36:36.610460+00:00,30.7,68.0,73.7,98.3,True,synth02-rest-1,synth02,sitting,synth-rest,53502.0,463.0,0.724,99.7,,,0.8653882097865501,1133.320044039732,0.7318,863.0,36,1,0
2981,pi4b-01,2026-07-27 02:36:37.610460+00:00,30.3,72.0,75.3,97.6,True,synth02-rest-1,synth02,sitting,synth-rest,53623.0,548.0,0.793,99.8,,,1.0219495365794529,1086.6213947624794,0.733,121.0,37,1,0
2982,pi4b-01,2026-07-27 02:36:38.610460+00:00,29.1,63.0,71.3,96.6,True,synth02-rest-1,synth02,sitting,synth-rest,52602.0,548.0,0.749,99.5,,,1.0417854834416942,974.9062689988846,0.7474000000000001,1021.0,38,1,0
2983,pi4b-01,2026-07-27 02:36:39.610460+00:00,27.0,72.0,72.3,94.1,True,synth02-rest-1,synth02,sitting,synth-rest,52016.0,633.0,0.719,99.5,,,1.21693325130729,1031.2806278280025,0.7431,586.0,39,1,0
2984,pi4b-01,2026-07-27 02:36:40.610460+00:00,29.7,74.0,79.1,96.0,True,synth02-rest-1,synth02,sitting,synth-rest,53658.0,817.0,0.8,99.4,,,1.5226061351522606,758.6345628825397,0.7388999999999999,1642.0,40,1,0
2985,pi4b-01,2026-07-27 02:36:41.610460+00:00,27.9,72.0,,78.2,True,synth02-rest-1,synth02,sitting,synth-rest,54582.0,2792.0,0.123,99.7,,,5.1152394562309915,886.1794964904028,0.6826,924.0,41,0,0
2986,pi4b-01,2026-07-27 02:36:42.610460+00:00,26.4,64.0,,78.6,True,synth02-rest-1,synth02,sitting,synth-rest,54857.0,6414.0,0.256,99.7,,,11.69221794848424,996.704018252153,0.6321,275.0,42,0,0
2987,pi4b-01,2026-07-27 02:36:43.610460+00:00,29.4,74.0,,78.2,True,synth02-rest-1,synth02,sitting,synth-rest,52846.0,5250.0,0.232,99.7,,,9.934526738069106,968.1011253422228,0.5826,2011.0,43,0,0
2988,pi4b-01,2026-07-27 02:36:44.610460+00:00,29.7,68.0,,77.7,True,synth02-rest-1,synth02,sitting,synth-rest,55666.0,5068.0,0.269,99.6,,,9.10430065030719,1146.1682492354894,0.5395000000000001,2820.0,44,0,0
2989,pi4b-01,2026-07-27 02:36:45.610460+00:00,26.9,72.0,,80.7,True,synth02-rest-1,synth02,sitting,synth-rest,53035.0,6491.0,0.195,99.4,,,12.239087395116432,1115.7483836221982,0.48599999999999993,2631.0,45,0,0
2990,pi4b-01,2026-07-27 02:36:46.610460+00:00,30.9,72.0,,89.6,True,synth02-rest-1,synth02,sitting,synth-rest,53800.0,2825.0,0.259,99.9,,,5.25092936802974,1115.6712229764514,0.43950000000000006,765.0,46,0,0
2991,pi4b-01,2026-07-27 02:36:47.610460+00:00,27.0,63.0,,74.7,True,synth02-rest-1,synth02,sitting,synth-rest,53995.0,2829.0,0.211,99.5,,,5.2393740161126034,1120.1782645831147,0.38130000000000003,195.0,47,0,0
2992,pi4b-01,2026-07-27 02:36:48.610460+00:00,30.6,67.0,,75.1,True,synth02-rest-1,synth02,sitting,synth-rest,52257.0,2535.0,0.234,99.6,,,4.851024743096619,1162.4624056047737,0.3298,1738.0,48,0,0
2993,pi4b-01,2026-07-27 02:36:49.610460+00:00,29.3,72.0,,73.4,True,synth02-rest-1,synth02,sitting,synth-rest,51462.0,3198.0,0.32,99.8,,,6.214294042205899,1259.2791412373779,0.2899,795.0,49,0,0
2994,pi4b-01,2026-07-27 02:36:50.610460+00:00,27.8,68.0,,70.0,True,synth02-rest-1,synth02,sitting,synth-rest,50739.0,3247.0,0.333,99.4,,,6.39941662232208,1552.567654636089,0.2432,723.0,50,0,0
2995,pi4b-01,2026-07-27 02:36:51.610460+00:00,30.2,69.0,,93.0,True,synth02-rest-1,synth02,sitting,synth-rest,50674.0,737.0,0.34,99.5,,,1.4543947586533528,1686.7491712363867,0.2649,65.0,51,0,0
2996,pi4b-01,2026-07-27 02:36:52.610460+00:00,27.2,72.0,75.2,93.6,True,synth02-rest-1,synth02,sitting,synth-rest,50028.0,790.0,0.419,99.9,,,1.5791156952106822,1764.224588877491,0.2812,646.0,52,1,0
2997,pi4b-01,2026-07-27 02:36:53.610460+00:00,28.9,63.0,,95.2,True,synth02-rest-1,synth02,sitting,synth-rest,51008.0,830.0,0.326,99.9,,,1.6271957340025094,1813.4636717863511,0.29059999999999997,980.0,53,0,0
2998,pi4b-01,2026-07-27 02:36:54.610460+00:00,30.5,65.0,,90.2,True,synth02-rest-1,synth02,sitting,synth-rest,51264.0,705.0,0.353,99.6,,,1.3752340823970037,1378.711943163674,0.29900000000000004,256.0,54,0,0
2999,pi4b-01,2026-07-27 02:36:55.610460+00:00,26.9,68.0,,92.7,True,synth02-rest-1,synth02,sitting,synth-rest,50598.0,730.0,0.275,99.5,,,1.442744772520653,1356.506972583108,0.307,666.0,55,0,0
3000,pi4b-01,2026-07-27 02:36:56.610460+00:00,28.6,70.0,74.9,94.0,True,synth02-rest-1,synth02,sitting,synth-rest,51267.0,389.0,0.46,99.8,,,0.7587726997873876,1110.6367342905014,0.3271,669.0,56,1,0
3001,pi4b-01,2026-07-27 02:36:57.610460+00:00,28.9,66.0,,75.7,True,synth02-rest-1,synth02,sitting,synth-rest,52203.0,7693.0,0.036,99.5,,,14.73670095588376,702.1819960348337,0.3096,936.0,57,0,0
3002,pi4b-01,2026-07-27 02:36:58.610460+00:00,27.0,68.0,,77.0,True,synth02-rest-1,synth02,sitting,synth-rest,51617.0,6947.0,0.01,99.6,,,13.458744212178159,613.6607821553047,0.2872,586.0,58,0,0
3003,pi4b-01,2026-07-27 02:36:59.610460+00:00,29.5,69.0,,77.7,True,synth02-rest-1,synth02,sitting,synth-rest,52177.0,7890.0,0.159,99.9,,,15.121605305019454,698.1720975359056,0.2711,560.0,59,0,0
3004,pi4b-01,2026-07-27 02:37:00.610460+00:00,30.3,71.0,,77.5,True,synth02-rest-1,synth02,sitting,synth-rest,53076.0,9205.0,0.068,99.5,,,17.343055241540434,903.4711825939419,0.2446,899.0,60,0,0
3005,pi4b-01,2026-07-27 02:37:01.610460+00:00,29.3,72.0,,97.0,True,synth02-rest-1,synth02,sitting,synth-rest,54285.0,896.0,0.2,99.7,,,1.650548033526757,1242.8512067911247,0.2306,1209.0,61,0,0
3006,pi4b-01,2026-07-27 02:37:02.610460+00:00,26.5,68.0,,80.0,True,synth02-rest-1,synth02,sitting,synth-rest,54359.0,6554.0,0.089,99.4,,,12.056881105244761,1326.9861591842687,0.1976,74.0,62,0,0
3007,pi4b-01,2026-07-27 02:37:03.610460+00:00,28.0,69.0,,80.5,True,synth02-rest-1,synth02,sitting,synth-rest,53498.0,7812.0,0.056,99.5,,,14.60241504355303,1315.0694278249962,0.1706,861.0,63,0,0
3008,pi4b-01,2026-07-27 02:37:04.610460+00:00,28.9,64.0,,78.8,True,synth02-rest-1,synth02,sitting,synth-rest,52640.0,7562.0,0.055,99.9,,,14.365501519756837,1249.344983937126,0.14079999999999998,858.0,64,0,0
3009,pi4b-01,2026-07-27 02:37:05.610460+00:00,28.1,62.0,,79.6,True,synth02-rest-1,synth02,sitting,synth-rest,52154.0,7933.0,0.01,99.7,,,15.210722092265213,1058.494759342498,0.1143,486.0,65,0,0
3010,pi4b-01,2026-07-27 02:37:06.610460+00:00,26.4,62.0,,79.3,True,synth02-rest-1,synth02,sitting,synth-rest,52715.0,5963.0,0.034,99.4,,,11.311770843213505,927.4119544912701,0.0717,561.0,66,0,0
3011,pi4b-01,2026-07-27 02:37:07.610460+00:00,28.0,65.0,75.0,90.1,True,synth02-rest-1,synth02,sitting,synth-rest,51011.0,613.0,0.647,99.5,,,1.2017015937738917,1086.0460190781655,0.13279999999999997,1704.0,67,1,0
3012,pi4b-01,2026-07-27 02:37:08.610460+00:00,28.9,72.0,79.8,89.4,True,synth02-rest-1,synth02,sitting,synth-rest,50770.0,395.0,0.652,99.6,,,0.7780185148709868,1210.4110642440505,0.197,241.0,68,1,0
3013,pi4b-01,2026-07-27 02:37:09.610460+00:00,27.3,70.0,76.3,97.5,True,synth02-rest-1,synth02,sitting,synth-rest,51649.0,347.0,0.683,99.5,,,0.6718426300606014,1245.248038656454,0.24939999999999998,879.0,69,1,0
3014,pi4b-01,2026-07-27 02:37:10.610460+00:00,28.5,65.0,74.1,98.1,True,synth02-rest-1,synth02,sitting,synth-rest,51246.0,341.0,0.714,99.7,,,0.66541778870546,1303.2052835647455,0.31399999999999995,403.0,70,1,0
3015,pi4b-01,2026-07-27 02:37:11.610460+00:00,26.9,70.0,72.2,98.8,True,synth02-rest-1,synth02,sitting,synth-rest,51564.0,297.0,0.867,99.7,,,0.5759832441238073,1148.348398546533,0.38070000000000004,318.0,71,1,0
3016,pi4b-01,2026-07-27 02:37:12.610460+00:00,30.3,70.0,74.3,97.8,True,synth02-rest-1,synth02,sitting,synth-rest,51447.0,375.0,0.737,99.5,,,0.7289054755379322,862.5945616439424,0.4455,117.0,72,1,0
3017,pi4b-01,2026-07-27 02:37:13.610460+00:00,28.2,63.0,74.6,98.7,True,synth02-rest-1,synth02,sitting,synth-rest,50123.0,316.0,0.74,99.5,,,0.6304490952257447,813.438306067332,0.5139,1324.0,73,1,0
3018,pi4b-01,2026-07-27 02:37:14.610460+00:00,30.5,65.0,75.1,97.7,True,synth02-rest-1,synth02,sitting,synth-rest,51712.0,302.0,0.726,99.8,,,0.5840037128712872,720.6146219257846,0.5810000000000001,1589.0,74,1,0
3019,pi4b-01,2026-07-27 02:37:15.610460+00:00,30.2,68.0,73.7,99.7,True,synth02-rest-1,synth02,sitting,synth-rest,50861.0,318.0,0.658,99.8,,,0.6252334794832977,693.5818144481841,0.6458,851.0,75,1,0
3020,pi4b-01,2026-07-27 02:37:16.610460+00:00,30.3,70.0,77.1,97.3,True,synth02-rest-1,synth02,sitting,synth-rest,52636.0,341.0,0.684,99.8,,,0.6478455809711984,676.0257145009859,0.7108,1775.0,76,1,0
3021,pi4b-01,2026-07-27 02:37:17.610460+00:00,29.5,66.0,77.1,97.1,True,synth02-rest-1,synth02,sitting,synth-rest,50968.0,325.0,0.623,99.5,,,0.6376549992151939,678.214846326501,0.7083999999999999,1668.0,77,1,0
3022,pi4b-01,2026-07-27 02:37:18.610460+00:00,26.8,69.0,76.5,95.8,True,synth02-rest-1,synth02,sitting,synth-rest,51458.0,224.0,0.722,99.9,,,0.4353064635236503,653.181138735577,0.7154,490.0,78,1,0
3023,pi4b-01,2026-07-27 02:37:19.610460+00:00,26.9,69.0,77.0,95.4,True,synth02-rest-1,synth02,sitting,synth-rest,53693.0,386.0,0.706,99.6,,,0.7189019052762929,986.3074571349007,0.7177,2235.0,79,1,0
3024,pi4b-01,2026-07-27 02:37:20.610460+00:00,26.8,71.0,75.8,96.3,True,synth02-rest-1,synth02,sitting,synth-rest,51979.0,424.0,0.765,99.8,,,0.815714038361646,986.7243733124288,0.7228,1714.0,80,1,0
3025,pi4b-01,2026-07-27 02:37:21.610460+00:00,27.5,64.0,78.5,96.9,True,synth02-rest-1,synth02,sitting,synth-rest,51981.0,341.0,0.758,99.7,,,0.6560089263384699,991.7617097311264,0.7119,2.0,81,1,0
3026,pi4b-01,2026-07-27 02:37:22.610460+00:00,28.5,72.0,76.2,97.2,True,synth02-rest-1,synth02,sitting,synth-rest,52912.0,369.0,0.707,99.6,,,0.6973843362564258,1058.5230853515402,0.7089000000000001,931.0,82,1,0
3027,pi4b-01,2026-07-27 02:37:23.610460+00:00,28.7,64.0,78.6,96.9,True,synth02-rest-1,synth02,sitting,synth-rest,51929.0,276.0,0.815,99.6,,,0.5314949257640239,872.1442859730731,0.7163999999999999,983.0,83,1,0
3028,pi4b-01,2026-07-27 02:37:24.610460+00:00,27.3,64.0,76.9,95.3,True,synth02-rest-1,synth02,sitting,synth-rest,53007.0,392.0,0.803,99.9,,,0.7395249684003999,917.4670687398811,0.7241,1078.0,84,1,0
3029,pi4b-01,2026-07-27 02:37:25.610460+00:00,28.4,72.0,72.9,98.0,True,synth02-rest-1,synth02,sitting,synth-rest,52923.0,408.0,0.67,99.4,,,0.770931353097897,824.4781784053451,0.7253000000000001,84.0,85,1,0
3030,pi4b-01,2026-07-27 02:37:26.610460+00:00,28.5,69.0,73.8,100.0,True,synth02-rest-1,synth02,sitting,synth-rest,53848.0,305.0,0.796,99.8,,,0.566409151686228,950.8233624951572,0.7365,925.0,86,1,0
3031,pi4b-01,2026-07-27 02:37:27.610460+00:00,26.2,63.0,74.7,99.2,True,synth02-rest-1,synth02,sitting,synth-rest,52874.0,366.0,0.768,99.9,,,0.6922116730340054,794.5142750972226,0.751,974.0,87,1,0
3032,pi4b-01,2026-07-27 02:37:28.610460+00:00,28.9,65.0,73.4,97.0,True,synth02-rest-1,synth02,sitting,synth-rest,53155.0,403.0,0.75,99.6,,,0.7581600978271095,682.4920756560236,0.7537999999999999,281.0,88,1,0
3033,pi4b-01,2026-07-27 02:37:29.610460+00:00,29.1,65.0,72.5,99.1,True,synth02-rest-1,synth02,sitting,synth-rest,52146.0,300.0,0.718,99.6,,,0.5753077896674721,639.116960257526,0.755,1009.0,89,1,0
3034,pi4b-01,2026-07-27 02:37:30.610460+00:00,29.1,73.0,76.9,98.8,True,synth02-rest-1,synth02,sitting,synth-rest,53485.0,363.0,0.769,99.9,,,0.6786949612040759,634.2020358073243,0.7554000000000001,1339.0,90,1,0
3035,pi4b-01,2026-07-27 02:37:31.610460+00:00,26.7,66.0,76.9,100.0,True,synth02-rest-1,synth02,sitting,synth-rest,51615.0,422.0,0.793,99.6,,,0.8175917853337208,695.9414407037575,0.7588999999999999,1870.0,91,1,0
3036,pi4b-01,2026-07-27 02:37:32.610460+00:00,27.6,66.0,78.3,99.6,True,synth02-rest-1,synth02,sitting,synth-rest,53249.0,400.0,0.802,99.4,,,0.7511878157336288,710.5439934772505,0.7684,1634.0,92,1,0
3037,pi4b-01,2026-07-27 02:37:33.610460+00:00,31.0,64.0,,98.9,True,synth02-rest-1,synth02,sitting,synth-rest,51378.0,334.0,0.765,99.6,,,0.6500836934096306,802.9386305592587,0.7634000000000001,1871.0,93,0,0
3038,pi4b-01,2026-07-27 02:37:34.610460+00:00,27.8,65.0,75.0,99.2,True,synth02-rest-1,synth02,sitting,synth-rest,52693.0,364.0,0.78,99.7,,,0.6907938435845368,798.6821367449564,0.7611000000000001,1315.0,94,1,0
3039,pi4b-01,2026-07-27 02:37:35.610460+00:00,27.7,71.0,77.6,99.5,True,synth02-rest-1,synth02,sitting,synth-rest,53340.0,344.0,0.75,99.7,,,0.6449193850768654,820.0945812661823,0.7691000000000001,647.0,95,1,0
3040,pi4b-01,2026-07-27 02:37:36.610460+00:00,28.7,65.0,76.4,100.0,True,synth02-rest-1,synth02,sitting,synth-rest,52120.0,340.0,0.64,99.5,,,0.6523407521105142,748.5911582580696,0.7535000000000001,1220.0,96,1,0
3041,pi4b-01,2026-07-27 02:37:37.610460+00:00,29.0,72.0,76.4,98.9,True,synth02-rest-1,synth02,sitting,synth-rest,50646.0,316.0,0.729,99.6,,,0.6239387118429885,961.1710507962811,0.7496,1474.0,97,1,0
3042,pi4b-01,2026-07-27 02:37:38.610460+00:00,29.8,69.0,72.5,99.1,True,synth02-rest-1,synth02,sitting,synth-rest,53555.0,344.0,0.654,99.6,,,0.6423303146298198,1004.2403486106878,0.74,2909.0,98,1,0
3043,pi4b-01,2026-07-27 02:37:39.610460+00:00,28.5,62.0,78.2,96.0,True,synth02-rest-1,synth02,sitting,synth-rest,51367.0,297.0,0.792,99.4,,,0.5781922245799833,1056.9212942419895,0.7474000000000001,2188.0,99,1,0
3044,pi4b-01,2026-07-27 02:37:40.610460+00:00,28.9,64.0,77.8,96.7,True,synth02-rest-1,synth02,sitting,synth-rest,52167.0,341.0,0.768,99.8,,,0.6536699446009929,978.1835774081743,0.7473000000000001,800.0,100,1,0
3045,pi4b-01,2026-07-27 02:37:41.610460+00:00,27.2,65.0,74.3,99.3,True,synth02-rest-1,synth02,sitting,synth-rest,52864.0,364.0,0.753,99.5,,,0.6885593220338982,973.0698787285667,0.7433,697.0,101,1,0
3046,pi4b-01,2026-07-27 02:37:42.610460+00:00,30.9,72.0,74.6,100.0,True,synth02-rest-1,synth02,sitting,synth-rest,53127.0,368.0,0.725,99.6,,,0.6926798049955767,961.0683927564647,0.7356,263.0,102,1,0
3047,pi4b-01,2026-07-27 02:37:43.610460+00:00,26.0,63.0,74.5,98.0,True,synth02-rest-1,synth02,sitting,synth-rest,52522.0,371.0,0.698,99.4,,,0.706370663721869,901.9975917681207,0.7289,605.0,103,1,0
3048,pi4b-01,2026-07-27 02:37:44.610460+00:00,30.3,63.0,77.3,95.2,True,synth02-rest-1,synth02,sitting,synth-rest,53375.0,362.0,0.765,99.8,,,0.6782201405152225,947.8609895736224,0.7274,853.0,104,1,0
3049,pi4b-01,2026-07-27 02:37:45.610460+00:00,29.5,66.0,75.7,97.5,True,synth02-rest-1,synth02,sitting,synth-rest,51820.0,387.0,0.687,99.6,,,0.7468159011964492,921.168105058851,0.7211000000000001,1555.0,105,1,0
3050,pi4b-01,2026-07-27 02:37:46.610460+00:00,29.6,62.0,75.7,100.0,True,synth02-rest-1,synth02,sitting,synth-rest,51042.0,326.0,0.75,99.8,,,0.6386897065162023,1010.6265658271096,0.7321,778.0,106,1,0
3051,pi4b-01,2026-07-27 02:37:47.610460+00:00,29.1,64.0,75.5,98.7,True,synth02-rest-1,synth02,sitting,synth-rest,50825.0,316.0,0.737,99.4,,,0.6217412690605018,980.2174588664531,0.7329,217.0,107,1,0
3052,pi4b-01,2026-07-27 02:37:48.610460+00:00,29.9,68.0,77.4,99.6,True,synth02-rest-1,synth02,sitting,synth-rest,52711.0,312.0,0.818,99.8,,,0.5919068126197568,889.0308081150623,0.7493000000000001,1886.0,108,1,0
3053,pi4b-01,2026-07-27 02:37:49.610460+00:00,30.0,65.0,78.6,99.9,True,synth02-rest-1,synth02,sitting,synth-rest,51017.0,307.0,0.581,99.6,,,0.6017601975811984,930.5990901922323,0.7282,1694.0,109,1,0
3054,pi4b-01,2026-07-27 02:37:50.610460+00:00,26.1,69.0,77.0,100.0,True,synth02-rest-1,synth02,sitting,synth-rest,51598.0,288.0,0.653,99.6,,,0.5581611690375596,946.4998033690887,0.7167,581.0,110,1,0
3055,pi4b-01,2026-07-27 02:37:51.610460+00:00,27.9,64.0,75.3,97.7,True,synth02-rest-1,synth02,sitting,synth-rest,53303.0,251.0,0.705,99.6,,,0.4708928202915408,995.3050900212289,0.7119,1705.0,111,1,0
3056,pi4b-01,2026-07-27 02:37:52.610460+00:00,29.3,69.0,74.6,98.4,True,synth02-rest-1,synth02,sitting,synth-rest,54040.0,286.0,0.784,99.7,,,0.5292376017764618,1129.3616731981076,0.7178,737.0,112,1,0
3057,pi4b-01,2026-07-27 02:37:53.610460+00:00,28.8,67.0,72.7,95.7,True,synth02-rest-1,synth02,sitting,synth-rest,53644.0,304.0,0.697,99.6,,,0.5666989784505256,1214.6289099510293,0.7177,396.0,113,1,0
3058,pi4b-01,2026-07-27 02:37:54.610460+00:00,27.4,73.0,70.1,98.9,True,synth02-rest-1,synth02,sitting,synth-rest,52318.0,376.0,0.727,99.7,,,0.7186819068007188,1159.0302268131782,0.7139,1326.0,114,1,0
3059,pi4b-01,2026-07-27 02:37:55.610460+00:00,30.3,71.0,65.6,96.2,True,synth02-rest-1,synth02,sitting,synth-rest,53990.0,388.0,0.654,99.8,,,0.7186516021485461,1271.0869189616765,0.7106,1672.0,115,1,0
3060,pi4b-01,2026-07-27 02:37:56.610460+00:00,28.4,65.0,70.5,96.1,True,synth02-rest-1,synth02,sitting,synth-rest,52183.0,394.0,0.716,99.7,,,0.7550351647088133,1178.6212708075175,0.7072,1807.0,116,1,0
3061,pi4b-01,2026-07-27 02:37:57.610460+00:00,29.2,67.0,,93.9,True,synth02-rest-1,synth02,sitting,synth-rest,51509.0,331.0,0.79,99.9,,,0.6426061464986701,1082.4845957333177,0.7125,674.0,117,0,0
3062,pi4b-01,2026-07-27 02:37:58.610460+00:00,29.6,71.0,69.4,94.9,True,synth02-rest-1,synth02,sitting,synth-rest,53270.0,305.0,0.853,99.8,,,0.5725549089543833,1101.3271589818507,0.716,1761.0,118,1,0
3063,pi4b-01,2026-07-27 02:37:59.610460+00:00,30.4,73.0,68.0,98.3,True,synth02-rest-1,synth02,sitting,synth-rest,51779.0,431.0,0.654,99.5,,,0.8323837849321154,994.0650772347354,0.7233,1491.0,119,1,0
3064,pi4b-01,2026-07-27 02:38:00.610460+00:00,30.1,66.0,67.6,98.1,True,synth02-rest-1,synth02,sitting,synth-rest,52828.0,377.0,0.729,99.7,,,0.7136367078064663,906.0423340611814,0.7308999999999999,1049.0,120,1,0
3065,pi4b-01,2026-07-27 02:38:01.610460+00:00,30.2,65.0,69.8,97.9,True,synth02-rest-1,synth02,sitting,synth-rest,53302.0,352.0,0.648,99.7,,,0.660387977937038,905.9912987072535,0.7252,474.0,121,1,0
3066,pi4b-01,2026-07-27 02:38:02.610460+00:00,30.8,67.0,72.6,98.0,True,synth02-rest-1,synth02,sitting,synth-rest,51548.0,292.0,0.639,99.7,,,0.566462326375417,896.0654055988504,0.7107,1754.0,122,1,0
3067,pi4b-01,2026-07-27 02:38:03.610460+00:00,29.1,74.0,66.4,97.6,True,synth02-rest-1,synth02,sitting,synth-rest,51347.0,388.0,0.671,99.5,,,0.7556429781681501,903.6523667870956,0.7081,201.0,123,1,0
3068,pi4b-01,2026-07-27 02:38:04.610460+00:00,29.3,69.0,65.0,98.7,True,synth02-rest-1,synth02,sitting,synth-rest,53975.0,403.0,0.794,99.6,,,0.7466419638721631,1028.7047357396843,0.7148000000000001,2628.0,124,1,0
3069,pi4b-01,2026-07-27 02:38:05.610460+00:00,26.4,66.0,63.5,94.8,True,synth02-rest-1,synth02,sitting,synth-rest,53124.0,424.0,0.779,99.6,,,0.7981326707326255,927.6607677378192,0.7273,851.0,125,1,0
3070,pi4b-01,2026-07-27 02:38:06.610460+00:00,28.9,66.0,66.6,99.2,True,synth02-rest-1,synth02,sitting,synth-rest,51402.0,411.0,0.688,99.7,,,0.7995797828878253,987.0282220438431,0.7245,1722.0,126,1,0
3071,pi4b-01,2026-07-27 02:38:07.610460+00:00,29.2,64.0,73.5,98.2,True,synth02-rest-1,synth02,sitting,synth-rest,52841.0,330.0,0.642,99.6,,,0.6245150545977556,940.9700904444475,0.7097,1439.0,127,1,0
3072,pi4b-01,2026-07-27 02:38:08.610460+00:00,28.4,72.0,,97.1,True,synth02-rest-1,synth02,sitting,synth-rest,52833.0,347.0,0.651,99.6,,,0.6567864781481271,913.1187643333687,0.6895,8.0,128,0,0
3073,pi4b-01,2026-07-27 02:38:09.610460+00:00,30.5,70.0,69.0,97.0,True,synth02-rest-1,synth02,sitting,synth-rest,54261.0,427.0,0.614,99.7,,,0.7869372108881149,1026.3064790250576,0.6855,1428.0,129,1,0
3074,pi4b-01,2026-07-27 02:38:10.610460+00:00,27.3,64.0,,95.7,True,synth02-rest-1,synth02,sitting,synth-rest,51677.0,320.0,0.645,99.6,,,0.6192309925111752,1079.276094838022,0.6771,2584.0,130,0,0
3075,pi4b-01,2026-07-27 02:38:11.610460+00:00,26.5,64.0,71.8,96.7,True,synth02-rest-1,synth02,sitting,synth-rest,52092.0,354.0,0.748,99.7,,,0.6795669200645013,1063.401356235907,0.6871,415.0,131,1,0
3076,pi4b-01,2026-07-27 02:38:12.610460+00:00,26.1,63.0,72.2,96.5,True,synth02-rest-1,synth02,sitting,synth-rest,53518.0,344.0,0.782,99.8,,,0.6427743936619456,1047.7453040802159,0.7013999999999999,1426.0,132,1,0
3077,pi4b-01,2026-07-27 02:38:13.610460+00:00,30.9,63.0,76.1,93.8,True,synth02-rest-1,synth02,sitting,synth-rest,52561.0,265.0,0.593,99.7,,,0.5041761001503016,937.151025419258,0.6936,957.0,133,1,0
3078,pi4b-01,2026-07-27 02:38:14.610460+00:00,26.7,73.0,67.4,98.9,True,synth02-rest-1,synth02,sitting,synth-rest,53985.0,345.0,0.768,99.9,,,0.6390664073353709,938.51480779174,0.6910000000000001,1424.0,134,1,0
3079,pi4b-01,2026-07-27 02:38:15.610460+00:00,26.2,71.0,,98.4,True,synth02-rest-1,synth02,sitting,synth-rest,54473.0,284.0,0.811,99.5,,,0.5213592054779432,1072.8954645153922,0.6942,488.0,135,0,0
3080,pi4b-01,2026-07-27 02:38:16.610460+00:00,26.8,71.0,74.4,96.2,True,synth02-rest-1,synth02,sitting,synth-rest,54323.0,332.0,0.73,99.7,,,0.6111591775122877,995.0992356990376,0.6984,150.0,136,1,0
3081,pi4b-01,2026-07-27 02:38:17.610460+00:00,26.8,70.0,81.1,97.2,True,synth02-rest-1,synth02,sitting,synth-rest,52060.0,375.0,0.782,99.5,,,0.7203227045716482,1059.8648813252503,0.7123999999999999,2263.0,137,1,0
3082,pi4b-01,2026-07-27 02:38:18.610460+00:00,27.7,68.0,76.3,100.0,True,synth02-rest-1,synth02,sitting,synth-rest,53794.0,409.0,0.746,99.8,,,0.7603078410231624,1068.6088776223285,0.7219,1734.0,138,1,0
3083,pi4b-01,2026-07-27 02:38:19.610460+00:00,28.5,65.0,81.1,99.0,True,synth02-rest-1,synth02,sitting,synth-rest,53916.0,300.0,0.774,99.8,,,0.5564210994880926,1038.3583678094571,0.7379,122.0,139,1,0
3084,pi4b-01,2026-07-27 02:38:20.610460+00:00,28.1,71.0,79.6,98.4,True,synth02-rest-1,synth02,sitting,synth-rest,52551.0,321.0,0.814,99.8,,,0.6108351886738597,922.5105901228499,0.7548,1365.0,140,1,0
3085,pi4b-01,2026-07-27 02:38:21.610460+00:00,29.2,63.0,79.9,95.2,True,synth02-rest-1,synth02,sitting,synth-rest,51724.0,309.0,0.631,99.8,,,0.5974015930709149,982.6435151048923,0.7431000000000001,827.0,141,1,0
3086,pi4b-01,2026-07-27 02:38:22.610460+00:00,26.9,67.0,80.0,97.4,True,synth02-rest-1,synth02,sitting,synth-rest,52245.0,399.0,0.652,99.8,,,0.7637094458799885,1031.1566105861318,0.7301,521.0,142,1,0
3087,pi4b-01,2026-07-27 02:38:23.610460+00:00,28.1,71.0,76.3,97.2,True,synth02-rest-1,synth02,sitting,synth-rest,52644.0,332.0,0.728,99.5,,,0.6306511663247474,1026.092398914949,0.7436,399.0,143,1,0
3088,pi4b-01,2026-07-27 02:38:24.610460+00:00,26.9,63.0,84.0,95.6,True,synth02-rest-1,synth02,sitting,synth-rest,51708.0,382.0,0.87,99.5,,,0.7387638276475593,1076.8971683085813,0.7538,936.0,144,1,0
3089,pi4b-01,2026-07-27 02:38:25.610460+00:00,26.7,65.0,74.4,99.6,True,synth02-rest-1,synth02,sitting,synth-rest,52283.0,338.0,0.62,99.8,,,0.646481647954402,946.1008637795331,0.7346999999999999,575.0,145,1,0
3090,pi4b-01,2026-07-27 02:38:26.610460+00:00,26.3,67.0,80.6,96.9,True,synth02-rest-1,synth02,sitting,synth-rest,51348.0,402.0,0.61,99.7,,,0.7828931993456415,850.6359777640537,0.7227,935.0,146,1,0
3091,pi4b-01,2026-07-27 02:38:27.610460+00:00,28.8,69.0,,95.8,True,synth02-rest-1,synth02,sitting,synth-rest,53652.0,432.0,0.751,99.4,,,0.8051889957503914,920.3724185832741,0.7196,2304.0,147,0,0
3092,pi4b-01,2026-07-27 02:38:28.610460+00:00,28.4,73.0,76.8,96.8,True,synth02-rest-1,synth02,sitting,synth-rest,52059.0,510.0,0.794,99.5,,,0.9796576960756065,826.1655739350907,0.7243999999999999,1593.0,148,1,0
3093,pi4b-01,2026-07-27 02:38:29.610460+00:00,29.2,64.0,71.4,97.7,True,synth02-rest-1,synth02,sitting,synth-rest,53366.0,471.0,0.719,99.6,,,0.8825844170445601,727.3922982514316,0.7189,1307.0,149,1,0
3094,pi4b-01,2026-07-27 02:38:30.610460+00:00,26.7,74.0,77.3,98.1,True,synth02-rest-1,synth02,sitting,synth-rest,52672.0,540.0,0.714,99.6,,,1.0252126366950183,731.9516453366675,0.7089,694.0,150,1,0
3095,pi4b-01,2026-07-27 02:38:31.610460+00:00,30.3,69.0,76.0,96.2,True,synth02-rest-1,synth02,sitting,synth-rest,52236.0,457.0,0.808,99.5,,,0.8748755647446207,698.896121672478,0.7266,436.0,151,1,0
3096,pi4b-01,2026-07-27 02:38:32.610460+00:00,29.3,70.0,70.2,96.5,True,synth02-rest-1,synth02,sitting,synth-rest,51798.0,511.0,0.772,99.4,,,0.9865245762384648,725.2235210991844,0.7386,438.0,152,1,0
3097,pi4b-01,2026-07-27 02:38:33.610460+00:00,29.8,69.0,73.4,97.3,True,synth02-rest-1,synth02,sitting,synth-rest,51875.0,606.0,0.799,99.4,,,1.1681927710843374,734.4314581134257,0.7457,77.0,153,1,0
3098,pi4b-01,2026-07-27 02:38:34.610460+00:00,29.4,73.0,76.7,95.5,True,synth02-rest-1,synth02,sitting,synth-rest,54089.0,522.0,0.702,99.9,,,0.9650760783153691,890.6349545252309,0.7289,2214.0,154,1,0
3099,pi4b-01,2026-07-27 02:38:35.610460+00:00,29.1,68.0,71.7,95.8,True,synth02-rest-1,synth02,sitting,synth-rest,54054.0,634.0,0.764,99.6,,,1.172901172901173,1003.292961535462,0.7433000000000001,35.0,155,1,0
3100,pi4b-01,2026-07-27 02:38:36.610460+00:00,29.4,66.0,73.5,95.3,True,synth02-rest-1,synth02,sitting,synth-rest,53267.0,356.0,0.821,99.4,,,0.6683312369759888,889.9134539692498,0.7644,787.0,156,1,0
3101,pi4b-01,2026-07-27 02:38:37.610460+00:00,26.3,65.0,,96.2,True,synth02-rest-1,synth02,sitting,synth-rest,52560.0,371.0,0.787,99.7,,,0.7058599695585998,854.6093584530213,0.768,707.0,157,0,0
3102,pi4b-01,2026-07-27 02:38:38.610460+00:00,26.3,65.0,71.1,98.3,True,synth02-rest-1,synth02,sitting,synth-rest,54518.0,402.0,0.786,99.8,,,0.7373711434755493,965.1017505365994,0.7672000000000001,1958.0,158,1,0
3103,pi4b-01,2026-07-27 02:38:39.610460+00:00,27.0,73.0,73.8,96.3,True,synth02-rest-1,synth02,sitting,synth-rest,52791.0,272.0,0.751,99.7,,,0.5152393400390218,960.8722888893598,0.7704,1727.0,159,1,0
3104,pi4b-01,2026-07-27 02:38:40.610460+00:00,28.2,64.0,69.4,96.2,True,synth02-rest-1,synth02,sitting,synth-rest,52445.0,253.0,0.652,99.6,,,0.48241014396033943,971.7345373665762,0.7642,346.0,160,1,0
3105,pi4b-01,2026-07-27 02:38:41.610460+00:00,26.9,67.0,76.9,97.5,True,synth02-rest-1,synth02,sitting,synth-rest,53361.0,269.0,0.809,99.8,,,0.5041134911264782,942.8708878266575,0.7643,916.0,161,1,0
3106,pi4b-01,2026-07-27 02:38:42.610460+00:00,26.5,72.0,70.7,97.9,True,synth02-rest-1,synth02,sitting,synth-rest,53215.0,392.0,0.799,99.7,,,0.7366344075918444,829.1136163933155,0.767,146.0,162,1,0
3107,pi4b-01,2026-07-27 02:38:43.610460+00:00,28.4,70.0,73.4,99.4,True,synth02-rest-1,synth02,sitting,synth-rest,52460.0,365.0,0.741,99.7,,,0.6957682043461686,739.6802612540097,0.7612,755.0,163,1,0
3108,pi4b-01,2026-07-27 02:38:44.610460+00:00,29.6,68.0,69.0,98.2,True,synth02-rest-1,synth02,sitting,synth-rest,53730.0,296.0,0.756,99.5,,,0.5509026614554253,703.6729748650771,0.7666000000000001,1270.0,164,1,0
3109,pi4b-01,2026-07-27 02:38:45.610460+00:00,27.6,71.0,69.8,99.7,True,synth02-rest-1,synth02,sitting,synth-rest,54851.0,412.0,0.742,99.7,,,0.7511257771052487,838.3479521587668,0.7644,1121.0,165,1,0
3110,pi4b-01,2026-07-27 02:38:46.610460+00:00,27.4,64.0,68.5,97.3,True,synth02-rest-1,synth02,sitting,synth-rest,53369.0,467.0,0.699,99.4,,,0.8750398171222995,838.2546682773664,0.7522,1482.0,166,1,0
3111,pi4b-01,2026-07-27 02:38:47.610460+00:00,29.2,72.0,69.4,97.1,True,synth02-rest-1,synth02,sitting,synth-rest,54012.0,473.0,0.665,99.6,,,0.8757313189661556,815.504724422526,0.74,643.0,167,1,0
3112,pi4b-01,2026-07-27 02:38:48.610460+00:00,28.6,69.0,70.4,95.7,True,synth02-rest-1,synth02,sitting,synth-rest,53217.0,390.0,0.756,99.9,,,0.7328485258470038,729.9472507577491,0.7370000000000001,795.0,168,1,0
3113,pi4b-01,2026-07-27 02:38:49.610460+00:00,26.8,72.0,70.6,97.1,True,synth02-rest-1,synth02,sitting,synth-rest,52466.0,348.0,0.786,99.8,,,0.6632866999580681,763.8087602418095,0.7405,751.0,169,1,0
3114,pi4b-01,2026-07-27 02:38:50.610460+00:00,26.1,66.0,72.7,96.1,True,synth02-rest-1,synth02,sitting,synth-rest,54104.0,451.0,0.716,99.9,,,0.8335797722904036,734.0141158193946,0.7469,1638.0,170,1,0
3115,pi4b-01,2026-07-27 02:38:51.610460+00:00,28.6,71.0,71.5,96.3,True,synth02-rest-1,synth02,sitting,synth-rest,53251.0,357.0,0.735,99.5,,,0.6704099453531389,736.7896202067114,0.7394999999999999,853.0,171,1,0
3116,pi4b-01,2026-07-27 02:38:52.610460+00:00,27.8,69.0,69.4,95.6,True,synth02-rest-1,synth02,sitting,synth-rest,52404.0,412.0,0.763,99.7,,,0.786199526753683,808.7874600631877,0.7359,847.0,172,1,0
3117,pi4b-01,2026-07-27 02:38:53.610460+00:00,28.0,66.0,70.6,97.4,True,synth02-rest-1,synth02,sitting,synth-rest,53086.0,489.0,0.742,99.9,,,0.9211468183701917,751.3003542007203,0.736,682.0,173,1,0
3118,pi4b-01,2026-07-27 02:38:54.610460+00:00,26.9,65.0,71.6,97.1,True,synth02-rest-1,synth02,sitting,synth-rest,53253.0,476.0,0.755,99.7,,,0.8938463560738362,746.605064423038,0.7359,167.0,174,1,0
3119,pi4b-01,2026-07-27 02:38:55.610460+00:00,27.8,70.0,71.1,97.9,True,synth02-rest-1,synth02,sitting,synth-rest,52603.0,618.0,0.693,99.7,,,1.1748379369997908,581.8623835008109,0.731,650.0,175,1,0
3120,pi4b-01,2026-07-27 02:38:56.610460+00:00,29.8,73.0,70.4,94.4,True,synth02-rest-1,synth02,sitting,synth-rest,53304.0,532.0,0.754,99.5,,,0.9980489269098005,579.8325428756904,0.7365,701.0,176,1,0
3121,pi4b-01,2026-07-27 02:38:57.610460+00:00,28.0,65.0,74.8,100.0,True,synth02-rest-1,synth02,sitting,synth-rest,53510.0,603.0,0.763,99.5,,,1.1268921696879088,517.1812061549724,0.7463,206.0,177,1,0
3122,pi4b-01,2026-07-27 02:38:58.610460+00:00,29.0,73.0,67.2,96.8,True,synth02-rest-1,synth02,sitting,synth-rest,54022.0,451.0,0.83,99.9,,,0.8348450631224316,591.3263904138814,0.7537,512.0,178,1,0
3123,pi4b-01,2026-07-27 02:38:59.610460+00:00,26.3,73.0,74.2,95.7,True,synth02-rest-1,synth02,sitting,synth-rest,54303.0,426.0,0.825,99.8,,,0.7844870449146456,622.387517726801,0.7575999999999999,281.0,179,1,0
3124,pi4b-01,2026-07-27 02:39:00.610460+00:00,30.1,68.0,68.6,98.9,True,synth02-rest-1,synth02,sitting,synth-rest,54271.0,498.0,0.786,99.9,,,0.9176171435941847,645.6586731564357,0.7646,32.0,180,1,0
3125,pi4b-01,2026-07-27 02:39:01.610460+00:00,27.5,71.0,71.9,97.9,True,synth02-rest-1,synth02,sitting,synth-rest,54954.0,574.0,0.75,99.5,,,1.0445099537795246,806.3763940547833,0.7661,683.0,181,1,0
3126,pi4b-01,2026-07-27 02:39:02.610460+00:00,29.3,63.0,69.9,96.1,True,synth02-rest-1,synth02,sitting,synth-rest,53928.0,567.0,0.597,99.6,,,1.0514018691588785,698.0519242067854,0.7494999999999999,1026.0,182,1,0
3127,pi4b-01,2026-07-27 02:39:03.610460+00:00,28.5,66.0,66.1,100.0,True,synth02-rest-1,synth02,sitting,synth-rest,52317.0,510.0,0.758,99.6,,,0.9748265382189345,809.528978274758,0.7511,1611.0,183,1,0
3128,pi4b-01,2026-07-27 02:39:04.610460+00:00,30.6,72.0,70.9,98.4,True,synth02-rest-1,synth02,sitting,synth-rest,52272.0,422.0,0.755,99.6,,,0.8073155800428528,915.0717276074988,0.7510999999999999,45.0,184,1,0
3129,pi4b-01,2026-07-27 02:39:05.610460+00:00,28.9,66.0,,100.0,True,synth02-rest-1,synth02,sitting,synth-rest,53160.0,653.0,0.794,99.4,,,1.22836719337848,866.8111994866367,0.7612,888.0,185,0,0
3130,pi4b-01,2026-07-27 02:39:06.610460+00:00,27.2,68.0,70.1,97.0,True,synth02-rest-1,synth02,sitting,synth-rest,54347.0,690.0,0.702,99.6,,,1.2696192982133327,889.1513057091871,0.756,1187.0,186,1,0
3131,pi4b-01,2026-07-27 02:39:07.610460+00:00,27.3,65.0,69.2,98.8,True,synth02-rest-1,synth02,sitting,synth-rest,54273.0,679.0,0.811,99.9,,,1.2510824903727453,902.866059956919,0.7607999999999999,74.0,187,1,0
3132,pi4b-01,2026-07-27 02:39:08.610460+00:00,30.5,70.0,68.5,98.5,True,synth02-rest-1,synth02,sitting,synth-rest,53283.0,654.0,0.707,99.9,,,1.2274083666460223,911.4874046791853,0.7485,990.0,188,1,0
3133,pi4b-01,2026-07-27 02:39:09.610460+00:00,29.4,74.0,74.7,100.0,True,synth02-rest-1,synth02,sitting,synth-rest,54585.0,650.0,0.59,99.9,,,1.1908033342493358,935.8808091251778,0.725,1302.0,189,1,0
3134,pi4b-01,2026-07-27 02:39:10.610460+00:00,26.9,66.0,68.9,96.5,True,synth02-rest-1,synth02,sitting,synth-rest,52557.0,518.0,0.786,99.5,,,0.9855965903685522,983.3715472800228,0.725,2028.0,190,1,0
3135,pi4b-01,2026-07-27 02:39:11.610460+00:00,29.1,72.0,70.5,97.3,True,synth02-rest-1,synth02,sitting,synth-rest,54585.0,671.0,0.812,99.5,,,1.2292754419712375,931.1019815250667,0.7312,2028.0,191,1,0
3136,pi4b-01,2026-07-27 02:39:12.610460+00:00,28.3,70.0,71.4,98.3,True,synth02-rest-1,synth02,sitting,synth-rest,55461.0,528.0,0.747,99.7,,,0.9520203386163251,1112.3428727989292,0.7462000000000001,876.0,192,1,0
3137,pi4b-01,2026-07-27 02:39:13.610460+00:00,27.4,71.0,70.2,96.8,True,synth02-rest-1,synth02,sitting,synth-rest,53152.0,516.0,0.681,99.8,,,0.9708007224563516,1026.3404514205467,0.7385,2309.0,193,1,0
3138,pi4b-01,2026-07-27 02:39:14.610460+00:00,27.9,66.0,68.3,97.1,True,synth02-rest-1,synth02,sitting,synth-rest,52863.0,680.0,0.811,99.4,,,1.286343945670885,944.4013035898099,0.7441000000000001,289.0,194,1,0
3139,pi4b-01,2026-07-27 02:39:15.610460+00:00,30.7,74.0,69.2,100.0,True,synth02-rest-1,synth02,sitting,synth-rest,54337.0,759.0,0.804,99.6,,,1.3968382501794356,925.2425567864901,0.7451000000000001,1474.0,195,1,0
3140,pi4b-01,2026-07-27 02:39:16.610460+00:00,26.5,72.0,69.1,99.6,True,synth02-rest-1,synth02,sitting,synth-rest,54096.0,556.0,0.782,99.7,,,1.0278024253179534,916.4672267886559,0.7531000000000001,241.0,196,1,0
3141,pi4b-01,2026-07-27 02:39:17.610460+00:00,30.8,73.0,,96.4,True,synth02-rest-1,synth02,sitting,synth-rest,54119.0,780.0,0.853,99.8,,,1.4412683161181838,911.1399209536738,0.7573000000000001,23.0,197,0,0
3142,pi4b-01,2026-07-27 02:39:18.610460+00:00,30.8,74.0,73.7,99.2,True,synth02-rest-1,synth02,sitting,synth-rest,53448.0,686.0,0.733,99.9,,,1.2834904954348152,900.0754351101917,0.7599,671.0,198,1,0
3143,pi4b-01,2026-07-27 02:39:19.610460+00:00,26.1,70.0,72.4,94.7,True,synth02-rest-1,synth02,sitting,synth-rest,54610.0,535.0,0.686,99.7,,,0.9796740523713605,902.1591138300266,0.7695000000000001,1162.0,199,1,0
3144,pi4b-01,2026-07-27 02:39:20.610460+00:00,26.2,68.0,74.2,97.2,True,synth02-rest-1,synth02,sitting,synth-rest,54651.0,611.0,0.607,99.8,,,1.1180033302226857,785.3804173774142,0.7516,41.0,200,1,0
3145,pi4b-01,2026-07-27 02:39:21.610460+00:00,28.3,67.0,71.1,99.8,True,synth02-rest-1,synth02,sitting,synth-rest,52273.0,536.0,0.654,99.5,,,1.0253859545080635,958.4978989137821,0.7358,2378.0,201,1,0
3146,pi4b-01,2026-07-27 02:39:22.610460+00:00,26.3,72.0,72.7,98.6,True,synth02-rest-1,synth02,sitting,synth-rest,54089.0,577.0,0.634,99.8,,,1.0667603394405516,794.5627448826579,0.7245,1816.0,202,1,0
3147,pi4b-01,2026-07-27 02:39:23.610460+00:00,26.7,69.0,69.1,97.3,True,synth02-rest-1,synth02,sitting,synth-rest,53969.0,652.0,0.766,99.8,,,1.2081009468398525,766.161318957422,0.733,120.0,203,1,0
3148,pi4b-01,2026-07-27 02:39:24.610460+00:00,26.7,69.0,73.7,97.0,True,synth02-rest-1,synth02,sitting,synth-rest,54624.0,635.0,0.73,99.7,,,1.162492677211482,715.9820295695835,0.7249,655.0,204,1,0
3149,pi4b-01,2026-07-27 02:39:25.610460+00:00,28.7,74.0,69.5,96.4,True,synth02-rest-1,synth02,sitting,synth-rest,53661.0,571.0,0.677,99.5,,,1.064087512346024,714.8061120175805,0.7122,963.0,205,1,0
3150,pi4b-01,2026-07-27 02:39:26.610460+00:00,30.9,64.0,74.1,97.9,True,synth02-rest-1,synth02,sitting,synth-rest,53882.0,590.0,0.719,99.5,,,1.0949853383319104,713.2842973799442,0.7059,221.0,206,1,0
3151,pi4b-01,2026-07-27 02:39:27.610460+00:00,27.0,69.0,,97.0,True,synth02-rest-1,synth02,sitting,synth-rest,54275.0,400.0,0.717,99.9,,,0.7369875633348687,719.4928460766429,0.6923,393.0,207,0,0
3152,pi4b-01,2026-07-27 02:39:28.610460+00:00,29.1,64.0,,96.5,True,synth02-rest-1,synth02,sitting,synth-rest,52736.0,535.0,0.757,99.9,,,1.0144872572815533,804.6782655888142,0.6947,1539.0,208,0,0
3153,pi4b-01,2026-07-27 02:39:29.610460+00:00,30.4,64.0,70.4,99.1,True,synth02-rest-1,synth02,sitting,synth-rest,53976.0,555.0,0.813,99.5,,,1.0282347710093376,764.4809713494938,0.7074,1240.0,209,1,0
3154,pi4b-01,2026-07-27 02:39:30.610460+00:00,30.4,64.0,68.0,97.1,True,synth02-rest-1,synth02,sitting,synth-rest,54850.0,537.0,0.711,99.7,,,0.9790337283500455,790.8368633570102,0.7178,874.0,210,1,0
3155,pi4b-01,2026-07-27 02:39:31.610460+00:00,27.0,72.0,67.7,99.3,True,synth02-rest-1,synth02,sitting,synth-rest,54778.0,528.0,0.608,99.7,,,0.9638906130198254,619.8766902465559,0.7132,72.0,211,1,0
3156,pi4b-01,2026-07-27 02:39:32.610460+00:00,29.2,66.0,70.5,98.4,True,synth02-rest-1,synth02,sitting,synth-rest,54120.0,398.0,0.778,99.7,,,0.7354028085735402,619.9819800247981,0.7276,658.0,212,1,0
3157,pi4b-01,2026-07-27 02:39:33.610460+00:00,26.1,70.0,67.9,97.4,True,synth02-rest-1,synth02,sitting,synth-rest,54752.0,396.0,0.762,99.5,,,0.7232612507305669,652.025425543721,0.7272,632.0,213,1,0
3158,pi4b-01,2026-07-27 02:39:34.610460+00:00,27.1,73.0,69.2,96.3,True,synth02-rest-1,synth02,sitting,synth-rest,53930.0,516.0,0.733,99.6,,,0.9567958464676433,634.4875447511625,0.7275,822.0,214,1,0
3159,pi4b-01,2026-07-27 02:39:35.610460+00:00,26.2,65.0,74.2,99.4,True,synth02-rest-1,synth02,sitting,synth-rest,54329.0,500.0,0.658,99.7,,,0.9203187984317768,618.5656885982489,0.7255999999999999,399.0,215,1,0
3160,pi4b-01,2026-07-27 02:39:36.610460+00:00,30.4,70.0,,98.7,True,synth02-rest-1,synth02,sitting,synth-rest,54108.0,324.0,0.485,99.8,,,0.5988023952095809,611.2517575525048,0.7022,221.0,216,0,0
3161,pi4b-01,2026-07-27 02:39:37.610460+00:00,30.0,74.0,,99.0,True,synth02-rest-1,synth02,sitting,synth-rest,55323.0,253.0,0.67,99.7,,,0.45731431773403464,710.1591058033908,0.6975,1215.0,217,0,0
3162,pi4b-01,2026-07-27 02:39:38.610460+00:00,28.3,68.0,75.6,93.8,True,synth02-rest-1,synth02,sitting,synth-rest,54061.0,262.0,0.649,99.8,,,0.4846377240524592,471.4476641154532,0.6867,1262.0,218,1,0
3163,pi4b-01,2026-07-27 02:39:39.610460+00:00,28.2,65.0,68.8,96.0,True,synth02-rest-1,synth02,sitting,synth-rest,55423.0,382.0,0.68,99.8,,,0.6892445374663948,536.6609109421441,0.6734,1362.0,219,1,0
3164,pi4b-01,2026-07-27 02:39:40.610460+00:00,30.4,65.0,69.4,97.5,True,synth02-rest-1,synth02,sitting,synth-rest,54021.0,323.0,0.634,99.4,,,0.5979156254049351,551.9672393659345,0.6657,1402.0,220,1,0
3165,pi4b-01,2026-07-27 02:39:41.610460+00:00,28.1,63.0,67.3,96.4,True,synth02-rest-1,synth02,sitting,synth-rest,55470.0,337.0,0.626,99.4,,,0.6075356048314404,630.6250955290544,0.6675000000000001,1449.0,221,1,0
3166,pi4b-01,2026-07-27 02:39:42.610460+00:00,28.6,73.0,65.1,97.5,True,synth02-rest-1,synth02,sitting,synth-rest,54574.0,322.0,0.794,99.5,,,0.5900245538168359,612.0000816992742,0.6691,896.0,222,1,0
3167,pi4b-01,2026-07-27 02:39:43.610460+00:00,30.6,70.0,66.8,97.6,True,synth02-rest-1,synth02,sitting,synth-rest,55481.0,480.0,0.803,99.6,,,0.8651610461238983,672.6499832750459,0.6732,907.0,223,1,0
3168,pi4b-01,2026-07-27 02:39:44.610460+00:00,28.1,67.0,67.5,94.9,True,synth02-rest-1,synth02,sitting,synth-rest,53321.0,485.0,0.639,99.6,,,0.9095853416102473,768.0907715454285,0.6638,2160.0,224,1,0
3169,pi4b-01,2026-07-27 02:39:45.610460+00:00,28.1,72.0,,98.7,True,synth02-rest-1,synth02,sitting,synth-rest,52812.0,488.0,0.692,99.8,,,0.9240324168749526,956.6563530221781,0.6672,509.0,225,0,0
3170,pi4b-01,2026-07-27 02:39:46.610460+00:00,28.5,64.0,71.4,97.6,True,synth02-rest-1,synth02,sitting,synth-rest,55094.0,509.0,0.729,99.4,,,0.9238755581370023,967.1687201999719,0.6916,2282.0,226,1,0
3171,pi4b-01,2026-07-27 02:39:47.610460+00:00,29.4,71.0,74.0,98.3,True,synth02-rest-1,synth02,sitting,synth-rest,54948.0,521.0,0.796,99.9,,,0.948169178132052,941.1311456610342,0.7041999999999999,146.0,227,1,0
3172,pi4b-01,2026-07-27 02:39:48.610460+00:00,27.3,65.0,71.7,95.5,True,synth02-rest-1,synth02,sitting,synth-rest,53360.0,441.0,0.737,99.6,,,0.8264617691154422,1003.2187309964555,0.713,1588.0,228,1,0
3173,pi4b-01,2026-07-27 02:39:49.610460+00:00,28.4,73.0,,95.6,True,synth02-rest-1,synth02,sitting,synth-rest,51837.0,449.0,0.635,99.5,,,0.8661766691745278,1231.8008316642758,0.7085,1523.0,229,0,0
3174,pi4b-01,2026-07-27 02:39:50.610460+00:00,30.4,71.0,69.9,100.0,True,synth02-rest-1,synth02,sitting,synth-rest,53000.0,540.0,0.781,99.8,,,1.0188679245283019,1279.7035290340236,0.7232000000000001,1163.0,230,1,0
3175,pi4b-01,2026-07-27 02:39:51.610460+00:00,28.4,65.0,72.2,96.6,True,synth02-rest-1,synth02,sitting,synth-rest,53606.0,441.0,0.737,99.6,,,0.8226691042047531,1171.2888485196884,0.7343,606.0,231,1,0
3176,pi4b-01,2026-07-27 02:39:52.610460+00:00,30.4,64.0,75.7,94.4,True,synth02-rest-1,synth02,sitting,synth-rest,54758.0,447.0,0.804,99.6,,,0.8163190766645969,1186.0928434710515,0.7353000000000001,1152.0,232,1,0
3177,pi4b-01,2026-07-27 02:39:53.610460+00:00,30.0,64.0,75.4,96.4,True,synth02-rest-1,synth02,sitting,synth-rest,53506.0,515.0,0.645,99.5,,,0.9625088775090644,1033.74581014866,0.7195,1252.0,233,1,0
3178,pi4b-01,2026-07-27 02:39:54.610460+00:00,28.4,70.0,74.5,94.9,True,synth02-rest-1,synth02,sitting,synth-rest,55151.0,440.0,0.702,99.8,,,0.797809649870356,1131.4676604598903,0.7258,1645.0,234,1,0
3179,pi4b-01,2026-07-27 02:39:55.610460+00:00,29.9,70.0,70.4,99.5,True,synth02-rest-1,synth02,sitting,synth-rest,52311.0,336.0,0.793,99.7,,,0.6423123243677238,1190.0076050176785,0.7359,2840.0,235,1,0
3180,pi4b-01,2026-07-27 02:39:56.610460+00:00,28.6,70.0,73.4,96.2,True,synth02-rest-1,synth02,sitting,synth-rest,52860.0,431.0,0.745,99.8,,,0.8153613318199017,1118.7033218070521,0.7375,549.0,236,1,0
3181,pi4b-01,2026-07-27 02:39:57.610460+00:00,30.9,65.0,71.9,97.1,True,synth02-rest-1,synth02,sitting,synth-rest,52961.0,409.0,0.748,99.6,,,0.7722663846981741,1010.8521157913802,0.7327000000000001,101.0,237,1,0
3182,pi4b-01,2026-07-27 02:39:58.610460+00:00,27.3,72.0,75.8,99.2,True,synth02-rest-1,synth02,sitting,synth-rest,54649.0,499.0,0.764,99.6,,,0.9130999652326668,1093.2223978271861,0.7354,1688.0,238,1,0
3183,pi4b-01,2026-07-27 02:39:59.610460+00:00,29.8,66.0,74.2,98.1,True,synth02-rest-1,synth02,sitting,synth-rest,54395.0,521.0,0.799,99.4,,,0.9578086221160033,961.5972880808058,0.7518,254.0,239,1,0
3184,pi4b-01,2026-07-27 02:40:00.610460+00:00,27.0,67.0,74.4,96.5,True,synth02-rest-1,synth02,sitting,synth-rest,54191.0,466.0,0.84,99.4,,,0.8599213891605617,935.9683992765797,0.7577,204.0,240,1,0
3185,pi4b-01,2026-07-27 02:40:01.610460+00:00,28.9,66.0,74.8,96.6,True,synth02-rest-1,synth02,sitting,synth-rest,54603.0,432.0,0.772,99.6,,,0.791165320586781,961.1761602906261,0.7612,412.0,241,1,0
3186,pi4b-01,2026-07-27 02:40:02.610460+00:00,27.0,68.0,77.6,95.2,True,synth02-rest-1,synth02,sitting,synth-rest,54594.0,320.0,0.744,99.6,,,0.5861449976187859,946.9334659250401,0.7552,9.0,242,1,0
3187,pi4b-01,2026-07-27 02:40:03.610460+00:00,30.4,69.0,78.9,95.8,True,synth02-rest-1,synth02,sitting,synth-rest,53252.0,292.0,0.825,99.5,,,0.5483362127244047,962.6116154618859,0.7732,1342.0,243,1,0
3188,pi4b-01,2026-07-27 02:40:04.610460+00:00,29.8,65.0,80.5,97.0,True,synth02-rest-1,synth02,sitting,synth-rest,54616.0,360.0,0.755,99.7,,,0.6591475025633514,897.8425746693053,0.7785,1364.0,244,1,0
3189,pi4b-01,2026-07-27 02:40:05.610460+00:00,29.5,65.0,79.7,95.8,True,synth02-rest-1,synth02,sitting,synth-rest,53895.0,276.0,0.695,99.6,,,0.512106874478152,719.508505084416,0.7687,721.0,245,1,0
3190,pi4b-01,2026-07-27 02:40:06.610460+00:00,30.6,65.0,76.9,97.9,True,synth02-rest-1,synth02,sitting,synth-rest,53803.0,354.0,0.769,99.5,,,0.6579558760663904,606.1260319987837,0.7711,92.0,246,1,0
3191,pi4b-01,2026-07-27 02:40:07.610460+00:00,26.8,64.0,75.9,99.5,True,synth02-rest-1,synth02,sitting,synth-rest,52065.0,326.0,0.702,99.6,,,0.6261404014213003,820.7567036988426,0.7665,1738.0,247,1,0
3192,pi4b-01,2026-07-27 02:40:08.610460+00:00,26.7,62.0,77.1,95.7,True,synth02-rest-1,synth02,sitting,synth-rest,53581.0,292.0,0.677,99.8,,,0.5449692988186111,796.9754283120999,0.7578,1516.0,248,1,0
3193,pi4b-01,2026-07-27 02:40:09.610460+00:00,27.4,62.0,75.8,99.3,True,synth02-rest-1,synth02,sitting,synth-rest,55372.0,343.0,0.825,99.6,,,0.6194466517373401,915.5333357605342,0.7604,1791.0,249,1,0
3194,pi4b-01,2026-07-27 02:40:10.610460+00:00,30.8,62.0,74.8,96.1,True,synth02-rest-1,synth02,sitting,synth-rest,54177.0,416.0,0.679,99.5,,,0.7678535171751851,915.2147046215318,0.7443,1195.0,250,1,0
3195,pi4b-01,2026-07-27 02:40:11.610460+00:00,27.0,68.0,74.0,96.2,True,synth02-rest-1,synth02,sitting,synth-rest,54153.0,462.0,0.693,99.6,,,0.8531383302864107,892.8314261692839,0.7363999999999999,24.0,251,1,0
3196,pi4b-01,2026-07-27 02:40:12.610460+00:00,27.7,73.0,70.5,94.7,True,synth02-rest-1,synth02,sitting,synth-rest,53352.0,380.0,0.746,99.7,,,0.7122507122507122,879.7051526252852,0.7365999999999999,801.0,252,1,0
3197,pi4b-01,2026-07-27 02:40:13.610460+00:00,30.1,66.0,76.0,97.6,True,synth02-rest-1,synth02,sitting,synth-rest,53821.0,431.0,0.706,99.4,,,0.8008026606714852,856.5058539074316,0.7247,469.0,253,1,0
3198,pi4b-01,2026-07-27 02:40:14.610460+00:00,26.4,67.0,73.7,94.5,True,synth02-rest-1,synth02,sitting,synth-rest,53946.0,463.0,0.612,99.8,,,0.858265673080488,818.1877331435539,0.7104,125.0,254,1,0
3199,pi4b-01,2026-07-27 02:40:15.610460+00:00,26.3,66.0,76.1,96.7,True,synth02-rest-1,synth02,sitting,synth-rest,53831.0,306.0,0.751,99.9,,,0.5684456911445078,817.7556616876112,0.716,115.0,255,1,0
3200,pi4b-01,2026-07-27 02:40:16.610460+00:00,30.2,72.0,76.4,98.2,True,synth02-rest-1,synth02,sitting,synth-rest,54565.0,428.0,0.686,99.5,,,0.7843855951617338,851.8136272421772,0.7077,734.0,256,1,0
3201,pi4b-01,2026-07-27 02:40:17.610460+00:00,30.6,69.0,,97.2,True,synth02-rest-1,synth02,sitting,synth-rest,54409.0,258.0,0.773,99.8,,,0.47418625595030234,571.2487393615289,0.7148000000000001,156.0,257,0,0
3202,pi4b-01,2026-07-27 02:40:18.610460+00:00,28.3,68.0,68.9,99.4,True,synth02-rest-1,synth02,sitting,synth-rest,54934.0,349.0,0.744,99.5,,,0.6353078239341755,589.1657001405737,0.7215,525.0,258,1,0
3203,pi4b-01,2026-07-27 02:40:19.610460+00:00,27.0,73.0,69.0,98.0,True,synth02-rest-1,synth02,sitting,synth-rest,53151.0,285.0,0.772,99.6,,,0.5362081616526501,538.1378282764921,0.7162,1783.0,259,1,0
3204,pi4b-01,2026-07-27 02:40:20.610460+00:00,26.3,69.0,71.0,96.0,True,synth02-rest-1,synth02,sitting,synth-rest,54933.0,271.0,0.75,99.5,,,0.4933282362150256,608.9225913218667,0.7233,1782.0,260,1,0
3205,pi4b-01,2026-07-27 02:40:21.610460+00:00,30.5,68.0,64.8,98.1,True,synth02-rest-1,synth02,sitting,synth-rest,54555.0,285.0,0.753,99.8,,,0.5224085784987627,625.1664756064063,0.7293000000000001,378.0,261,1,0
3206,pi4b-01,2026-07-27 02:40:22.610460+00:00,27.1,71.0,73.3,97.9,True,synth02-rest-1,synth02,sitting,synth-rest,52882.0,265.0,0.742,99.7,,,0.5011156915396543,704.4419461924956,0.7289000000000001,1673.0,262,1,0
3207,pi4b-01,2026-07-27 02:40:23.610460+00:00,27.5,68.0,75.9,96.4,True,synth02-rest-1,synth02,sitting,synth-rest,55573.0,311.0,0.851,99.6,,,0.5596242779767153,832.7746727389484,0.7434000000000001,2691.0,263,1,0
3208,pi4b-01,2026-07-27 02:40:24.610460+00:00,28.9,73.0,75.4,99.1,True,synth02-rest-1,synth02,sitting,synth-rest,53052.0,351.0,0.857,99.6,,,0.6616150192264194,916.1739584937643,0.7679,2521.0,264,1,0
3209,pi4b-01,2026-07-27 02:40:25.610460+00:00,30.7,69.0,,97.5,True,synth02-rest-1,synth02,sitting,synth-rest,54495.0,296.0,0.806,99.7,,,0.5431690980823929,911.4346993125833,0.7734,1443.0,265,0,0
3210,pi4b-01,2026-07-27 02:40:26.610460+00:00,29.2,63.0,77.6,95.7,True,synth02-rest-1,synth02,sitting,synth-rest,54372.0,270.0,0.792,99.5,,,0.49657912160670936,906.166798479494,0.784,123.0,266,1,0
3211,pi4b-01,2026-07-27 02:40:27.610460+00:00,28.7,72.0,74.9,95.4,True,synth02-rest-1,synth02,sitting,synth-rest,52971.0,304.0,0.723,99.7,,,0.5738989258273395,986.1600951839665,0.779,1401.0,267,1,0
3212,pi4b-01,2026-07-27 02:40:28.610460+00:00,30.5,62.0,81.7,98.4,True,synth02-rest-1,synth02,sitting,synth-rest,54227.0,305.0,0.666,99.7,,,0.562450439817803,943.4922657634645,0.7712,1256.0,268,1,0
3213,pi4b-01,2026-07-27 02:40:29.610460+00:00,26.7,69.0,77.2,99.3,True,synth02-rest-1,synth02,sitting,synth-rest,54934.0,212.0,0.606,99.6,,,0.38591764663050204,929.1574678168989,0.7546,707.0,269,1,0
3214,pi4b-01,2026-07-27 02:40:30.610460+00:00,28.7,73.0,74.9,95.1,True,synth02-rest-1,synth02,sitting,synth-rest,53645.0,262.0,0.673,99.7,,,0.48839593624755334,905.12727159096,0.7469,1289.0,270,1,0
3215,pi4b-01,2026-07-27 02:40:31.610460+00:00,29.1,71.0,73.3,96.5,True,synth02-rest-1,synth02,sitting,synth-rest,56368.0,207.0,0.563,99.6,,,0.3672296338347999,1158.9269414227385,0.7279,2723.0,271,1,0
3216,pi4b-01,2026-07-27 02:40:32.610460+00:00,29.4,65.0,73.7,98.6,True,synth02-rest-1,synth02,sitting,synth-rest,56037.0,219.0,0.618,99.7,,,0.39081321269875263,1173.9088739950541,0.7154999999999999,331.0,272,1,0
3217,pi4b-01,2026-07-27 02:40:33.610460+00:00,28.3,68.0,70.2,96.7,True,synth02-rest-1,synth02,sitting,synth-rest,54561.0,288.0,0.69,99.6,,,0.5278495628745807,1119.9679360489185,0.6994,1476.0,273,1,0
3218,pi4b-01,2026-07-27 02:40:34.610460+00:00,31.0,67.0,77.3,98.7,True,synth02-rest-1,synth02,sitting,synth-rest,54758.0,297.0,0.65,99.7,,,0.5423865006026517,1004.6058154541664,0.6787000000000001,197.0,274,1,0
3219,pi4b-01,2026-07-27 02:40:35.610460+00:00,29.0,64.0,77.0,99.5,True,synth02-rest-1,synth02,sitting,synth-rest,53768.0,266.0,0.644,99.9,,,0.4947180479095373,1041.6306073758171,0.6625,990.0,275,1,0
3220,pi4b-01,2026-07-27 02:40:36.610460+00:00,30.4,62.0,83.6,95.7,True,synth02-rest-1,synth02,sitting,synth-rest,53329.0,306.0,0.417,99.8,,,0.5737966209754543,1112.790965695369,0.625,439.0,276,1,0
3221,pi4b-01,2026-07-27 02:40:37.610460+00:00,29.3,66.0,,97.8,True,synth02-rest-1,synth02,sitting,synth-rest,53591.0,242.0,0.523,99.6,,,0.4515683603590155,1035.19088953568,0.605,262.0,277,0,0
3222,pi4b-01,2026-07-27 02:40:38.610460+00:00,26.5,73.0,80.6,95.1,True,synth02-rest-1,synth02,sitting,synth-rest,54439.0,286.0,0.517,99.8,,,0.5253586583148111,1030.6435961194907,0.5901000000000001,848.0,278,1,0
3223,pi4b-01,2026-07-27 02:40:39.610460+00:00,29.0,69.0,74.8,96.9,True,synth02-rest-1,synth02,sitting,synth-rest,55338.0,351.0,0.613,99.6,,,0.6342838555784452,1055.296609173565,0.5908,899.0,279,1,0
3224,pi4b-01,2026-07-27 02:40:40.610460+00:00,30.5,68.0,66.8,98.4,True,synth02-rest-1,synth02,sitting,synth-rest,56102.0,282.0,0.54,99.8,,,0.5026558767958361,1097.710997181502,0.5774999999999999,764.0,280,1,0
3225,pi4b-01,2026-07-27 02:40:41.610460+00:00,27.0,72.0,68.3,96.3,True,synth02-rest-1,synth02,sitting,synth-rest,53815.0,394.0,0.603,99.9,,,0.7321378797732975,991.806970466812,0.5814999999999999,2287.0,281,1,0
3226,pi4b-01,2026-07-27 02:40:42.610460+00:00,29.2,69.0,69.9,96.1,True,synth02-rest-1,synth02,sitting,synth-rest,53349.0,441.0,0.704,99.6,,,0.8266321767980654,912.2485041551104,0.5901,466.0,282,1,0
3227,pi4b-01,2026-07-27 02:40:43.610460+00:00,26.9,64.0,64.7,97.5,True,synth02-rest-1,synth02,sitting,synth-rest,54328.0,364.0,0.734,99.8,,,0.6700044176115446,907.9488544087307,0.5945,979.0,283,1,0
3228,pi4b-01,2026-07-27 02:40:44.610460+00:00,26.4,67.0,74.3,94.4,True,synth02-rest-1,synth02,sitting,synth-rest,56087.0,409.0,0.675,99.7,,,0.7292242409114411,1068.4860733246778,0.597,1759.0,284,1,0
3229,pi4b-01,2026-07-27 02:40:45.610460+00:00,28.0,72.0,77.5,96.8,True,synth02-rest-1,synth02,sitting,synth-rest,54924.0,341.0,0.609,99.5,,,0.6208579127521666,1053.1817190462575,0.5935,1163.0,285,1,0
3230,pi4b-01,2026-07-27 02:40:46.610460+00:00,29.0,68.0,77.9,95.7,True,synth02-rest-1,synth02,sitting,synth-rest,54407.0,347.0,0.512,99.6,,,0.6377855790615178,968.3212276924916,0.603,517.0,286,1,0
3231,pi4b-01,2026-07-27 02:40:47.610460+00:00,29.4,66.0,73.7,96.5,True,synth02-rest-1,synth02,sitting,synth-rest,55107.0,274.0,0.523,99.8,,,0.49721450995336347,902.6344405866765,0.603,700.0,287,1,0
3232,pi4b-01,2026-07-27 02:40:48.610460+00:00,28.0,73.0,73.8,96.0,True,synth02-rest-1,synth02,sitting,synth-rest,55349.0,290.0,0.572,99.6,,,0.5239480388082892,909.2083491819182,0.6085,242.0,288,1,0
3233,pi4b-01,2026-07-27 02:40:49.610460+00:00,31.0,62.0,75.0,95.9,True,synth02-rest-1,synth02,sitting,synth-rest,55722.0,369.0,0.806,99.7,,,0.6622160008614192,938.315985629987,0.6278,373.0,289,1,0
3234,pi4b-01,2026-07-27 02:40:50.610460+00:00,28.0,63.0,72.3,94.2,True,synth02-rest-1,synth02,sitting,synth-rest,54531.0,288.0,0.685,99.5,,,0.5281399570886285,845.1287147200326,0.6423,1191.0,290,1,0
3235,pi4b-01,2026-07-27 02:40:51.610460+00:00,26.3,71.0,77.0,95.7,True,synth02-rest-1,synth02,sitting,synth-rest,57305.0,393.0,0.643,99.7,,,0.6858040310618619,1094.4765821564072,0.6463,2774.0,291,1,0
3236,pi4b-01,2026-07-27 02:40:52.610460+00:00,29.8,65.0,73.2,95.9,True,synth02-rest-1,synth02,sitting,synth-rest,56830.0,167.0,0.55,99.7,,,0.29385887735351046,1023.077492448851,0.6309,475.0,292,1,0
3237,pi4b-01,2026-07-27 02:40:53.610460+00:00,27.3,64.0,75.6,97.6,True,synth02-rest-1,synth02,sitting,synth-rest,55611.0,172.0,0.547,99.5,,,0.3092913272553991,942.7808806338604,0.6122,1219.0,293,1,0
3238,pi4b-01,2026-07-27 02:40:54.610460+00:00,27.9,71.0,78.5,93.2,True,synth02-rest-1,synth02,sitting,synth-rest,54715.0,184.0,0.436,99.8,,,0.33628803801516954,961.6242567193199,0.5883,896.0,294,1,0
3239,pi4b-01,2026-07-27 02:40:55.610460+00:00,26.4,65.0,,96.3,True,synth02-rest-1,synth02,sitting,synth-rest,55622.0,194.0,0.318,99.8,,,0.34878285570457734,944.3715664691663,0.5592,907.0,295,0,0
3240,pi4b-01,2026-07-27 02:40:56.610460+00:00,26.5,69.0,74.2,93.9,True,synth02-rest-1,synth02,sitting,synth-rest,57552.0,198.0,0.506,99.8,,,0.34403669724770647,1050.3079125242166,0.5586,1930.0,296,1,0
3241,pi4b-01,2026-07-27 02:40:57.610460+00:00,27.5,64.0,78.5,92.2,True,synth02-rest-1,synth02,sitting,synth-rest,55440.0,172.0,0.655,99.8,,,0.31024531024531027,1029.761142746694,0.5718,2112.0,297,1,0
3242,pi4b-01,2026-07-27 02:40:58.610460+00:00,26.2,70.0,70.3,94.0,True,synth02-rest-1,synth02,sitting,synth-rest,56295.0,204.0,0.694,99.4,,,0.3623767652544631,1020.2241638210241,0.584,855.0,298,1,0
3243,pi4b-01,2026-07-27 02:40:59.610460+00:00,28.5,65.0,75.2,95.5,True,synth02-rest-1,synth02,sitting,synth-rest,55975.0,193.0,0.683,99.7,,,0.34479678427869587,1016.7340086985913,0.5717,320.0,299,1,0
3244,pi4b-01,2026-07-27 02:41:00.610460+00:00,27.1,71.0,71.6,95.5,True,synth02-rest-1,synth02,sitting,synth-rest,56563.0,256.0,0.535,99.6,,,0.45259268426356447,888.208659168598,0.5567,588.0,300,1,0
3245,pi4b-01,2026-07-27 02:41:01.610460+00:00,26.2,71.0,,95.6,True,synth02-rest-1,synth02,sitting,synth-rest,56126.0,187.0,0.553,99.8,,,0.3331789188611339,797.4950295908329,0.5477000000000001,437.0,301,0,0
3246,pi4b-01,2026-07-27 02:41:02.610460+00:00,26.4,74.0,68.1,95.9,True,synth02-rest-1,synth02,sitting,synth-rest,55842.0,235.0,0.557,99.5,,,0.42083019949142225,753.2510943310853,0.5484,284.0,302,1,0
3247,pi4b-01,2026-07-27 02:41:03.610460+00:00,29.5,66.0,75.1,97.3,True,synth02-rest-1,synth02,sitting,synth-rest,54943.0,254.0,0.571,99.9,,,0.46229728991864294,816.0329582123248,0.5508,899.0,303,1,0
3248,pi4b-01,2026-07-27 02:41:04.610460+00:00,26.7,72.0,66.4,98.7,True,synth02-rest-1,synth02,sitting,synth-rest,54631.0,268.0,0.701,99.7,,,0.4905639655140854,829.9829248577496,0.5772999999999999,312.0,304,1,0
3249,pi4b-01,2026-07-27 02:41:05.610460+00:00,28.8,66.0,68.8,94.5,True,synth02-rest-1,synth02,sitting,synth-rest,55257.0,326.0,0.637,99.6,,,0.5899705014749262,851.2660114336134,0.6092000000000001,626.0,305,1,0
3250,pi4b-01,2026-07-27 02:41:06.610460+00:00,26.3,71.0,71.8,98.6,True,synth02-rest-1,synth02,sitting,synth-rest,54050.0,325.0,0.666,99.6,,,0.6012950971322849,797.6026301081507,0.6252000000000001,1207.0,306,1,0
3251,pi4b-01,2026-07-27 02:41:07.610460+00:00,30.2,63.0,66.6,97.5,True,synth02-rest-1,synth02,sitting,synth-rest,54715.0,281.0,0.667,99.8,,,0.5135703189253404,836.8779348134736,0.6264000000000001,665.0,307,1,0
3252,pi4b-01,2026-07-27 08:36:01.028609+00:00,26.3,67.0,,,True,synth02-rest-2,synth02,sitting,synth-rest,49953.0,560.0,0.452,99.6,,,1.1210537905631293,0.0,0.452,0.0,0,0,0
3253,pi4b-01,2026-07-27 08:36:02.028609+00:00,26.4,71.0,,,True,synth02-rest-2,synth02,sitting,synth-rest,52140.0,692.0,0.514,99.5,,,1.3271960107403145,1546.4425304549795,0.483,2187.0,1,0,0
3254,pi4b-01,2026-07-27 08:36:03.028609+00:00,28.7,72.0,91.4,94.1,True,synth02-rest-2,synth02,sitting,synth-rest,54161.0,340.0,0.57,99.4,,,0.6277579808349181,2104.5456358400347,0.512,2021.0,2,1,0
3255,pi4b-01,2026-07-27 08:36:04.028609+00:00,27.3,71.0,95.3,94.2,True,synth02-rest-2,synth02,sitting,synth-rest,54329.0,740.0,0.518,99.6,,,1.3620718216790295,2052.315663667102,0.5135,168.0,3,1,0
3256,pi4b-01,2026-07-27 08:36:05.028609+00:00,29.6,68.0,97.2,91.5,True,synth02-rest-2,synth02,sitting,synth-rest,51513.0,1482.0,0.389,99.6,,,2.8769436841185723,1848.140741393902,0.48860000000000003,2816.0,4,1,0
3257,pi4b-01,2026-07-27 08:36:06.028609+00:00,28.6,71.0,90.7,93.3,True,synth02-rest-2,synth02,sitting,synth-rest,52531.0,1668.0,0.488,99.5,,,3.17526793702766,1653.6573304849674,0.4885,1018.0,5,1,0
3258,pi4b-01,2026-07-27 08:36:07.028609+00:00,28.9,66.0,92.9,93.3,True,synth02-rest-2,synth02,sitting,synth-rest,51907.0,1553.0,0.516,99.7,,,2.9918893405513707,1522.8505069988541,0.49242857142857144,624.0,6,1,0
3259,pi4b-01,2026-07-27 08:36:08.028609+00:00,30.4,64.0,92.4,91.2,True,synth02-rest-2,synth02,sitting,synth-rest,52142.0,1571.0,0.385,99.4,,,3.012926239883395,1412.0295423862167,0.479,235.0,7,1,0
3260,pi4b-01,2026-07-27 08:36:09.028609+00:00,29.6,70.0,88.7,96.2,True,synth02-rest-2,synth02,sitting,synth-rest,53318.0,547.0,0.521,99.8,,,1.0259199519861961,1360.9091426118225,0.48366666666666663,1176.0,8,1,0
3261,pi4b-01,2026-07-27 08:36:10.028609+00:00,28.1,64.0,89.3,96.8,True,synth02-rest-2,synth02,sitting,synth-rest,53008.0,354.0,0.739,99.7,,,0.6678237247207969,1295.4236372708356,0.5092,310.0,9,1,0
3262,pi4b-01,2026-07-27 08:36:11.028609+00:00,26.4,71.0,,99.0,True,synth02-rest-2,synth02,sitting,synth-rest,54155.0,414.0,0.753,99.8,,,0.7644723478903148,1032.1259828356465,0.5393,1147.0,10,0,0
3263,pi4b-01,2026-07-27 08:36:12.028609+00:00,27.9,74.0,84.3,97.0,True,synth02-rest-2,synth02,sitting,synth-rest,51610.0,379.0,0.814,99.4,,,0.7343538074016663,1088.709245952392,0.5692999999999999,2545.0,11,1,0
3264,pi4b-01,2026-07-27 08:36:13.028609+00:00,27.1,68.0,90.3,96.6,True,synth02-rest-2,synth02,sitting,synth-rest,52745.0,331.0,0.842,99.4,,,0.6275476348469049,989.3132073424592,0.5965,1135.0,12,1,0
3265,pi4b-01,2026-07-27 08:36:14.028609+00:00,26.8,69.0,83.8,100.0,True,synth02-rest-2,synth02,sitting,synth-rest,51648.0,354.0,0.765,99.9,,,0.6854089219330856,861.6065162757791,0.6212,1097.0,13,1,0
3266,pi4b-01,2026-07-27 08:36:15.028609+00:00,27.7,69.0,87.5,97.5,True,synth02-rest-2,synth02,sitting,synth-rest,51311.0,451.0,0.664,99.6,,,0.8789538305626473,888.1738130693889,0.6487,337.0,14,1,0
3267,pi4b-01,2026-07-27 08:36:16.028609+00:00,29.2,68.0,85.1,96.7,True,synth02-rest-2,synth02,sitting,synth-rest,51761.0,386.0,0.666,99.5,,,0.7457352060431599,912.2191805335642,0.6665,450.0,15,1,0
3268,pi4b-01,2026-07-27 08:36:17.028609+00:00,29.8,72.0,86.0,98.7,True,synth02-rest-2,synth02,sitting,synth-rest,52190.0,396.0,0.811,99.7,,,0.7587660471354666,900.9065557660333,0.696,429.0,16,1,0
3269,pi4b-01,2026-07-27 08:36:18.028609+00:00,26.7,73.0,,97.6,True,synth02-rest-2,synth02,sitting,synth-rest,51980.0,436.0,0.73,99.7,,,0.8387841477491343,907.2716364034626,0.7304999999999999,210.0,17,0,0
3270,pi4b-01,2026-07-27 08:36:19.028609+00:00,29.4,63.0,81.1,97.2,True,synth02-rest-2,synth02,sitting,synth-rest,53900.0,353.0,0.728,99.8,,,0.6549165120593692,989.5887810376336,0.7512000000000001,1920.0,18,1,0
3271,pi4b-01,2026-07-27 08:36:20.028609+00:00,28.0,66.0,84.0,99.8,True,synth02-rest-2,synth02,sitting,synth-rest,51334.0,384.0,0.72,99.6,,,0.7480422332177504,1022.1522174096922,0.7493000000000001,2566.0,19,1,0
3272,pi4b-01,2026-07-27 08:36:21.028609+00:00,28.1,64.0,83.9,99.4,True,synth02-rest-2,synth02,sitting,synth-rest,52948.0,355.0,0.765,99.6,,,0.6704691395331268,826.5052328932923,0.7505,1614.0,20,1,0
3273,pi4b-01,2026-07-27 08:36:22.028609+00:00,29.3,65.0,82.9,98.2,True,synth02-rest-2,synth02,sitting,synth-rest,51054.0,298.0,0.75,99.8,,,0.5836956947545736,883.0869404789313,0.7441,1894.0,21,1,0
3274,pi4b-01,2026-07-27 08:36:23.028609+00:00,27.0,71.0,79.7,100.0,True,synth02-rest-2,synth02,sitting,synth-rest,53225.0,313.0,0.735,99.6,,,0.588069516204791,934.3760187656999,0.7334,2171.0,22,1,0
3275,pi4b-01,2026-07-27 08:36:24.028609+00:00,27.3,63.0,79.2,98.9,True,synth02-rest-2,synth02,sitting,synth-rest,53867.0,360.0,0.691,99.6,,,0.6683126960848014,1060.7828346189517,0.726,642.0,23,1,0
3276,pi4b-01,2026-07-27 08:36:25.028609+00:00,30.3,62.0,83.7,97.3,True,synth02-rest-2,synth02,sitting,synth-rest,51340.0,522.0,0.782,99.9,,,1.016751071289443,1057.6405028805057,0.7378,2527.0,24,1,0
3277,pi4b-01,2026-07-27 08:36:26.028609+00:00,27.2,66.0,78.4,99.3,True,synth02-rest-2,synth02,sitting,synth-rest,54006.0,619.0,0.697,99.5,,,1.1461689441913863,1150.5743686427993,0.7409,2666.0,25,1,0
3278,pi4b-01,2026-07-27 08:36:27.028609+00:00,27.7,70.0,,98.5,True,synth02-rest-2,synth02,sitting,synth-rest,53027.0,521.0,0.813,99.7,,,0.9825183397137307,1149.1387547975992,0.7411,979.0,26,0,0
3279,pi4b-01,2026-07-27 08:36:28.028609+00:00,29.1,64.0,79.3,98.2,True,synth02-rest-2,synth02,sitting,synth-rest,51734.0,565.0,0.763,99.9,,,1.092125101480651,1167.9844224608091,0.7444,1293.0,27,1,0
3280,pi4b-01,2026-07-27 08:36:29.028609+00:00,28.4,63.0,,99.0,True,synth02-rest-2,synth02,sitting,synth-rest,54058.0,616.0,0.782,99.8,,,1.139516815272485,1187.7714941108077,0.7497999999999999,2324.0,28,0,0
3281,pi4b-01,2026-07-27 08:36:30.028609+00:00,27.1,70.0,,96.2,True,synth02-rest-2,synth02,sitting,synth-rest,51135.0,413.0,0.79,99.5,,,0.8076659822039698,1213.824094889096,0.7567999999999999,2923.0,29,0,0
3282,pi4b-01,2026-07-27 08:36:31.028609+00:00,29.2,65.0,80.7,98.4,True,synth02-rest-2,synth02,sitting,synth-rest,52013.0,481.0,0.765,99.8,,,0.9247688077980505,1223.3851442252815,0.7568,878.0,30,1,0
3283,pi4b-01,2026-07-27 08:36:32.028609+00:00,30.9,68.0,82.6,100.0,True,synth02-rest-2,synth02,sitting,synth-rest,52841.0,543.0,0.664,99.5,,,1.0276111352926705,1106.1455801314953,0.7482,828.0,31,1,0
3284,pi4b-01,2026-07-27 08:36:33.028609+00:00,30.1,65.0,74.2,98.8,True,synth02-rest-2,synth02,sitting,synth-rest,53348.0,560.0,0.742,99.6,,,1.0497113293844194,1112.9908105840054,0.7489,507.0,32,1,0
3285,pi4b-01,2026-07-27 08:36:34.028609+00:00,29.7,67.0,80.2,97.8,True,synth02-rest-2,synth02,sitting,synth-rest,50931.0,474.0,0.82,99.5,,,0.930670907698651,1167.660343497965,0.7618,2417.0,33,1,0
3286,pi4b-01,2026-07-27 08:36:35.028609+00:00,30.3,64.0,,96.4,True,synth02-rest-2,synth02,sitting,synth-rest,52180.0,629.0,0.763,99.8,,,1.205442698351859,1108.170268706235,0.7599,1249.0,34,0,0
3287,pi4b-01,2026-07-27 08:36:36.028609+00:00,30.2,71.0,77.2,94.3,True,synth02-rest-2,synth02,sitting,synth-rest,53028.0,488.0,0.792,99.7,,,0.9202685373764804,1001.1588008125648,0.7694,848.0,35,1,0
3288,pi4b-01,2026-07-27 08:36:37.028609+00:00,26.6,73.0,77.3,98.5,True,synth02-rest-2,synth02,sitting,synth-rest,51718.0,517.0,0.713,99.8,,,0.999651958699099,999.930464249064,0.7594000000000001,1310.0,36,1,0
3289,pi4b-01,2026-07-27 08:36:38.028609+00:00,27.6,62.0,,98.6,True,synth02-rest-2,synth02,sitting,synth-rest,50893.0,486.0,0.812,99.7,,,0.9549446878745603,1084.484439722406,0.7643000000000001,825.0,37,0,0
3290,pi4b-01,2026-07-27 08:36:39.028609+00:00,30.4,73.0,,98.2,True,synth02-rest-2,synth02,sitting,synth-rest,53179.0,437.0,0.686,99.8,,,0.8217529475920946,945.1315252386976,0.7547,2286.0,38,0,0
3291,pi4b-01,2026-07-27 08:36:40.028609+00:00,27.3,73.0,70.5,98.7,True,synth02-rest-2,synth02,sitting,synth-rest,50953.0,612.0,0.745,99.7,,,1.2011069024395031,967.8278313373404,0.7502000000000001,2226.0,39,1,0
3292,pi4b-01,2026-07-27 08:36:41.028609+00:00,27.9,72.0,82.5,97.7,True,synth02-rest-2,synth02,sitting,synth-rest,52483.0,770.0,0.83,99.7,,,1.4671417411352248,974.072230951656,0.7567,1530.0,40,1,0
3293,pi4b-01,2026-07-27 08:36:42.028609+00:00,29.5,67.0,,75.2,True,synth02-rest-2,synth02,sitting,synth-rest,54188.0,2776.0,0.162,99.6,,,5.122905440318889,1155.6299340379087,0.7065,1705.0,41,0,0
3294,pi4b-01,2026-07-27 08:36:43.028609+00:00,27.4,67.0,,79.1,True,synth02-rest-2,synth02,sitting,synth-rest,53049.0,5466.0,0.159,99.4,,,10.303681502007578,1128.7732574200566,0.6482,1139.0,42,0,0
3295,pi4b-01,2026-07-27 08:36:44.028609+00:00,28.3,64.0,,79.6,True,synth02-rest-2,synth02,sitting,synth-rest,53000.0,6147.0,0.286,99.9,,,11.59811320754717,1044.5422655136797,0.5948,49.0,43,0,0
3296,pi4b-01,2026-07-27 08:36:45.028609+00:00,26.9,69.0,,77.0,True,synth02-rest-2,synth02,sitting,synth-rest,52991.0,5125.0,0.304,99.7,,,9.671453643071464,1051.236816537761,0.5488999999999999,9.0,44,0,0
3297,pi4b-01,2026-07-27 08:36:46.028609+00:00,27.5,70.0,,79.5,True,synth02-rest-2,synth02,sitting,synth-rest,50980.0,6199.0,0.209,99.6,,,12.15967045900353,1142.8766045962038,0.4906,2011.0,45,0,0
3298,pi4b-01,2026-07-27 08:36:47.028609+00:00,29.3,65.0,,88.5,True,synth02-rest-2,synth02,sitting,synth-rest,50897.0,2422.0,0.279,99.5,,,4.758630174666483,1219.7015163099977,0.44720000000000004,83.0,46,0,0
3299,pi4b-01,2026-07-27 08:36:48.028609+00:00,27.5,63.0,,74.9,True,synth02-rest-2,synth02,sitting,synth-rest,52829.0,3060.0,0.225,99.5,,,5.792273183289481,1128.6311719167743,0.38849999999999996,1932.0,47,0,0
3300,pi4b-01,2026-07-27 08:36:49.028609+00:00,27.4,63.0,,71.6,True,synth02-rest-2,synth02,sitting,synth-rest,49961.0,2664.0,0.176,99.7,,,5.332159084085586,1338.4874921592245,0.3375,2868.0,48,0,0
3301,pi4b-01,2026-07-27 08:36:50.028609+00:00,29.6,74.0,,74.4,True,synth02-rest-2,synth02,sitting,synth-rest,51476.0,2755.0,0.248,99.9,,,5.352008703084933,1296.8222014687456,0.28779999999999994,1515.0,49,0,0
3302,pi4b-01,2026-07-27 08:36:51.028609+00:00,30.1,73.0,,72.7,True,synth02-rest-2,synth02,sitting,synth-rest,48927.0,3234.0,0.369,99.8,,,6.6098473235636765,1646.539185348751,0.24170000000000003,2549.0,50,0,0
3303,pi4b-01,2026-07-27 08:36:52.028609+00:00,28.4,69.0,,93.5,True,synth02-rest-2,synth02,sitting,synth-rest,48085.0,819.0,0.305,99.7,,,1.7032338567120724,1799.3079070699698,0.256,842.0,51,0,0
3304,pi4b-01,2026-07-27 08:36:53.028609+00:00,26.3,71.0,73.4,94.1,True,synth02-rest-2,synth02,sitting,synth-rest,47375.0,821.0,0.45,99.8,,,1.7329815303430078,2037.189319190124,0.2851,710.0,52,1,0
3305,pi4b-01,2026-07-27 08:36:54.028609+00:00,30.5,69.0,,91.6,True,synth02-rest-2,synth02,sitting,synth-rest,47651.0,661.0,0.318,99.4,,,1.387169209460452,2054.3733729669693,0.2883,276.0,53,0,0
3306,pi4b-01,2026-07-27 08:36:55.028609+00:00,29.2,64.0,,92.1,True,synth02-rest-2,synth02,sitting,synth-rest,50380.0,816.0,0.294,99.4,,,1.6196903533148073,1798.5381378590437,0.2873,2729.0,54,0,0
3307,pi4b-01,2026-07-27 08:36:56.028609+00:00,27.6,62.0,,91.7,True,synth02-rest-2,synth02,sitting,synth-rest,50546.0,881.0,0.236,99.6,,,1.7429668025165195,1773.4658503118596,0.29,166.0,55,0,0
3308,pi4b-01,2026-07-27 08:36:57.028609+00:00,27.2,69.0,77.8,91.5,True,synth02-rest-2,synth02,sitting,synth-rest,49879.0,350.0,0.537,99.7,,,0.701698109424808,1733.0668673385967,0.3158,667.0,56,1,0
3309,pi4b-01,2026-07-27 08:36:58.028609+00:00,26.6,68.0,,75.7,True,synth02-rest-2,synth02,sitting,synth-rest,50785.0,6725.0,0.068,99.5,,,13.2420990449936,1415.981657916414,0.3001,906.0,57,0,0
3310,pi4b-01,2026-07-27 08:36:59.028609+00:00,29.7,72.0,,78.4,True,synth02-rest-2,synth02,sitting,synth-rest,49990.0,8438.0,0.107,99.8,,,16.879375875175036,1417.0452200108916,0.2932,795.0,58,0,0
3311,pi4b-01,2026-07-27 08:37:00.028609+00:00,28.6,73.0,,77.9,True,synth02-rest-2,synth02,sitting,synth-rest,50502.0,6754.0,0.068,99.5,,,13.373727773157498,1295.077260672612,0.2752,512.0,59,0,0
3312,pi4b-01,2026-07-27 08:37:01.028609+00:00,26.8,68.0,,75.7,True,synth02-rest-2,synth02,sitting,synth-rest,51210.0,6437.0,0.01,99.7,,,12.56981058387034,1397.274970950457,0.23929999999999998,708.0,60,0,0
3313,pi4b-01,2026-07-27 08:37:02.028609+00:00,28.9,72.0,,93.7,True,synth02-rest-2,synth02,sitting,synth-rest,52156.0,943.0,0.296,99.4,,,1.8080374261829895,1484.1338813523253,0.23840000000000003,946.0,61,0,0
3314,pi4b-01,2026-07-27 08:37:03.028609+00:00,28.7,67.0,,80.9,True,synth02-rest-2,synth02,sitting,synth-rest,52677.0,4905.0,0.069,99.7,,,9.311464206389886,1365.6839719024433,0.2003,521.0,62,0,0
3315,pi4b-01,2026-07-27 08:37:04.028609+00:00,26.3,64.0,,78.2,True,synth02-rest-2,synth02,sitting,synth-rest,52912.0,7905.0,0.01,99.4,,,14.93990021167221,1100.6290171231346,0.16949999999999998,235.0,63,0,0
3316,pi4b-01,2026-07-27 08:37:05.028609+00:00,26.4,70.0,,78.3,True,synth02-rest-2,synth02,sitting,synth-rest,50617.0,9787.0,0.053,99.6,,,19.33540114981133,1085.7652907819302,0.1454,2295.0,64,0,0
3317,pi4b-01,2026-07-27 08:37:06.028609+00:00,26.3,64.0,,79.8,True,synth02-rest-2,synth02,sitting,synth-rest,51885.0,9039.0,0.133,99.4,,,17.42122000578202,1088.6595274312194,0.1351,1268.0,65,0,0
3318,pi4b-01,2026-07-27 08:37:07.028609+00:00,27.1,62.0,,81.2,True,synth02-rest-2,synth02,sitting,synth-rest,52431.0,5961.0,0.088,99.4,,,11.369228128397323,1025.9299575399248,0.0902,546.0,66,0,0
3319,pi4b-01,2026-07-27 08:37:08.028609+00:00,30.2,69.0,80.1,92.6,True,synth02-rest-2,synth02,sitting,synth-rest,49726.0,568.0,0.577,99.7,,,1.1422595825121666,1156.2122258094346,0.1411,2705.0,67,1,0
3320,pi4b-01,2026-07-27 08:37:09.028609+00:00,26.0,70.0,80.8,92.5,True,synth02-rest-2,synth02,sitting,synth-rest,49580.0,520.0,0.707,99.7,,,1.0488100040338848,1217.8132679338207,0.2011,146.0,68,1,0
3321,pi4b-01,2026-07-27 08:37:10.028609+00:00,30.2,65.0,77.4,98.9,True,synth02-rest-2,synth02,sitting,synth-rest,50908.0,381.0,0.772,99.6,,,0.7484088944763102,1192.1727876258756,0.27149999999999996,1328.0,69,1,0
3322,pi4b-01,2026-07-27 08:37:11.028609+00:00,27.5,64.0,77.6,94.2,True,synth02-rest-2,synth02,sitting,synth-rest,50264.0,336.0,0.777,99.7,,,0.668470475887315,1246.1356444803837,0.34819999999999995,644.0,70,1,0
3323,pi4b-01,2026-07-27 08:37:12.028609+00:00,27.1,69.0,75.0,95.2,True,synth02-rest-2,synth02,sitting,synth-rest,49862.0,300.0,0.817,99.5,,,0.6016605832096587,1284.7880759098364,0.4003,402.0,71,1,0
3324,pi4b-01,2026-07-27 08:37:13.028609+00:00,27.3,71.0,77.3,99.6,True,synth02-rest-2,synth02,sitting,synth-rest,48837.0,283.0,0.741,99.8,,,0.5794786739562218,1329.5705070937147,0.46749999999999997,1025.0,72,1,0
3325,pi4b-01,2026-07-27 08:37:14.028609+00:00,28.1,65.0,79.5,100.0,True,synth02-rest-2,synth02,sitting,synth-rest,50992.0,344.0,0.642,99.4,,,0.674615625980546,1092.4970175398373,0.5307000000000001,2155.0,73,1,0
3326,pi4b-01,2026-07-27 08:37:15.028609+00:00,29.4,74.0,78.1,97.4,True,synth02-rest-2,synth02,sitting,synth-rest,50695.0,297.0,0.72,99.5,,,0.5858565933524016,1093.6221163333519,0.5974,297.0,74,1,0
3327,pi4b-01,2026-07-27 08:37:16.028609+00:00,28.4,72.0,79.3,100.0,True,synth02-rest-2,synth02,sitting,synth-rest,50661.0,272.0,0.673,99.9,,,0.536902153530329,986.9158694303377,0.6514,34.0,75,1,0
3328,pi4b-01,2026-07-27 08:37:17.028609+00:00,28.1,71.0,79.4,94.7,True,synth02-rest-2,synth02,sitting,synth-rest,50066.0,296.0,0.635,99.4,,,0.5912195901410139,680.8888716638431,0.7061,595.0,76,1,0
3329,pi4b-01,2026-07-27 08:37:18.028609+00:00,26.2,72.0,81.7,98.2,True,synth02-rest-2,synth02,sitting,synth-rest,49690.0,252.0,0.659,99.6,,,0.5071442946266854,683.523266287009,0.7143,376.0,77,1,0
3330,pi4b-01,2026-07-27 08:37:19.028609+00:00,30.4,64.0,77.7,96.5,True,synth02-rest-2,synth02,sitting,synth-rest,51900.0,288.0,0.804,99.5,,,0.5549132947976878,841.8680617136149,0.724,2210.0,78,1,0
3331,pi4b-01,2026-07-27 08:37:20.028609+00:00,29.8,72.0,80.9,96.7,True,synth02-rest-2,synth02,sitting,synth-rest,52393.0,415.0,0.683,99.7,,,0.7920905464470444,1049.2994488388142,0.7151,493.0,79,1,0
3332,pi4b-01,2026-07-27 08:37:21.028609+00:00,30.7,69.0,82.5,98.0,True,synth02-rest-2,synth02,sitting,synth-rest,51499.0,411.0,0.697,99.7,,,0.7980737490048351,1085.7729709495218,0.7071,894.0,80,1,0
3333,pi4b-01,2026-07-27 08:37:22.028609+00:00,28.8,69.0,80.9,98.9,True,synth02-rest-2,synth02,sitting,synth-rest,50072.0,441.0,0.763,99.6,,,0.880731746285349,1070.558862360162,0.7017,1427.0,81,1,0
3334,pi4b-01,2026-07-27 08:37:23.028609+00:00,27.2,69.0,82.2,97.0,True,synth02-rest-2,synth02,sitting,synth-rest,49568.0,430.0,0.631,99.6,,,0.8674951581665591,948.7181058905493,0.6907,504.0,82,1,0
3335,pi4b-01,2026-07-27 08:37:24.028609+00:00,26.5,62.0,81.3,96.0,True,synth02-rest-2,synth02,sitting,synth-rest,51549.0,295.0,0.769,99.8,,,0.5722710430852199,980.1018144390781,0.7034,1981.0,83,1,0
3336,pi4b-01,2026-07-27 08:37:25.028609+00:00,26.7,67.0,83.9,95.9,True,synth02-rest-2,synth02,sitting,synth-rest,51725.0,363.0,0.662,99.4,,,0.7017883035282746,1020.0625307630768,0.6976,176.0,84,1,0
3337,pi4b-01,2026-07-27 08:37:26.028609+00:00,28.6,62.0,79.8,98.2,True,synth02-rest-2,synth02,sitting,synth-rest,52304.0,359.0,0.671,99.6,,,0.6863719791985317,1103.9565410126202,0.6974,579.0,85,1,0
3338,pi4b-01,2026-07-27 08:37:27.028609+00:00,27.5,71.0,78.2,97.2,True,synth02-rest-2,synth02,sitting,synth-rest,52079.0,290.0,0.826,99.5,,,0.556846329614624,1082.5256938188022,0.7165,225.0,86,1,0
3339,pi4b-01,2026-07-27 08:37:28.028609+00:00,30.8,71.0,75.0,95.2,True,synth02-rest-2,synth02,sitting,synth-rest,52326.0,327.0,0.73,99.6,,,0.624928333906662,967.7576889100601,0.7236,247.0,87,1,0
3340,pi4b-01,2026-07-27 08:37:29.028609+00:00,27.5,68.0,78.0,94.8,True,synth02-rest-2,synth02,sitting,synth-rest,50376.0,366.0,0.767,99.7,,,0.7265364459266318,1023.4258861512847,0.7199,1950.0,88,1,0
3341,pi4b-01,2026-07-27 08:37:30.028609+00:00,28.7,68.0,78.0,100.0,True,synth02-rest-2,synth02,sitting,synth-rest,50139.0,369.0,0.738,99.7,,,0.7359540477472626,1025.967732869309,0.7254,237.0,89,1,0
3342,pi4b-01,2026-07-27 08:37:31.028609+00:00,28.7,73.0,77.5,100.0,True,synth02-rest-2,synth02,sitting,synth-rest,52004.0,307.0,0.733,99.5,,,0.5903392046765633,1056.2861354766046,0.729,1865.0,90,1,0
3343,pi4b-01,2026-07-27 08:37:32.028609+00:00,30.7,71.0,74.2,99.1,True,synth02-rest-2,synth02,sitting,synth-rest,52149.0,383.0,0.752,99.8,,,0.734434025580548,1009.9230388720429,0.7279,145.0,91,1,0
3344,pi4b-01,2026-07-27 08:37:33.028609+00:00,29.6,65.0,79.2,99.6,True,synth02-rest-2,synth02,sitting,synth-rest,49643.0,319.0,0.788,99.8,,,0.6425880788832262,994.7907876087355,0.7436,2506.0,92,1,0
3345,pi4b-01,2026-07-27 08:37:34.028609+00:00,26.7,63.0,75.5,100.0,True,synth02-rest-2,synth02,sitting,synth-rest,51642.0,370.0,0.782,99.8,,,0.7164710894233376,996.4664291608331,0.7449,1999.0,93,1,0
3346,pi4b-01,2026-07-27 08:37:35.028609+00:00,27.7,66.0,82.9,99.4,True,synth02-rest-2,synth02,sitting,synth-rest,49997.0,353.0,0.826,99.9,,,0.7060423625417525,1087.0163496675416,0.7613000000000001,1645.0,94,1,0
3347,pi4b-01,2026-07-27 08:37:36.028609+00:00,26.5,73.0,80.7,100.0,True,synth02-rest-2,synth02,sitting,synth-rest,49344.0,292.0,0.745,99.6,,,0.5917639429312581,1172.5721441913277,0.7687,653.0,95,1,0
3348,pi4b-01,2026-07-27 08:37:37.028609+00:00,26.3,63.0,77.2,97.1,True,synth02-rest-2,synth02,sitting,synth-rest,51336.0,357.0,0.78,99.7,,,0.695418419822347,1116.694049415558,0.7641,1992.0,96,1,0
3349,pi4b-01,2026-07-27 08:37:38.028609+00:00,30.0,69.0,,99.4,True,synth02-rest-2,synth02,sitting,synth-rest,51622.0,395.0,0.679,99.7,,,0.7651776374414009,1035.7553121595788,0.759,286.0,97,0,0
3350,pi4b-01,2026-07-27 08:37:39.028609+00:00,26.1,71.0,81.8,100.0,True,synth02-rest-2,synth02,sitting,synth-rest,50928.0,386.0,0.638,99.6,,,0.757932767829092,1023.7956827414919,0.7461,694.0,98,1,0
3351,pi4b-01,2026-07-27 08:37:40.028609+00:00,26.6,72.0,77.2,97.3,True,synth02-rest-2,synth02,sitting,synth-rest,52127.0,373.0,0.735,99.5,,,0.7155600744335948,1056.3323130320616,0.7458,1199.0,99,1,0
3352,pi4b-01,2026-07-27 08:37:41.028609+00:00,29.9,73.0,80.0,98.2,True,synth02-rest-2,synth02,sitting,synth-rest,51618.0,415.0,0.867,99.9,,,0.8039831066682166,1025.3829853604839,0.7592000000000001,509.0,100,1,0
3353,pi4b-01,2026-07-27 08:37:42.028609+00:00,27.0,67.0,81.7,97.1,True,synth02-rest-2,synth02,sitting,synth-rest,49410.0,308.0,0.793,99.4,,,0.6233555960331917,1061.5913683397473,0.7633,2208.0,101,1,0
3354,pi4b-01,2026-07-27 08:37:43.028609+00:00,29.4,73.0,78.1,98.3,True,synth02-rest-2,synth02,sitting,synth-rest,50472.0,315.0,0.662,99.8,,,0.6241084165477888,994.3288300267386,0.7507,1062.0,102,1,0
3355,pi4b-01,2026-07-27 08:37:44.028609+00:00,30.8,67.0,74.8,96.0,True,synth02-rest-2,synth02,sitting,synth-rest,49084.0,325.0,0.679,99.5,,,0.6621302257354739,1092.0580774137316,0.7404000000000001,1388.0,103,1,0
3356,pi4b-01,2026-07-27 08:37:45.028609+00:00,26.8,68.0,,97.6,True,synth02-rest-2,synth02,sitting,synth-rest,49874.0,420.0,0.639,99.6,,,0.8421221478124874,1100.189200900422,0.7217,790.0,104,0,0
3357,pi4b-01,2026-07-27 08:37:46.028609+00:00,30.4,67.0,78.1,96.5,True,synth02-rest-2,synth02,sitting,synth-rest,50180.0,406.0,0.722,99.5,,,0.8090872857712236,1024.8931055373077,0.7194,306.0,105,1,0
3358,pi4b-01,2026-07-27 08:37:47.028609+00:00,30.4,70.0,74.8,99.5,True,synth02-rest-2,synth02,sitting,synth-rest,50208.0,314.0,0.771,99.5,,,0.6253983428935628,1004.7248434826538,0.7185,28.0,106,1,0
3359,pi4b-01,2026-07-27 08:37:48.028609+00:00,28.0,74.0,79.0,97.5,True,synth02-rest-2,synth02,sitting,synth-rest,49114.0,348.0,0.828,99.7,,,0.7085556053263835,1020.930430756465,0.7334,1094.0,107,1,0
3360,pi4b-01,2026-07-27 08:37:49.028609+00:00,28.5,62.0,79.5,98.2,True,synth02-rest-2,synth02,sitting,synth-rest,51890.0,327.0,0.613,99.9,,,0.6301792252842551,1126.3991842248272,0.7309,2776.0,108,1,0
3361,pi4b-01,2026-07-27 08:37:50.028609+00:00,27.6,71.0,78.6,98.0,True,synth02-rest-2,synth02,sitting,synth-rest,50899.0,450.0,0.583,99.9,,,0.8841038134344485,973.4817752104063,0.7157,991.0,109,1,0
3362,pi4b-01,2026-07-27 08:37:51.028609+00:00,30.1,71.0,80.3,99.6,True,synth02-rest-2,synth02,sitting,synth-rest,52020.0,229.0,0.738,99.8,,,0.4402153018069973,1041.0623260241446,0.7028,1121.0,110,1,0
3363,pi4b-01,2026-07-27 08:37:52.028609+00:00,28.6,65.0,85.3,99.9,True,synth02-rest-2,synth02,sitting,synth-rest,50870.0,281.0,0.729,99.8,,,0.5523884411244349,1001.6566777095492,0.6963999999999999,1150.0,111,1,0
3364,pi4b-01,2026-07-27 08:37:53.028609+00:00,29.1,72.0,76.2,96.4,True,synth02-rest-2,synth02,sitting,synth-rest,51353.0,342.0,0.817,99.9,,,0.6659786185811929,1040.7046544423192,0.7119,483.0,112,1,0
3365,pi4b-01,2026-07-27 08:37:54.028609+00:00,30.5,66.0,72.9,98.4,True,synth02-rest-2,synth02,sitting,synth-rest,51663.0,341.0,0.705,99.8,,,0.6600468420339508,953.1358128713346,0.7144999999999999,310.0,113,1,0
3366,pi4b-01,2026-07-27 08:37:55.028609+00:00,26.1,68.0,71.1,93.4,True,synth02-rest-2,synth02,sitting,synth-rest,50020.0,333.0,0.636,99.5,,,0.665733706517393,938.256663534445,0.7142000000000001,1643.0,114,1,0
3367,pi4b-01,2026-07-27 08:37:56.028609+00:00,26.4,63.0,75.4,97.0,True,synth02-rest-2,synth02,sitting,synth-rest,51264.0,344.0,0.672,99.7,,,0.6710362047440699,918.287954111772,0.7091999999999999,1244.0,115,1,0
3368,pi4b-01,2026-07-27 08:37:57.028609+00:00,30.5,70.0,68.6,96.0,True,synth02-rest-2,synth02,sitting,synth-rest,51411.0,346.0,0.713,99.5,,,0.6730077220828228,891.589741230112,0.7034,147.0,116,1,0
3369,pi4b-01,2026-07-27 08:37:58.028609+00:00,27.1,67.0,71.2,98.0,True,synth02-rest-2,synth02,sitting,synth-rest,51470.0,391.0,0.731,99.5,,,0.7596658247522828,579.8214284493007,0.6937,59.0,117,1,0
3370,pi4b-01,2026-07-27 08:37:59.028609+00:00,26.7,64.0,74.7,97.8,True,synth02-rest-2,synth02,sitting,synth-rest,49963.0,436.0,0.749,99.9,,,0.872645757860817,669.9847510703336,0.7073,1507.0,118,1,0
3371,pi4b-01,2026-07-27 08:38:00.028609+00:00,29.4,65.0,74.7,98.9,True,synth02-rest-2,synth02,sitting,synth-rest,50917.0,354.0,0.702,99.5,,,0.6952491309385863,669.4286867671393,0.7192000000000001,954.0,119,1,0
3372,pi4b-01,2026-07-27 08:38:01.028609+00:00,27.5,66.0,,99.7,True,synth02-rest-2,synth02,sitting,synth-rest,52416.0,341.0,0.722,99.9,,,0.6505647130647131,738.3817215145392,0.7176,1499.0,120,0,0
3373,pi4b-01,2026-07-27 08:38:02.028609+00:00,26.4,67.0,69.6,99.3,True,synth02-rest-2,synth02,sitting,synth-rest,52486.0,307.0,0.745,99.7,,,0.5849178828640018,843.3839312885054,0.7192000000000001,70.0,121,1,0
3374,pi4b-01,2026-07-27 08:38:03.028609+00:00,30.5,73.0,73.8,96.2,True,synth02-rest-2,synth02,sitting,synth-rest,52323.0,329.0,0.621,99.7,,,0.6287865756932898,904.2170400714914,0.6996,163.0,122,1,0
3375,pi4b-01,2026-07-27 08:38:04.028609+00:00,30.2,73.0,71.9,96.9,True,synth02-rest-2,synth02,sitting,synth-rest,51152.0,359.0,0.675,99.8,,,0.7018298404754457,901.7175956042547,0.6966,1171.0,123,1,0
3376,pi4b-01,2026-07-27 08:38:05.028609+00:00,26.2,70.0,66.4,97.9,True,synth02-rest-2,synth02,sitting,synth-rest,50770.0,367.0,0.727,99.4,,,0.7228678353358282,805.5916804161078,0.7057,382.0,124,1,0
3377,pi4b-01,2026-07-27 08:38:06.028609+00:00,29.8,66.0,71.4,97.5,True,synth02-rest-2,synth02,sitting,synth-rest,50780.0,413.0,0.77,99.6,,,0.8133123276880662,829.9885942991997,0.7155,10.0,125,1,0
3378,pi4b-01,2026-07-27 08:38:07.028609+00:00,27.7,73.0,69.7,97.8,True,synth02-rest-2,synth02,sitting,synth-rest,49978.0,337.0,0.779,99.7,,,0.6742966905438393,938.5049872596369,0.7221,802.0,126,1,0
3379,pi4b-01,2026-07-27 08:38:08.028609+00:00,28.4,69.0,68.7,96.6,True,synth02-rest-2,synth02,sitting,synth-rest,52541.0,335.0,0.671,99.7,,,0.6375973049618394,1026.4924311027373,0.7161000000000001,2563.0,127,1,0
3380,pi4b-01,2026-07-27 08:38:09.028609+00:00,27.7,67.0,73.3,94.5,True,synth02-rest-2,synth02,sitting,synth-rest,51381.0,425.0,0.613,99.8,,,0.8271540063447578,907.2942925718344,0.7025,1160.0,128,1,0
3381,pi4b-01,2026-07-27 08:38:10.028609+00:00,30.5,68.0,71.6,94.8,True,synth02-rest-2,synth02,sitting,synth-rest,51413.0,423.0,0.667,99.9,,,0.822749110147239,886.7618996476772,0.6990000000000001,32.0,129,1,0
3382,pi4b-01,2026-07-27 08:38:11.028609+00:00,30.5,66.0,71.5,97.2,True,synth02-rest-2,synth02,sitting,synth-rest,52723.0,373.0,0.561,99.6,,,0.7074711226599397,925.5408088728334,0.6829000000000001,1310.0,130,1,0
3383,pi4b-01,2026-07-27 08:38:12.028609+00:00,30.1,73.0,74.3,96.8,True,synth02-rest-2,synth02,sitting,synth-rest,52712.0,329.0,0.732,99.9,,,0.6241463044468053,953.155467090513,0.6816,11.0,131,1,0
3384,pi4b-01,2026-07-27 08:38:13.028609+00:00,28.2,67.0,69.2,93.1,True,synth02-rest-2,synth02,sitting,synth-rest,51490.0,282.0,0.728,99.7,,,0.5476791610021363,916.4370621537411,0.6923,1222.0,132,1,0
3385,pi4b-01,2026-07-27 08:38:14.028609+00:00,28.1,67.0,76.8,98.2,True,synth02-rest-2,synth02,sitting,synth-rest,52802.0,268.0,0.613,99.5,,,0.5075565319495473,993.3312080514623,0.6860999999999999,1312.0,133,1,0
3386,pi4b-01,2026-07-27 08:38:15.028609+00:00,29.5,63.0,72.6,97.5,True,synth02-rest-2,synth02,sitting,synth-rest,52144.0,308.0,0.741,99.7,,,0.5906719852715556,950.817098897386,0.6875,658.0,134,1,0
3387,pi4b-01,2026-07-27 08:38:16.028609+00:00,30.0,69.0,73.0,95.3,True,synth02-rest-2,synth02,sitting,synth-rest,50374.0,345.0,0.829,99.8,,,0.6848771191487673,1006.100701829747,0.6934,1770.0,135,1,0
3388,pi4b-01,2026-07-27 08:38:17.028609+00:00,28.8,72.0,80.8,94.9,True,synth02-rest-2,synth02,sitting,synth-rest,52350.0,341.0,0.759,99.8,,,0.6513849092645655,798.6105990337037,0.6914,1976.0,136,1,0
3389,pi4b-01,2026-07-27 08:38:18.028609+00:00,26.2,64.0,85.1,100.0,True,synth02-rest-2,synth02,sitting,synth-rest,50157.0,354.0,0.74,99.5,,,0.7057838387463364,956.9776730241682,0.6982999999999999,2193.0,137,1,0
3390,pi4b-01,2026-07-27 08:38:19.028609+00:00,26.2,74.0,79.8,96.7,True,synth02-rest-2,synth02,sitting,synth-rest,50306.0,301.0,0.759,99.7,,,0.5983381703971693,1058.5922990252868,0.7129000000000001,149.0,138,1,0
3391,pi4b-01,2026-07-27 08:38:20.028609+00:00,30.3,64.0,81.7,94.6,True,synth02-rest-2,synth02,sitting,synth-rest,50519.0,384.0,0.699,99.4,,,0.7601100576020903,1116.7135363298457,0.7161000000000001,213.0,139,1,0
3392,pi4b-01,2026-07-27 08:38:21.028609+00:00,26.7,63.0,82.9,95.9,True,synth02-rest-2,synth02,sitting,synth-rest,51251.0,315.0,0.738,99.8,,,0.6146221537140738,1040.4542010317095,0.7337999999999999,732.0,140,1,0
3393,pi4b-01,2026-07-27 08:38:22.028609+00:00,30.9,67.0,84.4,98.6,True,synth02-rest-2,synth02,sitting,synth-rest,52253.0,299.0,0.629,99.9,,,0.5722159493234839,985.3223048548803,0.7235,1002.0,141,1,0
3394,pi4b-01,2026-07-27 08:38:23.028609+00:00,29.2,73.0,82.2,96.5,True,synth02-rest-2,synth02,sitting,synth-rest,51135.0,362.0,0.809,99.5,,,0.7079299892441576,986.696446622702,0.7316,1118.0,142,1,0
3395,pi4b-01,2026-07-27 08:38:24.028609+00:00,30.5,67.0,84.3,98.0,True,synth02-rest-2,synth02,sitting,synth-rest,50502.0,359.0,0.692,99.5,,,0.7108629361213418,865.8835500356331,0.7394999999999999,633.0,143,1,0
3396,pi4b-01,2026-07-27 08:38:25.028609+00:00,30.1,69.0,81.4,96.3,True,synth02-rest-2,synth02,sitting,synth-rest,51466.0,379.0,0.7,99.4,,,0.7364085027008122,798.9312374806173,0.7354,964.0,144,1,0
3397,pi4b-01,2026-07-27 08:38:26.028609+00:00,27.0,72.0,,99.1,True,synth02-rest-2,synth02,sitting,synth-rest,51732.0,427.0,0.629,99.5,,,0.8254078713368902,790.1575721898615,0.7154,266.0,145,0,0
3398,pi4b-01,2026-07-27 08:38:27.028609+00:00,27.1,72.0,,95.8,True,synth02-rest-2,synth02,sitting,synth-rest,50538.0,390.0,0.773,99.8,,,0.7716965451739285,690.1948919609432,0.7168,1194.0,146,0,0
3399,pi4b-01,2026-07-27 08:38:28.028609+00:00,26.6,71.0,81.7,97.4,True,synth02-rest-2,synth02,sitting,synth-rest,50498.0,420.0,0.781,99.6,,,0.8317161075686166,652.0620284060236,0.7209,40.0,147,1,0
3400,pi4b-01,2026-07-27 08:38:29.028609+00:00,27.0,71.0,80.2,94.7,True,synth02-rest-2,synth02,sitting,synth-rest,49627.0,455.0,0.768,99.7,,,0.9168396235919963,760.9360390700691,0.7218,871.0,148,1,0
3401,pi4b-01,2026-07-27 08:38:30.028609+00:00,30.7,73.0,78.0,97.5,True,synth02-rest-2,synth02,sitting,synth-rest,50269.0,488.0,0.715,99.7,,,0.970777218564125,780.5989794169328,0.7234,642.0,149,1,0
3402,pi4b-01,2026-07-27 08:38:31.028609+00:00,27.4,68.0,74.0,97.2,True,synth02-rest-2,synth02,sitting,synth-rest,50110.0,419.0,0.734,99.7,,,0.8361604470165636,810.799742366951,0.7230000000000001,159.0,150,1,0
3403,pi4b-01,2026-07-27 08:38:32.028609+00:00,27.7,64.0,79.2,99.0,True,synth02-rest-2,synth02,sitting,synth-rest,49487.0,551.0,0.722,99.8,,,1.113423727443571,733.0428515593877,0.7323,623.0,151,1,0
3404,pi4b-01,2026-07-27 08:38:33.028609+00:00,30.8,73.0,81.0,99.0,True,synth02-rest-2,synth02,sitting,synth-rest,52329.0,581.0,0.746,99.4,,,1.1102830170651072,915.8296542237805,0.726,2842.0,152,1,0
3405,pi4b-01,2026-07-27 08:38:34.028609+00:00,30.0,69.0,77.0,95.3,True,synth02-rest-2,synth02,sitting,synth-rest,51246.0,496.0,0.783,99.7,,,0.9678804199352145,932.0242962975702,0.7351,1083.0,153,1,0
3406,pi4b-01,2026-07-27 08:38:35.028609+00:00,29.2,63.0,75.0,95.0,True,synth02-rest-2,synth02,sitting,synth-rest,51348.0,460.0,0.757,99.7,,,0.895847939549739,922.3705208742688,0.7408,102.0,154,1,0
3407,pi4b-01,2026-07-27 08:38:36.028609+00:00,27.7,63.0,78.1,95.8,True,synth02-rest-2,synth02,sitting,synth-rest,50459.0,544.0,0.77,99.8,,,1.0781030143284647,852.105685933439,0.7548999999999999,889.0,155,1,0
3408,pi4b-01,2026-07-27 08:38:37.028609+00:00,28.6,69.0,77.9,97.2,True,synth02-rest-2,synth02,sitting,synth-rest,50396.0,421.0,0.703,99.4,,,0.8353837606159219,854.2693369190405,0.7479,63.0,156,1,0
3409,pi4b-01,2026-07-27 08:38:38.028609+00:00,27.5,67.0,72.9,99.1,True,synth02-rest-2,synth02,sitting,synth-rest,53340.0,378.0,0.695,99.7,,,0.7086614173228346,1219.6896189878603,0.7393000000000001,2944.0,157,1,0
3410,pi4b-01,2026-07-27 08:38:39.028609+00:00,29.6,71.0,69.9,96.9,True,synth02-rest-2,synth02,sitting,synth-rest,51912.0,293.0,0.77,99.9,,,0.5644167051934043,1176.059824631037,0.7394999999999999,1428.0,158,1,0
3411,pi4b-01,2026-07-27 08:38:40.028609+00:00,27.9,72.0,74.9,94.6,True,synth02-rest-2,synth02,sitting,synth-rest,50968.0,371.0,0.752,99.7,,,0.7279077067964212,1142.1516001730456,0.7432,944.0,159,1,0
3412,pi4b-01,2026-07-27 08:38:41.028609+00:00,29.5,72.0,76.4,97.8,True,synth02-rest-2,synth02,sitting,synth-rest,53440.0,305.0,0.727,99.7,,,0.5707335329341318,1279.3632313685707,0.7424999999999999,2472.0,160,1,0
3413,pi4b-01,2026-07-27 08:38:42.028609+00:00,27.4,65.0,73.3,95.6,True,synth02-rest-2,synth02,sitting,synth-rest,53042.0,372.0,0.719,99.6,,,0.701331020700577,1147.269705770101,0.7422000000000001,398.0,161,1,0
3414,pi4b-01,2026-07-27 08:38:43.028609+00:00,28.4,73.0,71.6,96.3,True,synth02-rest-2,synth02,sitting,synth-rest,53085.0,396.0,0.708,99.4,,,0.7459734388245267,1205.8977476460475,0.7384,43.0,162,1,0
3415,pi4b-01,2026-07-27 08:38:44.028609+00:00,28.9,72.0,74.9,97.7,True,synth02-rest-2,synth02,sitting,synth-rest,52318.0,391.0,0.735,99.6,,,0.7473527275507473,1186.4604502468794,0.7336,767.0,163,1,0
3416,pi4b-01,2026-07-27 08:38:45.028609+00:00,27.8,67.0,74.0,95.7,True,synth02-rest-2,synth02,sitting,synth-rest,52467.0,303.0,0.652,99.7,,,0.5775058608268054,1167.5251175028413,0.7231,149.0,164,1,0
3417,pi4b-01,2026-07-27 08:38:46.028609+00:00,30.6,71.0,71.9,97.6,True,synth02-rest-2,synth02,sitting,synth-rest,51504.0,428.0,0.715,99.7,,,0.8310034172103138,1039.867705260849,0.7176,963.0,165,1,0
3418,pi4b-01,2026-07-27 08:38:47.028609+00:00,30.9,73.0,76.2,96.5,True,synth02-rest-2,synth02,sitting,synth-rest,52158.0,466.0,0.683,99.8,,,0.8934391656121784,816.6649251682187,0.7156,654.0,166,1,0
3419,pi4b-01,2026-07-27 08:38:48.028609+00:00,28.1,63.0,,98.4,True,synth02-rest-2,synth02,sitting,synth-rest,52980.0,352.0,0.647,99.6,,,0.6644016610041525,778.8283507936868,0.7108000000000001,822.0,167,0,0
3420,pi4b-01,2026-07-27 08:38:49.028609+00:00,28.4,65.0,74.3,97.2,True,synth02-rest-2,synth02,sitting,synth-rest,52172.0,460.0,0.845,99.7,,,0.8816989956298397,765.4188686232246,0.7182999999999999,808.0,168,1,0
3421,pi4b-01,2026-07-27 08:38:50.028609+00:00,27.2,70.0,,97.1,True,synth02-rest-2,synth02,sitting,synth-rest,50468.0,391.0,0.773,99.7,,,0.7747483553935167,878.3313978473387,0.7204,1704.0,169,0,0
3422,pi4b-01,2026-07-27 08:38:51.028609+00:00,30.1,62.0,74.1,99.1,True,synth02-rest-2,synth02,sitting,synth-rest,51390.0,387.0,0.807,99.7,,,0.7530647985989491,837.4156275908392,0.7283999999999999,922.0,170,1,0
3423,pi4b-01,2026-07-27 08:38:52.028609+00:00,27.8,67.0,,94.7,True,synth02-rest-2,synth02,sitting,synth-rest,52191.0,491.0,0.737,99.6,,,0.9407752294456898,778.8366038878667,0.7302,801.0,171,0,0
3424,pi4b-01,2026-07-27 08:38:53.028609+00:00,29.2,70.0,71.6,95.4,True,synth02-rest-2,synth02,sitting,synth-rest,50826.0,444.0,0.756,99.8,,,0.8735686459685986,780.3980750588765,0.7350000000000001,1365.0,172,1,0
3425,pi4b-01,2026-07-27 08:38:54.028609+00:00,28.7,67.0,69.1,95.3,True,synth02-rest-2,synth02,sitting,synth-rest,52814.0,540.0,0.794,99.7,,,1.0224561669254364,827.9452477871797,0.7409,1988.0,173,1,0
3426,pi4b-01,2026-07-27 08:38:55.028609+00:00,27.2,69.0,72.2,98.0,True,synth02-rest-2,synth02,sitting,synth-rest,50000.0,594.0,0.76,99.6,,,1.188,990.7651420325226,0.7516999999999999,2814.0,174,1,0
3427,pi4b-01,2026-07-27 08:38:56.028609+00:00,29.1,70.0,75.8,98.3,True,synth02-rest-2,synth02,sitting,synth-rest,51697.0,616.0,0.786,99.6,,,1.1915585043619552,989.4775501355646,0.7588,1697.0,175,1,0
3428,pi4b-01,2026-07-27 08:38:57.028609+00:00,27.8,68.0,75.1,94.0,True,synth02-rest-2,synth02,sitting,synth-rest,50748.0,541.0,0.76,99.7,,,1.0660518641128716,1012.34570292084,0.7665,949.0,176,1,0
3429,pi4b-01,2026-07-27 08:38:58.028609+00:00,27.0,64.0,74.0,97.6,True,synth02-rest-2,synth02,sitting,synth-rest,50903.0,583.0,0.83,99.5,,,1.1453156002593168,886.7553151174075,0.7847999999999999,155.0,177,1,0
3430,pi4b-01,2026-07-27 08:38:59.028609+00:00,26.4,65.0,72.2,97.2,True,synth02-rest-2,synth02,sitting,synth-rest,50880.0,455.0,0.714,99.4,,,0.8942610062893082,841.9626608242887,0.7717,23.0,178,1,0
3431,pi4b-01,2026-07-27 08:39:00.028609+00:00,29.4,70.0,78.7,94.2,True,synth02-rest-2,synth02,sitting,synth-rest,51170.0,427.0,0.795,99.9,,,0.8344733242134063,803.2959119915345,0.7739,290.0,179,1,0
3432,pi4b-01,2026-07-27 08:39:01.028609+00:00,26.7,62.0,73.4,98.9,True,synth02-rest-2,synth02,sitting,synth-rest,51192.0,613.0,0.671,99.5,,,1.197452726988592,802.2271014010387,0.7603,22.0,180,1,0
3433,pi4b-01,2026-07-27 08:39:02.028609+00:00,30.5,67.0,73.5,97.0,True,synth02-rest-2,synth02,sitting,synth-rest,50919.0,490.0,0.761,99.8,,,0.9623126927080264,732.9013045576606,0.7626999999999999,273.0,181,1,0
3434,pi4b-01,2026-07-27 08:39:03.028609+00:00,30.0,72.0,74.8,95.8,True,synth02-rest-2,synth02,sitting,synth-rest,52326.0,529.0,0.73,99.6,,,1.0109696900202576,815.992844467591,0.7601,1407.0,182,1,0
3435,pi4b-01,2026-07-27 08:39:04.028609+00:00,27.5,63.0,73.0,98.1,True,synth02-rest-2,synth02,sitting,synth-rest,52598.0,582.0,0.756,99.9,,,1.1065059507966082,772.1095273484917,0.7563000000000001,272.0,183,1,0
3436,pi4b-01,2026-07-27 08:39:05.028609+00:00,27.9,65.0,73.0,98.9,True,synth02-rest-2,synth02,sitting,synth-rest,52930.0,467.0,0.703,99.8,,,0.8822973738900435,803.1915573372554,0.7506,332.0,184,1,0
3437,pi4b-01,2026-07-27 08:39:06.028609+00:00,27.3,68.0,69.7,94.8,True,synth02-rest-2,synth02,sitting,synth-rest,52283.0,590.0,0.762,99.8,,,1.1284738825239562,836.888874874647,0.7482,647.0,185,1,0
3438,pi4b-01,2026-07-27 08:39:07.028609+00:00,30.5,63.0,73.0,96.8,True,synth02-rest-2,synth02,sitting,synth-rest,52955.0,576.0,0.718,99.8,,,1.0877159852705127,878.6981784941496,0.744,672.0,186,1,0
3439,pi4b-01,2026-07-27 08:39:08.028609+00:00,27.7,73.0,74.1,95.7,True,synth02-rest-2,synth02,sitting,synth-rest,51559.0,672.0,0.765,99.8,,,1.3033611978510056,825.8978683160112,0.7375,1396.0,187,1,0
3440,pi4b-01,2026-07-27 08:39:09.028609+00:00,28.7,68.0,77.1,95.2,True,synth02-rest-2,synth02,sitting,synth-rest,53805.0,714.0,0.719,99.8,,,1.3270142180094786,941.7482619516268,0.738,2246.0,188,1,0
3441,pi4b-01,2026-07-27 08:39:10.028609+00:00,27.0,62.0,74.9,97.6,True,synth02-rest-2,synth02,sitting,synth-rest,52314.0,650.0,0.709,99.5,,,1.2424972282754139,873.2700295123248,0.7293999999999999,1491.0,189,1,0
3442,pi4b-01,2026-07-27 08:39:11.028609+00:00,26.4,67.0,74.0,96.9,True,synth02-rest-2,synth02,sitting,synth-rest,52320.0,548.0,0.789,99.9,,,1.047400611620795,784.272408740174,0.7411999999999999,6.0,190,1,0
3443,pi4b-01,2026-07-27 08:39:12.028609+00:00,26.5,68.0,76.4,99.6,True,synth02-rest-2,synth02,sitting,synth-rest,50906.0,679.0,0.742,99.6,,,1.3338309825953718,787.0077226784745,0.7393000000000001,1414.0,191,1,0
3444,pi4b-01,2026-07-27 08:39:13.028609+00:00,27.0,73.0,75.7,98.3,True,synth02-rest-2,synth02,sitting,synth-rest,51334.0,682.0,0.617,99.6,,,1.3285541746211087,856.7451585312157,0.728,428.0,192,1,0
3445,pi4b-01,2026-07-27 08:39:14.028609+00:00,26.7,68.0,73.2,94.7,True,synth02-rest-2,synth02,sitting,synth-rest,53415.0,533.0,0.712,99.6,,,0.9978470467097258,924.5496741657556,0.7236,2081.0,193,1,0
3446,pi4b-01,2026-07-27 08:39:15.028609+00:00,28.4,66.0,71.9,98.4,True,synth02-rest-2,synth02,sitting,synth-rest,52370.0,775.0,0.703,99.7,,,1.4798548787473744,904.4163802634815,0.7236,1045.0,194,1,0
3447,pi4b-01,2026-07-27 08:39:16.028609+00:00,26.7,71.0,70.2,95.3,True,synth02-rest-2,synth02,sitting,synth-rest,51672.0,672.0,0.808,99.9,,,1.3005109150023224,927.9833571304636,0.7282,698.0,195,1,0
3448,pi4b-01,2026-07-27 08:39:17.028609+00:00,29.5,65.0,74.1,95.8,True,synth02-rest-2,synth02,sitting,synth-rest,52890.0,802.0,0.81,99.8,,,1.5163546984307053,922.8266058390706,0.7373999999999999,1218.0,196,1,0
3449,pi4b-01,2026-07-27 08:39:18.028609+00:00,29.1,74.0,76.9,96.1,True,synth02-rest-2,synth02,sitting,synth-rest,51626.0,670.0,0.805,99.7,,,1.2977956843450975,917.411067442878,0.7414,1264.0,197,1,0
3450,pi4b-01,2026-07-27 08:39:19.028609+00:00,30.5,71.0,73.2,99.6,True,synth02-rest-2,synth02,sitting,synth-rest,51471.0,552.0,0.759,99.8,,,1.0724485632686367,766.6522897202904,0.7454,155.0,198,1,0
3451,pi4b-01,2026-07-27 08:39:20.028609+00:00,30.5,68.0,72.1,95.0,True,synth02-rest-2,synth02,sitting,synth-rest,53337.0,693.0,0.758,99.5,,,1.2992856741099048,869.8057829193956,0.7503,1866.0,199,1,0
3452,pi4b-01,2026-07-27 08:39:21.028609+00:00,30.9,66.0,69.1,99.5,True,synth02-rest-2,synth02,sitting,synth-rest,52104.0,658.0,0.684,99.7,,,1.2628588975894366,867.3548869984099,0.7398,1233.0,200,1,0
3453,pi4b-01,2026-07-27 08:39:22.028609+00:00,29.2,65.0,72.5,94.9,True,synth02-rest-2,synth02,sitting,synth-rest,50961.0,483.0,0.687,99.5,,,0.9477835992229351,858.9882938020243,0.7343000000000001,1143.0,201,1,0
3454,pi4b-01,2026-07-27 08:39:23.028609+00:00,30.6,67.0,75.9,95.6,True,synth02-rest-2,synth02,sitting,synth-rest,53448.0,626.0,0.539,99.6,,,1.1712318515192337,903.5788350283098,0.7265,2487.0,202,1,0
3455,pi4b-01,2026-07-27 08:39:24.028609+00:00,28.0,63.0,77.3,94.9,True,synth02-rest-2,synth02,sitting,synth-rest,53041.0,657.0,0.728,99.8,,,1.2386644294036688,860.3585815745074,0.7281,407.0,203,1,0
3456,pi4b-01,2026-07-27 08:39:25.028609+00:00,28.4,65.0,71.5,96.7,True,synth02-rest-2,synth02,sitting,synth-rest,53189.0,506.0,0.841,99.5,,,0.9513245219876291,906.3602975025394,0.7419,148.0,204,1,0
3457,pi4b-01,2026-07-27 08:39:26.028609+00:00,26.3,66.0,78.0,95.7,True,synth02-rest-2,synth02,sitting,synth-rest,52125.0,576.0,0.689,99.6,,,1.1050359712230218,878.2664490663152,0.73,1064.0,205,1,0
3458,pi4b-01,2026-07-27 08:39:27.028609+00:00,28.6,71.0,74.6,99.0,True,synth02-rest-2,synth02,sitting,synth-rest,50946.0,644.0,0.679,99.8,,,1.2640835394339105,972.563599748403,0.7169000000000001,1179.0,206,1,0
3459,pi4b-01,2026-07-27 08:39:28.028609+00:00,28.8,69.0,72.4,95.9,True,synth02-rest-2,synth02,sitting,synth-rest,52698.0,393.0,0.72,99.8,,,0.7457588523283616,958.2019040311366,0.7084,1752.0,207,1,0
3460,pi4b-01,2026-07-27 08:39:29.028609+00:00,26.6,63.0,74.7,99.0,True,synth02-rest-2,synth02,sitting,synth-rest,51690.0,571.0,0.862,99.4,,,1.1046624105242793,938.6399676600679,0.7187,1008.0,208,1,0
3461,pi4b-01,2026-07-27 08:39:30.028609+00:00,26.4,66.0,74.8,96.9,True,synth02-rest-2,synth02,sitting,synth-rest,53798.0,458.0,0.759,99.8,,,0.8513327632997509,1001.503980132991,0.7188000000000001,2108.0,209,1,0
3462,pi4b-01,2026-07-27 08:39:31.028609+00:00,27.8,64.0,,100.0,True,synth02-rest-2,synth02,sitting,synth-rest,51585.0,560.0,0.661,99.6,,,1.0855868954153338,1031.5449524324638,0.7165,2213.0,210,0,0
3463,pi4b-01,2026-07-27 08:39:32.028609+00:00,29.3,66.0,71.0,96.3,True,synth02-rest-2,synth02,sitting,synth-rest,52346.0,433.0,0.563,99.9,,,0.8271883238451839,910.4882939024121,0.7041,761.0,211,1,0
3464,pi4b-01,2026-07-27 08:39:33.028609+00:00,29.8,71.0,69.3,99.3,True,synth02-rest-2,synth02,sitting,synth-rest,53006.0,394.0,0.703,99.4,,,0.743312077877976,868.3861404288328,0.7205,660.0,212,1,0
3465,pi4b-01,2026-07-27 08:39:34.028609+00:00,28.4,69.0,71.8,94.9,True,synth02-rest-2,synth02,sitting,synth-rest,52676.0,419.0,0.879,99.8,,,0.7954286582124687,847.8584066798992,0.7356,330.0,213,1,0
3466,pi4b-01,2026-07-27 08:39:35.028609+00:00,29.0,73.0,73.2,97.6,True,synth02-rest-2,synth02,sitting,synth-rest,52303.0,390.0,0.75,99.7,,,0.7456551249450318,801.9849056490388,0.7264999999999999,373.0,214,1,0
3467,pi4b-01,2026-07-27 08:39:36.028609+00:00,29.2,69.0,76.2,97.6,True,synth02-rest-2,synth02,sitting,synth-rest,53716.0,381.0,0.6,99.8,,,0.7092858738550897,910.1204071745389,0.7176,1413.0,215,1,0
3468,pi4b-01,2026-07-27 08:39:37.028609+00:00,29.2,70.0,80.7,95.6,True,synth02-rest-2,synth02,sitting,synth-rest,52813.0,281.0,0.41,99.4,,,0.5320659686062144,736.1671685153949,0.6907,903.0,216,1,0
3469,pi4b-01,2026-07-27 08:39:38.028609+00:00,28.2,72.0,80.3,96.3,True,synth02-rest-2,synth02,sitting,synth-rest,53786.0,255.0,0.53,99.9,,,0.4741010671922062,817.774140239471,0.6717,973.0,217,1,0
3470,pi4b-01,2026-07-27 08:39:39.028609+00:00,26.2,73.0,79.1,98.3,True,synth02-rest-2,synth02,sitting,synth-rest,52616.0,238.0,0.645,99.9,,,0.4523338908316862,729.2949791864862,0.65,1170.0,218,1,0
3471,pi4b-01,2026-07-27 08:39:40.028609+00:00,26.8,63.0,69.9,96.8,True,synth02-rest-2,synth02,sitting,synth-rest,53402.0,398.0,0.666,99.5,,,0.7452904385603536,682.2058096107228,0.6406999999999999,786.0,219,1,0
3472,pi4b-01,2026-07-27 08:39:41.028609+00:00,28.8,64.0,70.9,94.6,True,synth02-rest-2,synth02,sitting,synth-rest,54495.0,364.0,0.639,99.7,,,0.6679511881824021,714.4317788750641,0.6385,1093.0,220,1,0
3473,pi4b-01,2026-07-27 08:39:42.028609+00:00,28.0,65.0,64.9,95.3,True,synth02-rest-2,synth02,sitting,synth-rest,52023.0,327.0,0.633,99.4,,,0.6285681333256444,759.017376466246,0.6455,2472.0,221,1,0
3474,pi4b-01,2026-07-27 08:39:43.028609+00:00,30.6,69.0,68.1,96.0,True,synth02-rest-2,synth02,sitting,synth-rest,52929.0,447.0,0.806,99.7,,,0.8445275746755087,760.2815925694415,0.6557999999999999,906.0,222,1,0
3475,pi4b-01,2026-07-27 08:39:44.028609+00:00,27.6,63.0,,97.8,True,synth02-rest-2,synth02,sitting,synth-rest,51342.0,452.0,0.721,99.6,,,0.8803708464804643,935.1640676016569,0.64,1587.0,223,0,0
3476,pi4b-01,2026-07-27 08:39:45.028609+00:00,27.5,67.0,,99.5,True,synth02-rest-2,synth02,sitting,synth-rest,53282.0,421.0,0.701,99.7,,,0.7901355054239705,911.7286633398589,0.6351,1940.0,224,0,0
3477,pi4b-01,2026-07-27 08:39:46.028609+00:00,29.7,71.0,73.6,98.3,True,synth02-rest-2,synth02,sitting,synth-rest,52190.0,460.0,0.79,99.7,,,0.8813949032381683,913.7906154523802,0.6540999999999999,1092.0,225,1,0
3478,pi4b-01,2026-07-27 08:39:47.028609+00:00,26.5,67.0,75.2,95.9,True,synth02-rest-2,synth02,sitting,synth-rest,51400.0,490.0,0.671,99.6,,,0.953307392996109,1028.6677738166293,0.6801999999999999,790.0,226,1,0
3479,pi4b-01,2026-07-27 08:39:48.028609+00:00,26.4,62.0,78.4,97.4,True,synth02-rest-2,synth02,sitting,synth-rest,50728.0,493.0,0.754,99.5,,,0.9718498659517426,1134.4142933200833,0.7026000000000001,672.0,227,1,0
3480,pi4b-01,2026-07-27 08:39:49.028609+00:00,27.0,67.0,74.0,99.8,True,synth02-rest-2,synth02,sitting,synth-rest,51308.0,429.0,0.807,99.5,,,0.8361269197785921,1186.1822466308688,0.7188,580.0,228,1,0
3481,pi4b-01,2026-07-27 08:39:50.028609+00:00,27.7,68.0,72.0,97.1,True,synth02-rest-2,synth02,sitting,synth-rest,50534.0,463.0,0.661,99.9,,,0.9162148256619306,1238.361412871444,0.7183,774.0,229,1,0
3482,pi4b-01,2026-07-27 08:39:51.028609+00:00,26.4,67.0,76.6,95.9,True,synth02-rest-2,synth02,sitting,synth-rest,50588.0,571.0,0.737,99.9,,,1.128726180121768,955.9526022653522,0.7281000000000001,54.0,230,1,0
3483,pi4b-01,2026-07-27 08:39:52.028609+00:00,30.4,66.0,74.7,97.3,True,synth02-rest-2,synth02,sitting,synth-rest,53271.0,594.0,0.797,99.8,,,1.1150532184490625,1085.3212325288227,0.7445,2683.0,231,1,0
3484,pi4b-01,2026-07-27 08:39:53.028609+00:00,30.6,66.0,80.2,98.8,True,synth02-rest-2,synth02,sitting,synth-rest,52867.0,607.0,0.77,99.9,,,1.1481642612593868,1078.036074432523,0.7409000000000001,404.0,232,1,0
3485,pi4b-01,2026-07-27 08:39:54.028609+00:00,28.0,68.0,80.3,96.1,True,synth02-rest-2,synth02,sitting,synth-rest,51156.0,583.0,0.672,99.4,,,1.139651262803972,1087.4404402592447,0.736,1711.0,233,1,0
3486,pi4b-01,2026-07-27 08:39:55.028609+00:00,27.6,73.0,,98.9,True,synth02-rest-2,synth02,sitting,synth-rest,51924.0,486.0,0.657,99.6,,,0.935983360295817,948.3186524933436,0.7316,768.0,234,0,0
3487,pi4b-01,2026-07-27 08:39:56.028609+00:00,29.5,67.0,78.7,97.9,True,synth02-rest-2,synth02,sitting,synth-rest,53181.0,397.0,0.772,99.6,,,0.746507211222053,1062.1658219569329,0.7298000000000001,1257.0,235,1,0
3488,pi4b-01,2026-07-27 08:39:57.028609+00:00,29.0,69.0,77.3,95.7,True,synth02-rest-2,synth02,sitting,synth-rest,52690.0,384.0,0.742,99.6,,,0.7287910419434428,1099.926770289777,0.7369000000000001,491.0,236,1,0
3489,pi4b-01,2026-07-27 08:39:58.028609+00:00,27.1,67.0,75.9,96.3,True,synth02-rest-2,synth02,sitting,synth-rest,51190.0,334.0,0.815,99.8,,,0.6524711857784723,1057.6335691848863,0.743,1500.0,237,1,0
3490,pi4b-01,2026-07-27 08:39:59.028609+00:00,30.4,72.0,81.4,98.0,True,synth02-rest-2,synth02,sitting,synth-rest,52176.0,380.0,0.745,99.7,,,0.7283042011652867,1041.8032497123424,0.7368,986.0,238,1,0
3491,pi4b-01,2026-07-27 08:40:00.028609+00:00,28.2,71.0,80.2,96.9,True,synth02-rest-2,synth02,sitting,synth-rest,53226.0,376.0,0.729,99.6,,,0.7064216736181566,978.9542549748643,0.7436,1050.0,239,1,0
3492,pi4b-01,2026-07-27 08:40:01.028609+00:00,30.2,67.0,74.9,95.5,True,synth02-rest-2,synth02,sitting,synth-rest,52023.0,450.0,0.752,99.6,,,0.8650020183380428,801.0286719795846,0.7451,1203.0,240,1,0
3493,pi4b-01,2026-07-27 08:40:02.028609+00:00,26.4,67.0,75.6,100.0,True,synth02-rest-2,synth02,sitting,synth-rest,52630.0,400.0,0.832,99.9,,,0.7600228006840205,744.6137029807583,0.7485999999999999,607.0,241,1,0
3494,pi4b-01,2026-07-27 08:40:03.028609+00:00,28.9,70.0,82.3,94.9,True,synth02-rest-2,synth02,sitting,synth-rest,52443.0,472.0,0.733,99.8,,,0.9000247888183361,720.8306088580875,0.7449,187.0,242,1,0
3495,pi4b-01,2026-07-27 08:40:04.028609+00:00,28.8,66.0,87.0,96.6,True,synth02-rest-2,synth02,sitting,synth-rest,52262.0,274.0,0.727,99.8,,,0.5242815047261873,607.9664190288063,0.7504,181.0,243,1,0
3496,pi4b-01,2026-07-27 08:40:05.028609+00:00,27.2,67.0,80.3,96.5,True,synth02-rest-2,synth02,sitting,synth-rest,51566.0,247.0,0.718,99.5,,,0.47899778924097275,646.7451928267359,0.7565,696.0,244,1,0
3497,pi4b-01,2026-07-27 08:40:06.028609+00:00,27.9,65.0,82.6,95.5,True,synth02-rest-2,synth02,sitting,synth-rest,52904.0,282.0,0.737,99.4,,,0.5330409798880992,611.6404172387973,0.7529999999999999,1338.0,245,1,0
3498,pi4b-01,2026-07-27 08:40:07.028609+00:00,29.5,74.0,80.0,96.1,True,synth02-rest-2,synth02,sitting,synth-rest,51485.0,293.0,0.671,99.8,,,0.5690977954744101,646.3889867736659,0.7459,1419.0,246,1,0
3499,pi4b-01,2026-07-27 08:40:08.028609+00:00,27.4,67.0,80.5,96.9,True,synth02-rest-2,synth02,sitting,synth-rest,53342.0,376.0,0.674,99.6,,,0.7048854561133816,634.4034906027309,0.7318,1857.0,247,1,0
3500,pi4b-01,2026-07-27 08:40:09.028609+00:00,26.9,70.0,80.3,100.0,True,synth02-rest-2,synth02,sitting,synth-rest,53128.0,315.0,0.662,99.5,,,0.5929076946243036,666.7112401765906,0.7235,214.0,248,1,0
3501,pi4b-01,2026-07-27 08:40:10.028609+00:00,30.9,67.0,75.2,95.3,True,synth02-rest-2,synth02,sitting,synth-rest,50919.0,282.0,0.77,99.6,,,0.5538207741707417,777.8137166300396,0.7276,2209.0,249,1,0
3502,pi4b-01,2026-07-27 08:40:11.028609+00:00,26.7,67.0,75.3,99.1,True,synth02-rest-2,synth02,sitting,synth-rest,52831.0,412.0,0.612,99.5,,,0.7798451666635119,791.1349091302267,0.7136,1912.0,250,1,0
3503,pi4b-01,2026-07-27 08:40:12.028609+00:00,29.1,69.0,77.4,97.5,True,synth02-rest-2,synth02,sitting,synth-rest,51928.0,425.0,0.722,99.5,,,0.8184409181944231,794.7646472034984,0.7026,903.0,251,1,0
3504,pi4b-01,2026-07-27 08:40:13.028609+00:00,29.2,65.0,71.9,98.7,True,synth02-rest-2,synth02,sitting,synth-rest,50547.0,432.0,0.805,99.9,,,0.8546501276040122,960.6207252489719,0.7098,1381.0,252,1,0
3505,pi4b-01,2026-07-27 08:40:14.028609+00:00,29.3,73.0,82.3,95.1,True,synth02-rest-2,synth02,sitting,synth-rest,51847.0,351.0,0.683,99.6,,,0.6769919185295195,961.386042244379,0.7054,1300.0,253,1,0
3506,pi4b-01,2026-07-27 08:40:15.028609+00:00,30.7,72.0,81.2,95.5,True,synth02-rest-2,synth02,sitting,synth-rest,52612.0,405.0,0.646,99.7,,,0.7697863605261157,959.8131820539448,0.6982,765.0,254,1,0
3507,pi4b-01,2026-07-27 08:40:16.028609+00:00,26.9,64.0,82.7,99.9,True,synth02-rest-2,synth02,sitting,synth-rest,53097.0,346.0,0.758,99.4,,,0.6516375689775317,978.3251220552996,0.7003,485.0,255,1,0
3508,pi4b-01,2026-07-27 08:40:17.028609+00:00,28.3,69.0,80.1,97.7,True,synth02-rest-2,synth02,sitting,synth-rest,50577.0,352.0,0.715,99.8,,,0.6959685232417898,1085.5922909740596,0.7047,2520.0,256,1,0
3509,pi4b-01,2026-07-27 08:40:18.028609+00:00,26.2,69.0,79.3,97.8,True,synth02-rest-2,synth02,sitting,synth-rest,52075.0,287.0,0.783,99.5,,,0.5511281805088813,992.222135747217,0.7156,1498.0,257,1,0
3510,pi4b-01,2026-07-27 08:40:19.028609+00:00,29.3,69.0,69.2,98.2,True,synth02-rest-2,synth02,sitting,synth-rest,50943.0,265.0,0.753,99.5,,,0.5201892311014271,944.9363529419561,0.7247,1132.0,258,1,0
3511,pi4b-01,2026-07-27 08:40:20.028609+00:00,27.2,65.0,74.4,96.8,True,synth02-rest-2,synth02,sitting,synth-rest,51768.0,315.0,0.602,99.8,,,0.6084840055632823,900.3012150263374,0.7079000000000001,825.0,259,1,0
3512,pi4b-01,2026-07-27 08:40:21.028609+00:00,27.3,72.0,73.7,95.9,True,synth02-rest-2,synth02,sitting,synth-rest,52655.0,354.0,0.702,99.5,,,0.6723008261323711,879.8842663795883,0.7169000000000001,887.0,260,1,0
3513,pi4b-01,2026-07-27 08:40:22.028609+00:00,29.5,63.0,69.3,97.2,True,synth02-rest-2,synth02,sitting,synth-rest,51772.0,354.0,0.689,99.9,,,0.6837672873367844,878.8415417785404,0.7136,883.0,261,1,0
3514,pi4b-01,2026-07-27 08:40:23.028609+00:00,29.8,73.0,69.7,94.4,True,synth02-rest-2,synth02,sitting,synth-rest,53196.0,318.0,0.733,99.5,,,0.5977893074667269,861.8479886590452,0.7064,1424.0,262,1,0
3515,pi4b-01,2026-07-27 08:40:24.028609+00:00,27.3,72.0,73.4,97.5,True,synth02-rest-2,synth02,sitting,synth-rest,51281.0,382.0,0.782,99.7,,,0.7449152707630506,894.9182706321322,0.7163,1915.0,263,1,0
3516,pi4b-01,2026-07-27 08:40:25.028609+00:00,26.9,69.0,80.8,96.3,True,synth02-rest-2,synth02,sitting,synth-rest,52470.0,267.0,0.707,99.5,,,0.5088622069754145,885.159521090902,0.7224,1189.0,264,1,0
3517,pi4b-01,2026-07-27 08:40:26.028609+00:00,28.6,66.0,78.5,97.7,True,synth02-rest-2,synth02,sitting,synth-rest,53533.0,286.0,0.699,99.9,,,0.5342499019296508,954.1553565560142,0.7165,1063.0,265,1,0
3518,pi4b-01,2026-07-27 08:40:27.028609+00:00,28.7,68.0,,93.0,True,synth02-rest-2,synth02,sitting,synth-rest,52774.0,363.0,0.747,99.9,,,0.687838708454921,827.7506401219376,0.7197,759.0,266,0,0
3519,pi4b-01,2026-07-27 08:40:28.028609+00:00,30.5,63.0,81.5,95.8,True,synth02-rest-2,synth02,sitting,synth-rest,53553.0,307.0,0.637,99.5,,,0.5732638694377533,920.4485923239517,0.7051000000000001,779.0,267,1,0
3520,pi4b-01,2026-07-27 08:40:29.028609+00:00,27.0,72.0,82.1,93.9,True,synth02-rest-2,synth02,sitting,synth-rest,52556.0,288.0,0.614,99.7,,,0.5479869092016135,766.2378220892057,0.6912,997.0,268,1,0
3521,pi4b-01,2026-07-27 08:40:30.028609+00:00,30.9,65.0,81.7,98.1,True,synth02-rest-2,synth02,sitting,synth-rest,52204.0,254.0,0.668,99.6,,,0.48655275457819325,727.8742565397789,0.6978000000000001,352.0,269,1,0
3522,pi4b-01,2026-07-27 08:40:31.028609+00:00,29.0,71.0,70.6,96.2,True,synth02-rest-2,synth02,sitting,synth-rest,52619.0,191.0,0.664,99.8,,,0.36298675383416634,727.6577034109764,0.694,415.0,270,1,0
3523,pi4b-01,2026-07-27 08:40:32.028609+00:00,27.8,72.0,78.5,95.4,True,synth02-rest-2,synth02,sitting,synth-rest,55061.0,196.0,0.601,99.8,,,0.35596883456530026,1004.555407464725,0.6852,2442.0,271,1,0
3524,pi4b-01,2026-07-27 08:40:33.028609+00:00,26.1,63.0,81.1,94.2,True,synth02-rest-2,synth02,sitting,synth-rest,54763.0,213.0,0.631,99.4,,,0.38894874276427516,1161.5305228686343,0.675,298.0,272,1,0
3525,pi4b-01,2026-07-27 08:40:34.028609+00:00,28.4,67.0,76.6,97.5,True,synth02-rest-2,synth02,sitting,synth-rest,54133.0,240.0,0.659,99.8,,,0.4433524836975597,1010.6879065489632,0.6627,630.0,273,1,0
3526,pi4b-01,2026-07-27 08:40:35.028609+00:00,27.5,70.0,81.0,96.5,True,synth02-rest-2,synth02,sitting,synth-rest,52504.0,311.0,0.568,99.5,,,0.592335822032607,1007.3883726414626,0.6487999999999999,1629.0,274,1,0
3527,pi4b-01,2026-07-27 08:40:36.028609+00:00,29.3,65.0,86.3,94.8,True,synth02-rest-2,synth02,sitting,synth-rest,53300.0,273.0,0.501,99.8,,,0.5121951219512195,1005.892864849652,0.629,796.0,275,1,0
3528,pi4b-01,2026-07-27 08:40:37.028609+00:00,28.6,70.0,81.3,99.5,True,synth02-rest-2,synth02,sitting,synth-rest,53417.0,224.0,0.452,99.8,,,0.41934215699122,985.5622196943043,0.5995,117.0,276,1,0
3529,pi4b-01,2026-07-27 08:40:38.028609+00:00,28.3,72.0,83.9,93.7,True,synth02-rest-2,synth02,sitting,synth-rest,52182.0,308.0,0.601,99.6,,,0.590241845847227,1056.4252563348325,0.5959,1235.0,277,1,0
3530,pi4b-01,2026-07-27 08:40:39.028609+00:00,29.5,71.0,82.6,95.9,True,synth02-rest-2,synth02,sitting,synth-rest,54016.0,331.0,0.517,99.6,,,0.6127813981042655,1047.0318312044915,0.5862,1834.0,278,1,0
3531,pi4b-01,2026-07-27 08:40:40.028609+00:00,27.3,70.0,75.8,97.5,True,synth02-rest-2,synth02,sitting,synth-rest,51909.0,261.0,0.723,99.5,,,0.5028029821418251,1088.433349156224,0.5917,2107.0,279,1,0
3532,pi4b-01,2026-07-27 08:40:41.028609+00:00,28.6,68.0,69.3,96.6,True,synth02-rest-2,synth02,sitting,synth-rest,53425.0,359.0,0.619,99.7,,,0.671970051474029,1054.2696260655114,0.5871999999999999,1516.0,280,1,0
3533,pi4b-01,2026-07-27 08:40:42.028609+00:00,29.7,74.0,68.8,96.0,True,synth02-rest-2,synth02,sitting,synth-rest,52205.0,406.0,0.565,99.8,,,0.7777032851259458,958.1430187839136,0.5836,1220.0,281,1,0
3534,pi4b-01,2026-07-27 08:40:43.028609+00:00,30.8,69.0,70.8,96.4,True,synth02-rest-2,synth02,sitting,synth-rest,53759.0,394.0,0.715,99.5,,,0.7329005375844044,816.6146922236187,0.592,1554.0,282,1,0
3535,pi4b-01,2026-07-27 08:40:44.028609+00:00,28.3,73.0,73.0,95.6,True,synth02-rest-2,synth02,sitting,synth-rest,53296.0,322.0,0.66,99.8,,,0.6041729210447313,736.1986522369394,0.5921,463.0,283,1,0
3536,pi4b-01,2026-07-27 08:40:45.028609+00:00,27.5,72.0,,96.3,True,synth02-rest-2,synth02,sitting,synth-rest,53463.0,388.0,0.667,99.5,,,0.7257355554308587,726.6198455863411,0.6020000000000001,167.0,284,0,0
3537,pi4b-01,2026-07-27 08:40:46.028609+00:00,27.0,65.0,76.4,95.7,True,synth02-rest-2,synth02,sitting,synth-rest,54358.0,421.0,0.659,99.9,,,0.7744950145332794,829.2124777963957,0.6178,895.0,285,1,0
3538,pi4b-01,2026-07-27 08:40:47.028609+00:00,27.6,69.0,80.3,94.8,True,synth02-rest-2,synth02,sitting,synth-rest,54282.0,355.0,0.544,99.4,,,0.6539921152499908,896.4102793301639,0.627,76.0,286,1,0
3539,pi4b-01,2026-07-27 08:40:48.028609+00:00,28.9,66.0,77.1,93.2,True,synth02-rest-2,synth02,sitting,synth-rest,52426.0,305.0,0.515,99.6,,,0.581772403006142,865.7100425533183,0.6184000000000001,1856.0,287,1,0
3540,pi4b-01,2026-07-27 08:40:49.028609+00:00,28.1,67.0,,95.8,True,synth02-rest-2,synth02,sitting,synth-rest,54345.0,308.0,0.71,99.7,,,0.5667494709724906,900.8936057541839,0.6376999999999999,1919.0,288,0,0
3541,pi4b-01,2026-07-27 08:40:50.028609+00:00,27.2,64.0,74.9,96.0,True,synth02-rest-2,synth02,sitting,synth-rest,54698.0,352.0,0.736,99.4,,,0.6435335844089363,835.6703297352669,0.639,353.0,289,1,0
3542,pi4b-01,2026-07-27 08:40:51.028609+00:00,29.9,67.0,80.3,98.1,True,synth02-rest-2,synth02,sitting,synth-rest,53689.0,353.0,0.719,99.8,,,0.6574903611540539,832.7905498982602,0.649,1009.0,290,1,0
3543,pi4b-01,2026-07-27 08:40:52.028609+00:00,28.1,69.0,77.4,97.7,True,synth02-rest-2,synth02,sitting,synth-rest,53570.0,343.0,0.53,99.8,,,0.6402837408997574,664.0097388842767,0.6455,119.0,291,1,0
3544,pi4b-01,2026-07-27 08:40:53.028609+00:00,28.3,64.0,,96.9,True,synth02-rest-2,synth02,sitting,synth-rest,55698.0,227.0,0.513,99.7,,,0.4075550289058853,896.7311315115778,0.6253,2128.0,292,0,0
3545,pi4b-01,2026-07-27 08:40:54.028609+00:00,28.6,63.0,79.7,98.5,True,synth02-rest-2,synth02,sitting,synth-rest,53117.0,201.0,0.475,99.5,,,0.37840992525933315,913.5853910097734,0.6068,2581.0,293,1,0
3546,pi4b-01,2026-07-27 08:40:55.028609+00:00,30.1,63.0,79.7,95.6,True,synth02-rest-2,synth02,sitting,synth-rest,55031.0,204.0,0.378,99.7,,,0.370700150824081,951.693718237718,0.5779,1914.0,294,1,0
3547,pi4b-01,2026-07-27 08:40:56.028609+00:00,26.2,74.0,81.3,94.2,True,synth02-rest-2,synth02,sitting,synth-rest,54709.0,204.0,0.397,99.5,,,0.37288197554332925,967.7271481844097,0.5517000000000001,322.0,295,1,0
3548,pi4b-01,2026-07-27 08:40:57.028609+00:00,30.0,64.0,76.9,95.0,True,synth02-rest-2,synth02,sitting,synth-rest,56530.0,180.0,0.654,99.7,,,0.3184150008844861,1226.5971040057664,0.5627000000000001,1821.0,296,1,0
3549,pi4b-01,2026-07-27 08:40:58.028609+00:00,26.2,64.0,75.8,92.9,True,synth02-rest-2,synth02,sitting,synth-rest,55259.0,206.0,0.647,99.8,,,0.3727899527678749,1037.381018612511,0.5759000000000001,1271.0,297,1,0
3550,pi4b-01,2026-07-27 08:40:59.028609+00:00,29.4,70.0,74.7,95.3,True,synth02-rest-2,synth02,sitting,synth-rest,55166.0,214.0,0.553,99.4,,,0.3879200957111264,1041.7553615571555,0.5602,93.0,298,1,0
3551,pi4b-01,2026-07-27 08:41:00.028609+00:00,26.4,63.0,81.9,94.3,True,synth02-rest-2,synth02,sitting,synth-rest,54914.0,181.0,0.656,99.9,,,0.32960629347707326,1042.8721078507556,0.5522,252.0,299,1,0
3552,pi4b-01,2026-07-27 08:41:01.028609+00:00,28.8,63.0,73.4,96.3,True,synth02-rest-2,synth02,sitting,synth-rest,55724.0,213.0,0.581,99.9,,,0.38224104515110185,1006.7876086288588,0.5384,810.0,300,1,0
3553,pi4b-01,2026-07-27 08:41:02.028609+00:00,26.3,70.0,72.9,94.9,True,synth02-rest-2,synth02,sitting,synth-rest,55718.0,260.0,0.492,99.6,,,0.4666355576294913,897.7114359424922,0.5346,6.0,301,1,0
3554,pi4b-01,2026-07-27 08:41:03.028609+00:00,27.8,68.0,70.2,93.2,True,synth02-rest-2,synth02,sitting,synth-rest,54262.0,231.0,0.587,99.7,,,0.42571228484021967,921.3587791950108,0.542,1456.0,302,1,0
3555,pi4b-01,2026-07-27 08:41:04.028609+00:00,27.9,68.0,76.5,96.7,True,synth02-rest-2,synth02,sitting,synth-rest,55132.0,301.0,0.461,99.7,,,0.5459624174707973,626.5017956875332,0.5406,870.0,303,1,0
3556,pi4b-01,2026-07-27 08:41:05.028609+00:00,28.7,71.0,67.7,96.5,True,synth02-rest-2,synth02,sitting,synth-rest,53191.0,279.0,0.668,99.8,,,0.5245248256283958,904.6337810282657,0.5696,1941.0,304,1,0
3557,pi4b-01,2026-07-27 08:41:06.028609+00:00,29.0,69.0,71.6,97.3,True,synth02-rest-2,synth02,sitting,synth-rest,53479.0,303.0,0.745,99.9,,,0.5665775351072383,1032.3414863523471,0.6043999999999999,288.0,305,1,0
3558,pi4b-01,2026-07-27 08:41:07.028609+00:00,31.0,66.0,72.3,95.9,True,synth02-rest-2,synth02,sitting,synth-rest,53528.0,385.0,0.672,99.8,,,0.7192497384546406,951.080911384386,0.6062,49.0,306,1,0
3559,pi4b-01,2026-07-27 08:41:08.028609+00:00,29.9,68.0,69.5,97.5,True,synth02-rest-2,synth02,sitting,synth-rest,54243.0,315.0,0.696,99.6,,,0.5807200929152149,931.3508767136681,0.6111,715.0,307,1,0
2,pi4b-01,2026-07-27 20:45:19.357239+00:00,26.2,69.0,,,True,test-run-1,,,,0.0,0.0,0.0,0.0,,,0.0,0.0,0.0,0.0,0,0,0
3,pi4b-01,2026-07-27 20:45:20.329096+00:00,26.2,69.0,,,True,test-run-1,,,,0.0,0.0,0.0,0.0,,,0.0,0.0,0.0,0.0,1,0,0
4,pi4b-01,2026-07-27 20:45:21.336083+00:00,26.2,69.0,,84.3194,True,test-run-1,,,,0.0,0.0,0.0,0.0,,,0.0,0.0,0.0,0.0,2,0,0
5,pi4b-01,2026-07-27 20:45:22.356868+00:00,26.7,69.0,,83.671,True,test-run-1,,,,0.0,0.0,0.0,0.0,,,0.0,0.0,0.0,0.0,3,0,0
6,pi4b-01,2026-07-27 20:45:23.333926+00:00,26.7,69.0,,83.7129,True,test-run-1,,,,0.0,0.0,0.0,0.0,,,0.0,0.0,0.0,0.0,4,0,0
7,pi4b-01,2026-07-27 20:45:24.331888+00:00,26.7,69.0,,84.0847,True,test-run-1,,,,0.0,0.0,0.0,0.0,,,0.0,0.0,0.0,0.0,5,0,0
8,pi4b-01,2026-07-27 20:45:25.364125+00:00,26.7,69.0,,84.5846,True,test-run-1,,,,0.0,0.0,0.0,0.0,,,0.0,0.0,0.0,0.0,6,0,0
9,pi4b-01,2026-07-27 20:45:26.333676+00:00,26.7,69.0,,85.1069,True,test-run-1,,,,0.0,0.0,0.0,0.0,,,0.0,0.0,0.0,0.0,7,0,0
10,pi4b-01,2026-07-27 20:45:27.330006+00:00,26.7,69.0,,85.1669,True,test-run-1,,,,0.0,0.0,0.0,0.0,,,0.0,0.0,0.0,0.0,8,0,0
11,pi4b-01,2026-07-27 20:45:28.359556+00:00,26.7,69.0,,84.9681,True,test-run-1,,,,0.0,0.0,0.0,0.0,,,0.0,0.0,0.0,0.0,9,0,0
12,pi4b-01,2026-07-27 20:45:29.330269+00:00,26.7,69.0,,84.8251,True,test-run-1,,,,0.0,0.0,0.0,0.0,,,0.0,0.0,0.0,0.0,10,0,0
13,pi4b-01,2026-07-27 20:45:30.329813+00:00,26.7,69.0,,84.8031,True,test-run-1,,,,0.0,0.0,0.0,0.0,,,0.0,0.0,0.0,0.0,11,0,0
14,pi4b-01,2026-07-27 20:45:31.361781+00:00,26.7,69.0,,84.8386,True,test-run-1,,,,0.0,0.0,0.0,0.0,,,0.0,0.0,0.0,0.0,12,0,0
15,pi4b-01,2026-07-27 20:45:32.335588+00:00,26.7,69.0,,84.9707,True,test-run-1,,,,0.0,0.0,0.0,0.0,,,0.0,0.0,0.0,0.0,13,0,0
16,pi4b-01,2026-07-27 20:45:33.334733+00:00,26.7,69.0,,84.2121,True,test-run-1,,,,0.0,0.0,0.0,0.0,,,0.0,0.0,0.0,0.0,14,0,0
17,pi4b-01,2026-07-27 20:45:34.354997+00:00,26.7,69.0,,84.2505,True,test-run-1,,,,0.0,0.0,0.0,0.0,,,0.0,0.0,0.0,0.0,15,0,0
18,pi4b-01,2026-07-27 20:45:35.330002+00:00,26.7,69.0,,84.1639,True,test-run-1,,,,0.0,0.0,0.0,0.0,,,0.0,0.0,0.0,0.0,16,0,0
19,pi4b-01,2026-07-27 20:45:36.329533+00:00,26.7,69.0,,,False,test-run-1,,,,0.0,0.0,0.0,0.0,,,0.0,0.0,0.0,0.0,17,0,0
20,pi4b-01,2026-07-27 20:45:37.355566+00:00,26.7,69.0,,,False,test-run-1,,,,0.0,0.0,0.0,0.0,,,0.0,0.0,0.0,0.0,18,0,0
21,pi4b-01,2026-07-27 20:45:38.329207+00:00,26.7,69.0,,,False,test-run-1,,,,0.0,0.0,0.0,0.0,,,0.0,0.0,0.0,0.0,19,0,0
22,pi4b-01,2026-07-27 20:45:39.333721+00:00,26.7,69.0,,,False,test-run-1,,,,0.0,0.0,0.0,0.0,,,0.0,0.0,0.0,0.0,20,0,0
23,pi4b-01,2026-07-27 20:45:40.353386+00:00,26.7,69.0,,,False,test-run-1,,,,0.0,0.0,0.0,0.0,,,0.0,0.0,0.0,0.0,21,0,0
24,pi4b-01,2026-07-27 20:45:41.328818+00:00,26.7,69.0,,,False,test-run-1,,,,0.0,0.0,0.0,0.0,,,0.0,0.0,0.0,0.0,22,0,0
25,pi4b-01,2026-07-27 20:45:42.334939+00:00,26.7,69.0,,82.1098,True,test-run-1,,,,0.0,0.0,0.0,0.0,,,0.0,0.0,0.0,0.0,23,0,0
26,pi4b-01,2026-07-27 20:45:43.359371+00:00,26.7,69.0,,81.9439,True,test-run-1,,,,0.0,0.0,0.0,0.0,,,0.0,0.0,0.0,0.0,24,0,0
27,pi4b-01,2026-07-27 20:45:44.337111+00:00,26.7,69.0,,81.6343,True,test-run-1,,,,0.0,0.0,0.0,0.0,,,0.0,0.0,0.0,0.0,25,0,0
28,pi4b-01,2026-07-27 20:45:45.332265+00:00,26.7,69.0,,82.8056,True,test-run-1,,,,0.0,0.0,0.0,0.0,,,0.0,0.0,0.0,0.0,26,0,0
29,pi4b-01,2026-07-27 20:45:46.358428+00:00,26.7,69.0,,84.9616,True,test-run-1,,,,0.0,0.0,0.0,0.0,,,0.0,0.0,0.0,0.0,27,0,0
30,pi4b-01,2026-07-27 20:45:47.333999+00:00,26.7,69.0,,84.8426,True,test-run-1,,,,0.0,0.0,0.0,0.0,,,0.0,0.0,0.0,0.0,28,0,0
31,pi4b-01,2026-07-27 20:45:48.329606+00:00,26.7,69.0,,84.9789,True,test-run-1,,,,0.0,0.0,0.0,0.0,,,0.0,0.0,0.0,0.0,29,0,0
32,pi4b-01,2026-07-27 20:45:49.359604+00:00,26.7,69.0,,84.9849,True,test-run-1,,,,0.0,0.0,0.0,0.0,,,0.0,0.0,0.0,0.0,30,0,0
33,pi4b-01,2026-07-27 20:45:50.335947+00:00,26.7,69.0,,84.9299,True,test-run-1,,,,0.0,0.0,0.0,0.0,,,0.0,0.0,0.0,0.0,31,0,0
34,pi4b-01,2026-07-27 20:45:51.333440+00:00,26.7,69.0,,84.8131,True,test-run-1,,,,0.0,0.0,0.0,0.0,,,0.0,0.0,0.0,0.0,32,0,0
35,pi4b-01,2026-07-27 20:45:52.359637+00:00,26.7,69.0,,84.9647,True,test-run-1,,,,0.0,0.0,0.0,0.0,,,0.0,0.0,0.0,0.0,33,0,0
36,pi4b-01,2026-07-27 20:45:53.332666+00:00,26.7,69.0,,85.0313,True,test-run-1,,,,0.0,0.0,0.0,0.0,,,0.0,0.0,0.0,0.0,34,0,0
37,pi4b-01,2026-07-27 20:45:54.329266+00:00,26.7,69.0,,85.0178,True,test-run-1,,,,0.0,0.0,0.0,0.0,,,0.0,0.0,0.0,0.0,35,0,0
38,pi4b-01,2026-07-27 20:45:55.355534+00:00,26.7,69.0,,85.1183,True,test-run-1,,,,0.0,0.0,0.0,0.0,,,0.0,0.0,0.0,0.0,36,0,0
44,pi4b-01,2026-07-27 20:45:55.355534+00:00,26.7,69.0,,85.1183,True,test-run-1,,,,0.0,0.0,0.0,0.0,,,0.0,0.0,0.0,0.0,37,0,0
39,pi4b-01,2026-07-27 20:45:56.337674+00:00,26.7,69.0,,84.9057,True,test-run-1,,,,0.0,0.0,0.0,0.0,,,0.0,0.0,0.0,0.0,38,0,0
45,pi4b-01,2026-07-27 20:45:56.337674+00:00,26.7,69.0,,84.9057,True,test-run-1,,,,0.0,0.0,0.0,0.0,,,0.0,0.0,0.0,0.0,39,0,0
40,pi4b-01,2026-07-27 20:45:57.337610+00:00,26.7,69.0,,84.6291,True,test-run-1,,,,0.0,0.0,0.0,0.0,,,0.0,0.0,0.0,0.0,40,0,0
46,pi4b-01,2026-07-27 20:45:57.337610+00:00,26.7,69.0,,84.6291,True,test-run-1,,,,0.0,0.0,0.0,0.0,,,0.0,0.0,0.0,0.0,41,0,0
41,pi4b-01,2026-07-27 20:45:58.355274+00:00,26.7,69.0,,84.6767,True,test-run-1,,,,0.0,0.0,0.0,0.0,,,0.0,0.0,0.0,0.0,42,0,0
47,pi4b-01,2026-07-27 20:45:58.355274+00:00,26.7,69.0,,84.6767,True,test-run-1,,,,0.0,0.0,0.0,0.0,,,0.0,0.0,0.0,0.0,43,0,0
42,pi4b-01,2026-07-27 20:45:59.335104+00:00,26.7,69.0,,84.2652,True,test-run-1,,,,0.0,0.0,0.0,0.0,,,0.0,0.0,0.0,0.0,44,0,0
48,pi4b-01,2026-07-27 20:45:59.335104+00:00,26.7,69.0,,84.2652,True,test-run-1,,,,0.0,0.0,0.0,0.0,,,0.0,0.0,0.0,0.0,45,0,0
43,pi4b-01,2026-07-27 20:46:00.330840+00:00,26.7,69.0,,83.4841,True,test-run-1,,,,0.0,0.0,0.0,0.0,,,0.0,0.0,0.0,0.0,46,0,0
49,pi4b-01,2026-07-27 20:46:00.330840+00:00,26.7,69.0,,83.4841,True,test-run-1,,,,0.0,0.0,0.0,0.0,,,0.0,0.0,0.0,0.0,47,0,0
50,pi4b-01,2026-07-27 20:55:11.305348+00:00,26.7,69.0,,,True,test-run-1,,,,0.0,0.0,0.0,0.0,,,0.0,0.0,0.0,0.0,48,0,0
51,pi4b-01,2026-07-27 20:55:12.281295+00:00,26.7,69.0,,,True,test-run-1,,,,0.0,0.0,0.0,0.0,,,0.0,0.0,0.0,0.0,49,0,0
52,pi4b-01,2026-07-27 20:55:13.285252+00:00,26.7,69.0,,93.8182,True,test-run-1,,,,0.0,0.0,0.0,0.0,,,0.0,0.0,0.0,0.0,50,0,0
53,pi4b-01,2026-07-27 20:55:14.311652+00:00,28.9,68.0,,80.5251,True,test-run-1,,,,0.0,0.0,0.0,0.0,,,0.0,0.0,0.0,0.0,51,0,0
54,pi4b-01,2026-07-27 20:55:15.283353+00:00,28.9,68.0,,72.7378,True,test-run-1,,,,0.0,0.0,0.0,0.0,,,0.0,0.0,0.0,0.0,52,0,0
55,pi4b-01,2026-07-27 20:55:16.326878+00:00,28.9,68.0,104.041,89.846,True,test-run-1,,,,0.0,0.0,0.0,0.0,,,0.0,0.0,0.0,0.0,53,1,0
56,pi4b-01,2026-07-27 20:55:17.308728+00:00,28.9,70.0,102.831,91.498,True,test-run-1,,,,0.0,0.0,0.0,0.0,,,0.0,0.0,0.0,0.0,54,1,0
57,pi4b-01,2026-07-27 20:55:18.288401+00:00,28.9,70.0,101.622,91.6694,True,test-run-1,,,,0.0,0.0,0.0,0.0,,,0.0,0.0,0.0,0.0,55,1,0
58,pi4b-01,2026-07-27 20:55:19.288141+00:00,28.9,70.0,,97.8776,True,test-run-1,,,,0.0,0.0,0.0,0.0,,,0.0,0.0,0.0,0.0,56,0,0
59,pi4b-01,2026-07-27 20:55:20.316879+00:00,29.3,70.0,,96.3826,True,test-run-1,,,,0.0,0.0,0.0,0.0,,,0.0,0.0,0.0,0.0,57,0,0
60,pi4b-01,2026-07-27 20:55:21.287605+00:00,29.3,70.0,,84.8969,True,test-run-1,,,,0.0,0.0,0.0,0.0,,,0.0,0.0,0.0,0.0,58,0,0
61,pi4b-01,2026-07-27 20:55:22.282104+00:00,29.3,70.0,101.575,91.5204,True,test-run-1,,,,0.0,0.0,0.0,0.0,,,0.0,0.0,0.0,0.0,59,1,0
62,pi4b-01,2026-07-27 20:55:23.310447+00:00,29.3,71.0,101.528,93.3165,True,test-run-1,,,,0.0,0.0,0.0,0.0,,,0.0,0.0,0.0,0.0,60,1,0
63,pi4b-01,2026-07-27 20:55:24.286983+00:00,29.3,71.0,100.532,94.7851,True,test-run-1,,,,0.0,0.0,0.0,0.0,,,0.0,0.0,0.0,0.0,61,1,0
64,pi4b-01,2026-07-27 20:55:25.284104+00:00,29.3,71.0,99.5359,95.7907,True,test-run-1,,,,0.0,0.0,0.0,0.0,,,0.0,0.0,0.0,0.0,62,1,0
65,pi4b-01,2026-07-27 20:55:26.316351+00:00,29.3,72.0,97.3533,99.6987,True,test-run-1,,,,0.0,0.0,0.0,0.0,,,0.0,0.0,0.0,0.0,63,1,0
66,pi4b-01,2026-07-27 20:55:27.282502+00:00,29.3,72.0,96.7976,99.058,True,test-run-1,,,,0.0,0.0,0.0,0.0,,,0.0,0.0,0.0,0.0,64,1,0
67,pi4b-01,2026-07-27 20:55:28.286245+00:00,29.3,72.0,92.0737,99.2764,True,test-run-1,,,,0.0,0.0,0.0,0.0,,,0.0,0.0,0.0,0.0,65,1,0
68,pi4b-01,2026-07-27 20:55:29.311315+00:00,29.8,72.0,86.3896,97.8071,True,test-run-1,,,,0.0,0.0,0.0,0.0,,,0.0,0.0,0.0,0.0,66,1,0
69,pi4b-01,2026-07-27 20:55:30.286848+00:00,29.8,72.0,86.3896,91.8464,True,test-run-1,,,,0.0,0.0,0.0,0.0,,,0.0,0.0,0.0,0.0,67,1,0
70,pi4b-01,2026-07-27 20:55:31.286784+00:00,29.8,72.0,86.3896,92.9412,True,test-run-1,,,,0.0,0.0,0.0,0.0,,,0.0,0.0,0.0,0.0,68,1,0
81,pi4b-01,2026-07-27 20:55:31.286784+00:00,29.8,72.0,86.3896,92.9412,True,test-run-1,,,,0.0,0.0,0.0,0.0,,,0.0,0.0,0.0,0.0,69,1,0
71,pi4b-01,2026-07-27 20:55:32.312610+00:00,29.8,72.0,86.3896,93.7068,True,test-run-1,,,,0.0,0.0,0.0,0.0,,,0.0,0.0,0.0,0.0,70,1,0
82,pi4b-01,2026-07-27 20:55:32.312610+00:00,29.8,72.0,86.3896,93.7068,True,test-run-1,,,,0.0,0.0,0.0,0.0,,,0.0,0.0,0.0,0.0,71,1,0
72,pi4b-01,2026-07-27 20:55:33.283763+00:00,29.8,72.0,86.7863,94.025,True,test-run-1,,,,0.0,0.0,0.0,0.0,,,0.0,0.0,0.0,0.0,72,1,0
83,pi4b-01,2026-07-27 20:55:33.283763+00:00,29.8,72.0,86.7863,94.025,True,test-run-1,,,,0.0,0.0,0.0,0.0,,,0.0,0.0,0.0,0.0,73,1,0
73,pi4b-01,2026-07-27 20:55:34.283830+00:00,29.8,72.0,90.0736,97.4308,True,test-run-1,,,,0.0,0.0,0.0,0.0,,,0.0,0.0,0.0,0.0,74,1,0
84,pi4b-01,2026-07-27 20:55:34.283830+00:00,29.8,72.0,90.0736,97.4308,True,test-run-1,,,,0.0,0.0,0.0,0.0,,,0.0,0.0,0.0,0.0,75,1,0
74,pi4b-01,2026-07-27 20:55:35.311863+00:00,30.2,71.0,90.0736,96.4981,True,test-run-1,,,,0.0,0.0,0.0,0.0,,,0.0,0.0,0.0,0.0,76,1,0
85,pi4b-01,2026-07-27 20:55:35.311863+00:00,30.2,71.0,90.0736,96.4981,True,test-run-1,,,,0.0,0.0,0.0,0.0,,,0.0,0.0,0.0,0.0,77,1,0
75,pi4b-01,2026-07-27 20:55:36.287850+00:00,30.2,71.0,90.0736,91.6566,True,test-run-1,,,,0.0,0.0,0.0,0.0,,,0.0,0.0,0.0,0.0,78,1,0
86,pi4b-01,2026-07-27 20:55:36.287850+00:00,30.2,71.0,90.0736,91.6566,True,test-run-1,,,,0.0,0.0,0.0,0.0,,,0.0,0.0,0.0,0.0,79,1,0
76,pi4b-01,2026-07-27 20:55:37.284938+00:00,30.2,71.0,90.0736,91.9453,True,test-run-1,,,,0.0,0.0,0.0,0.0,,,0.0,0.0,0.0,0.0,80,1,0
87,pi4b-01,2026-07-27 20:55:37.284938+00:00,30.2,71.0,90.0736,91.9453,True,test-run-1,,,,0.0,0.0,0.0,0.0,,,0.0,0.0,0.0,0.0,81,1,0
77,pi4b-01,2026-07-27 20:55:38.315019+00:00,30.2,71.0,90.0263,91.6229,True,test-run-1,,,,0.0,0.0,0.0,0.0,,,0.0,0.0,0.0,0.0,82,1,0
88,pi4b-01,2026-07-27 20:55:38.315019+00:00,30.2,71.0,90.0263,91.6229,True,test-run-1,,,,0.0,0.0,0.0,0.0,,,0.0,0.0,0.0,0.0,83,1,0
78,pi4b-01,2026-07-27 20:55:39.287754+00:00,30.2,71.0,90.0263,91.6629,True,test-run-1,,,,0.0,0.0,0.0,0.0,,,0.0,0.0,0.0,0.0,84,1,0
89,pi4b-01,2026-07-27 20:55:39.287754+00:00,30.2,71.0,90.0263,91.6629,True,test-run-1,,,,0.0,0.0,0.0,0.0,,,0.0,0.0,0.0,0.0,85,1,0
79,pi4b-01,2026-07-27 20:55:40.286639+00:00,30.2,71.0,90.0263,93.6919,True,test-run-1,,,,0.0,0.0,0.0,0.0,,,0.0,0.0,0.0,0.0,86,1,0
90,pi4b-01,2026-07-27 20:55:40.286639+00:00,30.2,71.0,90.0263,93.6919,True,test-run-1,,,,0.0,0.0,0.0,0.0,,,0.0,0.0,0.0,0.0,87,1,0
80,pi4b-01,2026-07-27 20:55:41.308253+00:00,30.8,71.0,90.0263,84.0962,True,test-run-1,,,,0.0,0.0,0.0,0.0,,,0.0,0.0,0.0,0.0,88,1,0
91,pi4b-01,2026-07-27 20:55:41.308253+00:00,30.8,71.0,90.0263,84.0962,True,test-run-1,,,,0.0,0.0,0.0,0.0,,,0.0,0.0,0.0,0.0,89,1,0
92,pi4b-01,2026-07-27 21:01:06.631141+00:00,30.8,71.0,,,True,test-run-1,,,,0.0,0.0,0.0,0.0,,,0.0,0.0,0.0,0.0,90,0,0
93,pi4b-01,2026-07-27 21:01:07.611030+00:00,30.8,71.0,,75.5293,True,test-run-1,,,,0.0,0.0,0.0,0.0,,,0.0,0.0,0.0,0.0,91,0,0
94,pi4b-01,2026-07-27 21:01:08.613712+00:00,30.8,71.0,,72.985,True,test-run-1,,,,0.0,0.0,0.0,0.0,,,0.0,0.0,0.0,0.0,92,0,0
95,pi4b-01,2026-07-27 21:01:09.636200+00:00,27.1,66.0,,89.792,True,test-run-1,,,,0.0,0.0,0.0,0.0,,,0.0,0.0,0.0,0.0,93,0,0
96,pi4b-01,2026-07-27 21:01:10.615517+00:00,27.1,66.0,,82.1778,True,test-run-1,,,,0.0,0.0,0.0,0.0,,,0.0,0.0,0.0,0.0,94,0,0
97,pi4b-01,2026-07-27 21:01:11.618273+00:00,27.1,66.0,,84.2506,True,test-run-1,,,,0.0,0.0,0.0,0.0,,,0.0,0.0,0.0,0.0,95,0,0
98,pi4b-01,2026-07-27 21:01:12.638505+00:00,27.1,66.0,,82.4307,True,test-run-1,,,,0.0,0.0,0.0,0.0,,,0.0,0.0,0.0,0.0,96,0,0
99,pi4b-01,2026-07-27 21:01:13.611632+00:00,27.1,66.0,,84.133,True,test-run-1,,,,0.0,0.0,0.0,0.0,,,0.0,0.0,0.0,0.0,97,0,0
100,pi4b-01,2026-07-27 21:01:14.608692+00:00,27.1,66.0,,81.9278,True,test-run-1,,,,0.0,0.0,0.0,0.0,,,0.0,0.0,0.0,0.0,98,0,0
101,pi4b-01,2026-07-27 21:01:15.638499+00:00,27.1,67.0,,79.6001,True,test-run-1,,,,0.0,0.0,0.0,0.0,,,0.0,0.0,0.0,0.0,99,0,0
102,pi4b-01,2026-07-27 21:01:16.609398+00:00,27.1,67.0,,83.2787,True,test-run-1,,,,0.0,0.0,0.0,0.0,,,0.0,0.0,0.0,0.0,100,0,0
103,pi4b-01,2026-07-27 21:01:17.612291+00:00,27.1,67.0,,83.2625,True,test-run-1,,,,0.0,0.0,0.0,0.0,,,0.0,0.0,0.0,0.0,101,0,0
104,pi4b-01,2026-07-27 21:01:18.638054+00:00,27.1,69.0,,83.2763,True,test-run-1,,,,0.0,0.0,0.0,0.0,,,0.0,0.0,0.0,0.0,102,0,0
105,pi4b-01,2026-07-27 21:01:19.613731+00:00,27.1,69.0,,83.4603,True,test-run-1,,,,0.0,0.0,0.0,0.0,,,0.0,0.0,0.0,0.0,103,0,0
106,pi4b-01,2026-07-27 21:01:20.611075+00:00,27.1,69.0,,81.9799,True,test-run-1,,,,0.0,0.0,0.0,0.0,,,0.0,0.0,0.0,0.0,104,0,0
107,pi4b-01,2026-07-27 21:01:21.635399+00:00,27.6,69.0,,78.7501,True,test-run-1,,,,0.0,0.0,0.0,0.0,,,0.0,0.0,0.0,0.0,105,0,0
108,pi4b-01,2026-07-27 21:01:22.608382+00:00,27.6,69.0,,78.6136,True,test-run-1,,,,0.0,0.0,0.0,0.0,,,0.0,0.0,0.0,0.0,106,0,0
109,pi4b-01,2026-07-27 21:01:23.616353+00:00,27.6,69.0,,84.2114,True,test-run-1,,,,0.0,0.0,0.0,0.0,,,0.0,0.0,0.0,0.0,107,0,0
110,pi4b-01,2026-07-27 21:01:24.632969+00:00,28.0,69.0,,84.6002,True,test-run-1,,,,0.0,0.0,0.0,0.0,,,0.0,0.0,0.0,0.0,108,0,0
111,pi4b-01,2026-07-27 21:01:25.614431+00:00,28.0,69.0,,84.6479,True,test-run-1,,,,0.0,0.0,0.0,0.0,,,0.0,0.0,0.0,0.0,109,0,0
112,pi4b-01,2026-07-27 21:01:26.609267+00:00,28.0,69.0,,84.8036,True,test-run-1,,,,0.0,0.0,0.0,0.0,,,0.0,0.0,0.0,0.0,110,0,0
113,pi4b-01,2026-07-27 21:01:27.637140+00:00,28.0,70.0,,88.0985,True,test-run-1,,,,0.0,0.0,0.0,0.0,,,0.0,0.0,0.0,0.0,111,0,0
114,pi4b-01,2026-07-27 21:01:28.610389+00:00,28.0,70.0,,80.2661,True,test-run-1,,,,0.0,0.0,0.0,0.0,,,0.0,0.0,0.0,0.0,112,0,0
115,pi4b-01,2026-07-27 21:01:29.612110+00:00,28.0,70.0,,78.5109,True,test-run-1,,,,0.0,0.0,0.0,0.0,,,0.0,0.0,0.0,0.0,113,0,0
116,pi4b-01,2026-07-27 21:01:30.638787+00:00,28.5,71.0,,81.5271,True,test-run-1,,,,0.0,0.0,0.0,0.0,,,0.0,0.0,0.0,0.0,114,0,0
117,pi4b-01,2026-07-27 21:01:31.610795+00:00,28.5,71.0,,82.0827,True,test-run-1,,,,0.0,0.0,0.0,0.0,,,0.0,0.0,0.0,0.0,115,0,0
118,pi4b-01,2026-07-27 21:01:32.610247+00:00,28.5,71.0,,82.0955,True,test-run-1,,,,0.0,0.0,0.0,0.0,,,0.0,0.0,0.0,0.0,116,0,0
119,pi4b-01,2026-07-27 21:01:33.636340+00:00,28.9,71.0,,82.3153,True,test-run-1,,,,0.0,0.0,0.0,0.0,,,0.0,0.0,0.0,0.0,117,0,0
120,pi4b-01,2026-07-27 21:01:34.612614+00:00,28.9,71.0,,84.3487,True,test-run-1,,,,0.0,0.0,0.0,0.0,,,0.0,0.0,0.0,0.0,118,0,0
121,pi4b-01,2026-07-27 21:01:35.663412+00:00,28.9,71.0,90.0047,80.5234,True,test-run-1,,,,0.0,0.0,0.0,0.0,,,0.0,0.0,0.0,0.0,119,1,0
122,pi4b-01,2026-07-27 21:01:36.642957+00:00,28.9,72.0,90.0991,83.734,True,test-run-1,,,,0.0,0.0,0.0,0.0,,,0.0,0.0,0.0,0.0,120,1,0
123,pi4b-01,2026-07-27 21:01:37.613978+00:00,28.9,72.0,90.1936,95.9192,True,test-run-1,,,,0.0,0.0,0.0,0.0,,,0.0,0.0,0.0,0.0,121,1,0
124,pi4b-01,2026-07-27 21:01:38.611134+00:00,28.9,72.0,90.4104,95.0041,True,test-run-1,,,,0.0,0.0,0.0,0.0,,,0.0,0.0,0.0,0.0,122,1,0
125,pi4b-01,2026-07-27 21:01:39.633184+00:00,29.3,72.0,90.6271,94.7309,True,test-run-1,,,,0.0,0.0,0.0,0.0,,,0.0,0.0,0.0,0.0,123,1,0
126,pi4b-01,2026-07-27 21:01:40.610956+00:00,29.3,72.0,90.4257,93.9862,True,test-run-1,,,,0.0,0.0,0.0,0.0,,,0.0,0.0,0.0,0.0,124,1,0
127,pi4b-01,2026-07-27 21:01:41.613625+00:00,29.3,72.0,90.2243,94.0806,True,test-run-1,,,,0.0,0.0,0.0,0.0,,,0.0,0.0,0.0,0.0,125,1,0
128,pi4b-01,2026-07-27 21:01:42.639627+00:00,29.7,72.0,90.2243,97.8742,True,test-run-1,,,,0.0,0.0,0.0,0.0,,,0.0,0.0,0.0,0.0,126,1,0
129,pi4b-01,2026-07-27 21:01:43.609204+00:00,29.7,72.0,90.2243,97.9587,True,test-run-1,,,,0.0,0.0,0.0,0.0,,,0.0,0.0,0.0,0.0,127,1,0
130,pi4b-01,2026-07-27 21:01:44.608801+00:00,29.7,72.0,89.3741,97.9925,True,test-run-1,,,,0.0,0.0,0.0,0.0,,,0.0,0.0,0.0,0.0,128,1,0
131,pi4b-01,2026-07-27 21:01:45.636627+00:00,29.8,72.0,89.3741,97.8084,True,test-run-1,,,,0.0,0.0,0.0,0.0,,,0.0,0.0,0.0,0.0,129,1,0
132,pi4b-01,2026-07-27 21:01:46.613665+00:00,29.8,72.0,89.3741,97.4812,True,test-run-1,,,,0.0,0.0,0.0,0.0,,,0.0,0.0,0.0,0.0,130,1,0
133,pi4b-01,2026-07-27 21:01:47.609577+00:00,29.8,72.0,89.3741,97.0599,True,test-run-1,,,,0.0,0.0,0.0,0.0,,,0.0,0.0,0.0,0.0,131,1,0
134,pi4b-01,2026-07-27 21:01:48.645233+00:00,30.2,71.0,89.4369,96.9726,True,test-run-1,,,,0.0,0.0,0.0,0.0,,,0.0,0.0,0.0,0.0,132,1,0
135,pi4b-01,2026-07-27 21:01:49.614366+00:00,30.2,71.0,92.6198,96.7333,True,test-run-1,,,,0.0,0.0,0.0,0.0,,,0.0,0.0,0.0,0.0,133,1,0
136,pi4b-01,2026-07-27 21:01:50.614693+00:00,30.2,71.0,92.989,96.6934,True,test-run-1,,,,0.0,0.0,0.0,0.0,,,0.0,0.0,0.0,0.0,134,1,0
137,pi4b-01,2026-07-27 21:01:51.637484+00:00,30.2,72.0,92.989,96.5761,True,test-run-1,,,,0.0,0.0,0.0,0.0,,,0.0,0.0,0.0,0.0,135,1,0
138,pi4b-01,2026-07-27 21:01:52.610653+00:00,30.2,72.0,92.989,96.5635,True,test-run-1,,,,0.0,0.0,0.0,0.0,,,0.0,0.0,0.0,0.0,136,1,0
139,pi4b-01,2026-07-27 21:01:53.609668+00:00,30.2,72.0,92.989,96.7806,True,test-run-1,,,,0.0,0.0,0.0,0.0,,,0.0,0.0,0.0,0.0,137,1,0
140,pi4b-01,2026-07-27 21:01:54.634841+00:00,30.8,72.0,88.6468,96.7983,True,test-run-1,,,,0.0,0.0,0.0,0.0,,,0.0,0.0,0.0,0.0,138,1,0
141,pi4b-01,2026-07-27 21:01:55.610170+00:00,30.8,72.0,,88.4872,True,test-run-1,,,,0.0,0.0,0.0,0.0,,,0.0,0.0,0.0,0.0,139,0,0
142,pi4b-01,2026-07-27 21:01:56.610404+00:00,30.8,72.0,,89.1513,True,test-run-1,,,,0.0,0.0,0.0,0.0,,,0.0,0.0,0.0,0.0,140,0,0
143,pi4b-01,2026-07-27 21:01:57.633568+00:00,30.8,72.0,,88.6575,True,test-run-1,,,,0.0,0.0,0.0,0.0,,,0.0,0.0,0.0,0.0,141,0,0
144,pi4b-01,2026-07-27 21:01:58.608993+00:00,30.8,72.0,,87.8467,True,test-run-1,,,,0.0,0.0,0.0,0.0,,,0.0,0.0,0.0,0.0,142,0,0
145,pi4b-01,2026-07-27 21:01:59.611139+00:00,30.8,72.0,,91.0743,True,test-run-1,,,,0.0,0.0,0.0,0.0,,,0.0,0.0,0.0,0.0,143,0,0
146,pi4b-01,2026-07-27 21:02:00.636040+00:00,31.3,73.0,87.3852,90.8601,True,test-run-1,,,,0.0,0.0,0.0,0.0,,,0.0,0.0,0.0,0.0,144,1,0
147,pi4b-01,2026-07-27 21:02:01.611129+00:00,31.3,73.0,,78.0307,True,test-run-1,,,,0.0,0.0,0.0,0.0,,,0.0,0.0,0.0,0.0,145,0,0
148,pi4b-01,2026-07-27 21:02:02.608588+00:00,31.3,73.0,,81.8371,True,test-run-1,,,,0.0,0.0,0.0,0.0,,,0.0,0.0,0.0,0.0,146,0,0
149,pi4b-01,2026-07-27 21:02:03.635124+00:00,31.3,73.0,,83.1199,True,test-run-1,,,,0.0,0.0,0.0,0.0,,,0.0,0.0,0.0,0.0,147,0,0
150,pi4b-01,2026-07-27 21:02:04.615912+00:00,31.3,73.0,,86.5658,True,test-run-1,,,,0.0,0.0,0.0,0.0,,,0.0,0.0,0.0,0.0,148,0,0
151,pi4b-01,2026-07-27 21:02:05.610484+00:00,31.3,73.0,,90.4496,True,test-run-1,,,,0.0,0.0,0.0,0.0,,,0.0,0.0,0.0,0.0,149,0,0
152,pi4b-01,2026-07-27 21:02:06.638600+00:00,31.3,73.0,,91.645,True,test-run-1,,,,0.0,0.0,0.0,0.0,,,0.0,0.0,0.0,0.0,150,0,0
153,pi4b-01,2026-07-27 21:02:07.610669+00:00,31.3,73.0,,90.9467,True,test-run-1,,,,0.0,0.0,0.0,0.0,,,0.0,0.0,0.0,0.0,151,0,0
154,pi4b-01,2026-07-27 21:02:08.610831+00:00,31.3,73.0,,89.063,True,test-run-1,,,,0.0,0.0,0.0,0.0,,,0.0,0.0,0.0,0.0,152,0,0
155,pi4b-01,2026-07-27 21:02:09.634208+00:00,31.8,73.0,87.3852,78.2655,True,test-run-1,,,,0.0,0.0,0.0,0.0,,,0.0,0.0,0.0,0.0,153,1,0
156,pi4b-01,2026-07-27 21:02:10.614432+00:00,31.8,73.0,,78.8171,True,test-run-1,,,,0.0,0.0,0.0,0.0,,,0.0,0.0,0.0,0.0,154,0,0
157,pi4b-01,2026-07-27 21:02:11.612277+00:00,31.8,73.0,,80.0731,True,test-run-1,,,,0.0,0.0,0.0,0.0,,,0.0,0.0,0.0,0.0,155,0,0
158,pi4b-01,2026-07-27 21:02:12.635918+00:00,31.8,73.0,,81.8926,True,test-run-1,,,,0.0,0.0,0.0,0.0,,,0.0,0.0,0.0,0.0,156,0,0
159,pi4b-01,2026-07-27 21:02:13.614646+00:00,31.8,73.0,,85.2265,True,test-run-1,,,,0.0,0.0,0.0,0.0,,,0.0,0.0,0.0,0.0,157,0,0
160,pi4b-01,2026-07-27 21:02:14.609473+00:00,31.8,73.0,,83.197,True,test-run-1,,,,0.0,0.0,0.0,0.0,,,0.0,0.0,0.0,0.0,158,0,0
161,pi4b-01,2026-07-27 21:02:15.635888+00:00,31.8,74.0,,88.3208,True,test-run-1,,,,0.0,0.0,0.0,0.0,,,0.0,0.0,0.0,0.0,159,0,0
162,pi4b-01,2026-07-27 21:02:16.615859+00:00,31.8,74.0,,94.846,True,test-run-1,,,,0.0,0.0,0.0,0.0,,,0.0,0.0,0.0,0.0,160,0,0
163,pi4b-01,2026-07-27 21:02:17.612084+00:00,31.8,74.0,,94.9019,True,test-run-1,,,,0.0,0.0,0.0,0.0,,,0.0,0.0,0.0,0.0,161,0,0
164,pi4b-01,2026-07-27 21:02:18.633631+00:00,32.3,74.0,85.2349,95.328,True,test-run-1,,,,0.0,0.0,0.0,0.0,,,0.0,0.0,0.0,0.0,162,1,0
165,pi4b-01,2026-07-27 21:02:19.613280+00:00,32.3,74.0,85.2349,99.8111,True,test-run-1,,,,0.0,0.0,0.0,0.0,,,0.0,0.0,0.0,0.0,163,1,0
166,pi4b-01,2026-07-27 21:02:20.614493+00:00,32.3,74.0,,85.7418,True,test-run-1,,,,0.0,0.0,0.0,0.0,,,0.0,0.0,0.0,0.0,164,0,0
167,pi4b-01,2026-07-27 21:02:21.632645+00:00,32.3,74.0,85.1526,92.5114,True,test-run-1,,,,0.0,0.0,0.0,0.0,,,0.0,0.0,0.0,0.0,165,1,0
168,pi4b-01,2026-07-27 21:02:22.618005+00:00,32.3,74.0,84.9886,92.4576,True,test-run-1,,,,0.0,0.0,0.0,0.0,,,0.0,0.0,0.0,0.0,166,1,0
169,pi4b-01,2026-07-27 21:02:23.618469+00:00,32.3,74.0,84.5753,93.8995,True,test-run-1,,,,0.0,0.0,0.0,0.0,,,0.0,0.0,0.0,0.0,167,1,0
170,pi4b-01,2026-07-27 21:02:24.638211+00:00,32.3,75.0,84.9886,94.1965,True,test-run-1,,,,0.0,0.0,0.0,0.0,,,0.0,0.0,0.0,0.0,168,1,0
171,pi4b-01,2026-07-27 21:02:25.613328+00:00,32.3,75.0,84.9886,94.1638,True,test-run-1,,,,0.0,0.0,0.0,0.0,,,0.0,0.0,0.0,0.0,169,1,0
172,pi4b-01,2026-07-27 21:02:26.611688+00:00,32.3,75.0,85.1777,96.0025,True,test-run-1,,,,0.0,0.0,0.0,0.0,,,0.0,0.0,0.0,0.0,170,1,0
173,pi4b-01,2026-07-27 21:02:27.638393+00:00,32.3,75.0,85.1777,96.1605,True,test-run-1,,,,0.0,0.0,0.0,0.0,,,0.0,0.0,0.0,0.0,171,1,0
174,pi4b-01,2026-07-27 21:02:28.613740+00:00,32.3,75.0,85.7076,96.2378,True,test-run-1,,,,0.0,0.0,0.0,0.0,,,0.0,0.0,0.0,0.0,172,1,0
175,pi4b-01,2026-07-27 21:02:29.612942+00:00,32.3,75.0,87.0091,96.829,True,test-run-1,,,,0.0,0.0,0.0,0.0,,,0.0,0.0,0.0,0.0,173,1,0
176,pi4b-01,2026-07-27 21:02:30.637030+00:00,32.8,75.0,87.0091,97.387,True,test-run-1,,,,0.0,0.0,0.0,0.0,,,0.0,0.0,0.0,0.0,174,1,0
177,pi4b-01,2026-07-27 21:02:31.611143+00:00,32.8,75.0,87.0091,98.0169,True,test-run-1,,,,0.0,0.0,0.0,0.0,,,0.0,0.0,0.0,0.0,175,1,0
178,pi4b-01,2026-07-27 21:02:32.610767+00:00,32.8,75.0,87.3264,97.758,True,test-run-1,,,,0.0,0.0,0.0,0.0,,,0.0,0.0,0.0,0.0,176,1,0
179,pi4b-01,2026-07-27 21:02:33.636643+00:00,32.8,75.0,87.6656,97.8346,True,test-run-1,,,,0.0,0.0,0.0,0.0,,,0.0,0.0,0.0,0.0,177,1,0
180,pi4b-01,2026-07-27 21:02:34.616889+00:00,32.8,75.0,87.6656,97.6569,True,test-run-1,,,,0.0,0.0,0.0,0.0,,,0.0,0.0,0.0,0.0,178,1,0
181,pi4b-01,2026-07-27 21:02:35.613532+00:00,32.8,75.0,87.6656,96.9028,True,test-run-1,,,,0.0,0.0,0.0,0.0,,,0.0,0.0,0.0,0.0,179,1,0
182,pi4b-01,2026-07-27 21:02:36.638298+00:00,32.8,75.0,88.0958,97.3562,True,test-run-1,,,,0.0,0.0,0.0,0.0,,,0.0,0.0,0.0,0.0,180,1,0
183,pi4b-01,2026-07-27 21:02:37.612354+00:00,32.8,75.0,88.0958,96.9469,True,test-run-1,,,,0.0,0.0,0.0,0.0,,,0.0,0.0,0.0,0.0,181,1,0
184,pi4b-01,2026-07-27 21:02:38.610501+00:00,32.8,75.0,88.0958,97.3203,True,test-run-1,,,,0.0,0.0,0.0,0.0,,,0.0,0.0,0.0,0.0,182,1,0
185,pi4b-01,2026-07-27 21:02:39.635248+00:00,32.8,75.0,88.0958,97.0142,True,test-run-1,,,,0.0,0.0,0.0,0.0,,,0.0,0.0,0.0,0.0,183,1,0
186,pi4b-01,2026-07-27 21:02:40.613582+00:00,32.8,75.0,87.341,96.5953,True,test-run-1,,,,0.0,0.0,0.0,0.0,,,0.0,0.0,0.0,0.0,184,1,0
187,pi4b-01,2026-07-27 21:02:41.614514+00:00,32.8,75.0,87.341,96.3186,True,test-run-1,,,,0.0,0.0,0.0,0.0,,,0.0,0.0,0.0,0.0,185,1,0
188,pi4b-01,2026-07-27 21:02:42.635421+00:00,33.0,74.0,86.8034,95.1631,True,test-run-1,,,,0.0,0.0,0.0,0.0,,,0.0,0.0,0.0,0.0,186,1,0
189,pi4b-01,2026-07-27 21:02:43.609525+00:00,33.0,74.0,86.8034,95.4559,True,test-run-1,,,,0.0,0.0,0.0,0.0,,,0.0,0.0,0.0,0.0,187,1,0
190,pi4b-01,2026-07-27 21:02:44.609367+00:00,33.0,74.0,87.341,94.4123,True,test-run-1,,,,0.0,0.0,0.0,0.0,,,0.0,0.0,0.0,0.0,188,1,0
191,pi4b-01,2026-07-27 21:02:45.632881+00:00,33.3,74.0,89.9665,92.4683,True,test-run-1,,,,0.0,0.0,0.0,0.0,,,0.0,0.0,0.0,0.0,189,1,0
192,pi4b-01,2026-07-27 21:02:46.608836+00:00,33.3,74.0,89.9665,90.7613,True,test-run-1,,,,0.0,0.0,0.0,0.0,,,0.0,0.0,0.0,0.0,190,1,0
193,pi4b-01,2026-07-27 21:02:47.613679+00:00,33.3,74.0,,91.1481,True,test-run-1,,,,0.0,0.0,0.0,0.0,,,0.0,0.0,0.0,0.0,191,0,0
194,pi4b-01,2026-07-27 21:02:48.641868+00:00,33.3,74.0,95.5485,95.5865,True,test-run-1,,,,0.0,0.0,0.0,0.0,,,0.0,0.0,0.0,0.0,192,1,0
195,pi4b-01,2026-07-27 21:02:49.610226+00:00,33.3,74.0,96.1574,96.4254,True,test-run-1,,,,0.0,0.0,0.0,0.0,,,0.0,0.0,0.0,0.0,193,1,0
196,pi4b-01,2026-07-27 21:02:50.611725+00:00,33.3,74.0,96.3394,96.7757,True,test-run-1,,,,0.0,0.0,0.0,0.0,,,0.0,0.0,0.0,0.0,194,1,0
197,pi4b-01,2026-07-27 21:02:51.633110+00:00,33.3,74.0,99.1503,97.14,True,test-run-1,,,,0.0,0.0,0.0,0.0,,,0.0,0.0,0.0,0.0,195,1,0
198,pi4b-01,2026-07-27 21:02:52.610039+00:00,33.3,74.0,99.1503,96.7666,True,test-run-1,,,,0.0,0.0,0.0,0.0,,,0.0,0.0,0.0,0.0,196,1,0
199,pi4b-01,2026-07-27 21:02:53.609170+00:00,33.3,74.0,99.1503,96.7659,True,test-run-1,,,,0.0,0.0,0.0,0.0,,,0.0,0.0,0.0,0.0,197,1,0
200,pi4b-01,2026-07-27 21:02:54.636802+00:00,33.3,74.0,99.1503,95.0395,True,test-run-1,,,,0.0,0.0,0.0,0.0,,,0.0,0.0,0.0,0.0,198,1,0
201,pi4b-01,2026-07-27 21:02:55.608308+00:00,33.3,74.0,96.7643,94.1469,True,test-run-1,,,,0.0,0.0,0.0,0.0,,,0.0,0.0,0.0,0.0,199,1,0
202,pi4b-01,2026-07-27 21:02:56.612603+00:00,33.3,74.0,93.8975,95.1475,True,test-run-1,,,,0.0,0.0,0.0,0.0,,,0.0,0.0,0.0,0.0,200,1,0
203,pi4b-01,2026-07-27 21:02:57.632672+00:00,33.3,73.0,93.8975,96.2872,True,test-run-1,,,,0.0,0.0,0.0,0.0,,,0.0,0.0,0.0,0.0,201,1,0
204,pi4b-01,2026-07-27 21:02:58.610592+00:00,33.3,73.0,93.8975,96.9462,True,test-run-1,,,,0.0,0.0,0.0,0.0,,,0.0,0.0,0.0,0.0,202,1,0
205,pi4b-01,2026-07-27 21:02:59.619194+00:00,33.3,73.0,93.8975,97.4196,True,test-run-1,,,,0.0,0.0,0.0,0.0,,,0.0,0.0,0.0,0.0,203,1,0
206,pi4b-01,2026-07-27 21:03:00.640979+00:00,33.3,73.0,94.1404,97.5224,True,test-run-1,,,,0.0,0.0,0.0,0.0,,,0.0,0.0,0.0,0.0,204,1,0
207,pi4b-01,2026-07-27 21:03:01.611540+00:00,33.3,73.0,94.1404,97.3692,True,test-run-1,,,,0.0,0.0,0.0,0.0,,,0.0,0.0,0.0,0.0,205,1,0
208,pi4b-01,2026-07-27 21:03:02.610660+00:00,33.3,73.0,94.1404,97.4201,True,test-run-1,,,,0.0,0.0,0.0,0.0,,,0.0,0.0,0.0,0.0,206,1,0
209,pi4b-01,2026-07-27 21:03:03.636592+00:00,33.3,72.0,94.1404,97.4441,True,test-run-1,,,,0.0,0.0,0.0,0.0,,,0.0,0.0,0.0,0.0,207,1,0
210,pi4b-01,2026-07-27 21:03:04.614556+00:00,33.3,72.0,93.8107,97.4498,True,test-run-1,,,,0.0,0.0,0.0,0.0,,,0.0,0.0,0.0,0.0,208,1,0
211,pi4b-01,2026-07-27 21:03:05.613240+00:00,33.3,72.0,93.1087,97.5179,True,test-run-1,,,,0.0,0.0,0.0,0.0,,,0.0,0.0,0.0,0.0,209,1,0
212,pi4b-01,2026-07-27 21:03:06.641127+00:00,33.3,71.0,90.891,97.5405,True,test-run-1,,,,0.0,0.0,0.0,0.0,,,0.0,0.0,0.0,0.0,210,1,0
213,pi4b-01,2026-07-27 21:03:07.612638+00:00,33.3,71.0,88.2661,97.8839,True,test-run-1,,,,0.0,0.0,0.0,0.0,,,0.0,0.0,0.0,0.0,211,1,0
214,pi4b-01,2026-07-27 21:03:08.609114+00:00,33.3,71.0,86.8793,98.0431,True,test-run-1,,,,0.0,0.0,0.0,0.0,,,0.0,0.0,0.0,0.0,212,1,0
215,pi4b-01,2026-07-27 21:03:09.638149+00:00,33.3,70.0,86.8793,97.4225,True,test-run-1,,,,0.0,0.0,0.0,0.0,,,0.0,0.0,0.0,0.0,213,1,0
216,pi4b-01,2026-07-27 21:03:10.608304+00:00,33.3,70.0,86.8793,97.6772,True,test-run-1,,,,0.0,0.0,0.0,0.0,,,0.0,0.0,0.0,0.0,214,1,0
217,pi4b-01,2026-07-27 21:03:11.611425+00:00,33.3,70.0,86.8793,96.5107,True,test-run-1,,,,0.0,0.0,0.0,0.0,,,0.0,0.0,0.0,0.0,215,1,0
218,pi4b-01,2026-07-27 21:03:12.636946+00:00,32.8,71.0,88.1178,96.4049,True,test-run-1,,,,0.0,0.0,0.0,0.0,,,0.0,0.0,0.0,0.0,216,1,0
219,pi4b-01,2026-07-27 21:03:13.612307+00:00,32.8,71.0,89.3719,96.5518,True,test-run-1,,,,0.0,0.0,0.0,0.0,,,0.0,0.0,0.0,0.0,217,1,0
220,pi4b-01,2026-07-27 21:03:14.610083+00:00,32.8,71.0,,83.7306,True,test-run-1,,,,0.0,0.0,0.0,0.0,,,0.0,0.0,0.0,0.0,218,0,0
221,pi4b-01,2026-07-27 21:03:15.637844+00:00,32.8,70.0,,84.229,True,test-run-1,,,,0.0,0.0,0.0,0.0,,,0.0,0.0,0.0,0.0,219,0,0
222,pi4b-01,2026-07-27 21:03:16.608771+00:00,32.8,70.0,,84.2816,True,test-run-1,,,,0.0,0.0,0.0,0.0,,,0.0,0.0,0.0,0.0,220,0,0
223,pi4b-01,2026-07-27 21:03:17.610089+00:00,32.8,70.0,,86.0446,True,test-run-1,,,,0.0,0.0,0.0,0.0,,,0.0,0.0,0.0,0.0,221,0,0
224,pi4b-01,2026-07-27 21:03:18.632812+00:00,32.8,70.0,89.4465,86.3153,True,test-run-1,,,,0.0,0.0,0.0,0.0,,,0.0,0.0,0.0,0.0,222,1,0
225,pi4b-01,2026-07-27 21:03:19.613718+00:00,32.8,70.0,90.0851,85.7935,True,test-run-1,,,,0.0,0.0,0.0,0.0,,,0.0,0.0,0.0,0.0,223,1,0
226,pi4b-01,2026-07-27 21:03:20.608652+00:00,32.8,70.0,,100.0,True,test-run-1,,,,0.0,0.0,0.0,0.0,,,0.0,0.0,0.0,0.0,224,0,0
227,pi4b-01,2026-07-27 21:03:21.638217+00:00,32.8,69.0,,80.2155,True,test-run-1,,,,0.0,0.0,0.0,0.0,,,0.0,0.0,0.0,0.0,225,0,0
228,pi4b-01,2026-07-27 21:03:22.610531+00:00,32.8,69.0,,80.1201,True,test-run-1,,,,0.0,0.0,0.0,0.0,,,0.0,0.0,0.0,0.0,226,0,0
229,pi4b-01,2026-07-27 21:03:23.609381+00:00,32.8,69.0,,80.4566,True,test-run-1,,,,0.0,0.0,0.0,0.0,,,0.0,0.0,0.0,0.0,227,0,0
230,pi4b-01,2026-07-27 21:03:24.631082+00:00,32.8,68.0,,,False,test-run-1,,,,0.0,0.0,0.0,0.0,,,0.0,0.0,0.0,0.0,228,0,0
231,pi4b-01,2026-07-27 21:03:25.609207+00:00,32.8,68.0,,,False,test-run-1,,,,0.0,0.0,0.0,0.0,,,0.0,0.0,0.0,0.0,229,0,0
232,pi4b-01,2026-07-27 21:03:26.613518+00:00,32.8,68.0,,79.667,True,test-run-1,,,,0.0,0.0,0.0,0.0,,,0.0,0.0,0.0,0.0,230,0,0
233,pi4b-01,2026-07-27 21:03:27.636545+00:00,32.3,67.0,,78.6263,True,test-run-1,,,,0.0,0.0,0.0,0.0,,,0.0,0.0,0.0,0.0,231,0,0
234,pi4b-01,2026-07-27 21:03:28.612152+00:00,32.3,67.0,,78.1244,True,test-run-1,,,,0.0,0.0,0.0,0.0,,,0.0,0.0,0.0,0.0,232,0,0
235,pi4b-01,2026-07-27 21:03:29.609904+00:00,32.3,67.0,,77.8482,True,test-run-1,,,,0.0,0.0,0.0,0.0,,,0.0,0.0,0.0,0.0,233,0,0
236,pi4b-01,2026-07-27 21:03:30.638804+00:00,32.3,67.0,90.8068,84.9662,True,test-run-1,,,,0.0,0.0,0.0,0.0,,,0.0,0.0,0.0,0.0,234,1,0
237,pi4b-01,2026-07-27 21:03:31.617041+00:00,32.3,67.0,91.1061,98.2423,True,test-run-1,,,,0.0,0.0,0.0,0.0,,,0.0,0.0,0.0,0.0,235,1,0
238,pi4b-01,2026-07-27 21:03:32.613617+00:00,32.3,67.0,91.1569,97.9082,True,test-run-1,,,,0.0,0.0,0.0,0.0,,,0.0,0.0,0.0,0.0,236,1,0
239,pi4b-01,2026-07-27 21:03:33.633938+00:00,32.3,67.0,90.9818,97.223,True,test-run-1,,,,0.0,0.0,0.0,0.0,,,0.0,0.0,0.0,0.0,237,1,0
240,pi4b-01,2026-07-27 21:03:34.612843+00:00,32.3,67.0,90.8068,96.9355,True,test-run-1,,,,0.0,0.0,0.0,0.0,,,0.0,0.0,0.0,0.0,238,1,0
241,pi4b-01,2026-07-27 21:03:35.609666+00:00,32.3,67.0,89.7964,97.0901,True,test-run-1,,,,0.0,0.0,0.0,0.0,,,0.0,0.0,0.0,0.0,239,1,0
242,pi4b-01,2026-07-27 21:03:36.633425+00:00,32.1,66.0,88.7861,97.3214,True,test-run-1,,,,0.0,0.0,0.0,0.0,,,0.0,0.0,0.0,0.0,240,1,0
243,pi4b-01,2026-07-27 21:03:37.620403+00:00,32.1,66.0,87.8144,97.7599,True,test-run-1,,,,0.0,0.0,0.0,0.0,,,0.0,0.0,0.0,0.0,241,1,0
244,pi4b-01,2026-07-27 21:03:38.610881+00:00,32.1,66.0,87.8144,95.9681,True,test-run-1,,,,0.0,0.0,0.0,0.0,,,0.0,0.0,0.0,0.0,242,1,0
245,pi4b-01,2026-07-27 21:03:39.633197+00:00,31.8,65.0,87.8144,95.7817,True,test-run-1,,,,0.0,0.0,0.0,0.0,,,0.0,0.0,0.0,0.0,243,1,0
246,pi4b-01,2026-07-27 21:03:40.608326+00:00,31.8,65.0,87.7544,95.5925,True,test-run-1,,,,0.0,0.0,0.0,0.0,,,0.0,0.0,0.0,0.0,244,1,0
247,pi4b-01,2026-07-27 21:03:41.615768+00:00,31.8,65.0,87.7544,95.3636,True,test-run-1,,,,0.0,0.0,0.0,0.0,,,0.0,0.0,0.0,0.0,245,1,0
248,pi4b-01,2026-07-27 21:03:42.634443+00:00,31.8,64.0,87.7544,97.1248,True,test-run-1,,,,0.0,0.0,0.0,0.0,,,0.0,0.0,0.0,0.0,246,1,0
249,pi4b-01,2026-07-27 21:03:43.614466+00:00,31.8,64.0,87.7544,96.9035,True,test-run-1,,,,0.0,0.0,0.0,0.0,,,0.0,0.0,0.0,0.0,247,1,0
250,pi4b-01,2026-07-27 21:03:44.611514+00:00,31.8,64.0,86.1719,96.9486,True,test-run-1,,,,0.0,0.0,0.0,0.0,,,0.0,0.0,0.0,0.0,248,1,0
251,pi4b-01,2026-07-27 21:03:45.638653+00:00,31.8,64.0,86.1719,96.5049,True,test-run-1,,,,0.0,0.0,0.0,0.0,,,0.0,0.0,0.0,0.0,249,1,0
252,pi4b-01,2026-07-27 21:03:46.611504+00:00,31.8,64.0,86.1719,96.0011,True,test-run-1,,,,0.0,0.0,0.0,0.0,,,0.0,0.0,0.0,0.0,250,1,0
253,pi4b-01,2026-07-27 21:03:47.608335+00:00,31.8,64.0,86.1719,96.248,True,test-run-1,,,,0.0,0.0,0.0,0.0,,,0.0,0.0,0.0,0.0,251,1,0
254,pi4b-01,2026-07-27 21:03:48.634955+00:00,31.8,64.0,88.0228,96.4536,True,test-run-1,,,,0.0,0.0,0.0,0.0,,,0.0,0.0,0.0,0.0,252,1,0
255,pi4b-01,2026-07-27 21:03:49.619096+00:00,31.8,64.0,90.5121,96.4707,True,test-run-1,,,,0.0,0.0,0.0,0.0,,,0.0,0.0,0.0,0.0,253,1,0
256,pi4b-01,2026-07-27 21:03:50.614004+00:00,31.8,64.0,90.5121,97.0161,True,test-run-1,,,,0.0,0.0,0.0,0.0,,,0.0,0.0,0.0,0.0,254,1,0
257,pi4b-01,2026-07-27 21:03:51.635083+00:00,31.8,65.0,90.5121,96.9125,True,test-run-1,,,,0.0,0.0,0.0,0.0,,,0.0,0.0,0.0,0.0,255,1,0
258,pi4b-01,2026-07-27 21:03:52.613115+00:00,31.8,65.0,90.5121,96.8204,True,test-run-1,,,,0.0,0.0,0.0,0.0,,,0.0,0.0,0.0,0.0,256,1,0
259,pi4b-01,2026-07-27 21:03:53.608676+00:00,31.8,65.0,88.4045,97.1088,True,test-run-1,,,,0.0,0.0,0.0,0.0,,,0.0,0.0,0.0,0.0,257,1,0
260,pi4b-01,2026-07-27 21:03:54.634640+00:00,31.8,66.0,88.4045,97.1806,True,test-run-1,,,,0.0,0.0,0.0,0.0,,,0.0,0.0,0.0,0.0,258,1,0
261,pi4b-01,2026-07-27 21:03:55.609067+00:00,31.8,66.0,88.4045,97.0826,True,test-run-1,,,,0.0,0.0,0.0,0.0,,,0.0,0.0,0.0,0.0,259,1,0
262,pi4b-01,2026-07-27 21:03:56.617561+00:00,31.8,66.0,88.4045,96.8758,True,test-run-1,,,,0.0,0.0,0.0,0.0,,,0.0,0.0,0.0,0.0,260,1,0
263,pi4b-01,2026-07-27 21:03:57.632685+00:00,31.8,66.0,93.1441,96.9272,True,test-run-1,,,,0.0,0.0,0.0,0.0,,,0.0,0.0,0.0,0.0,261,1,0
264,pi4b-01,2026-07-27 21:03:58.608803+00:00,31.8,66.0,93.1441,97.1837,True,test-run-1,,,,0.0,0.0,0.0,0.0,,,0.0,0.0,0.0,0.0,262,1,0
265,pi4b-01,2026-07-27 21:03:59.612635+00:00,31.8,66.0,93.1441,97.2153,True,test-run-1,,,,0.0,0.0,0.0,0.0,,,0.0,0.0,0.0,0.0,263,1,0
266,pi4b-01,2026-07-27 21:04:00.636422+00:00,31.8,67.0,93.1441,97.0943,True,test-run-1,,,,0.0,0.0,0.0,0.0,,,0.0,0.0,0.0,0.0,264,1,0
267,pi4b-01,2026-07-27 21:04:01.609804+00:00,31.8,67.0,88.7747,97.1344,True,test-run-1,,,,0.0,0.0,0.0,0.0,,,0.0,0.0,0.0,0.0,265,1,0
268,pi4b-01,2026-07-27 21:04:02.617445+00:00,31.8,67.0,81.4689,96.8788,True,test-run-1,,,,0.0,0.0,0.0,0.0,,,0.0,0.0,0.0,0.0,266,1,0
269,pi4b-01,2026-07-27 21:04:03.637316+00:00,31.8,67.0,81.4689,97.0117,True,test-run-1,,,,0.0,0.0,0.0,0.0,,,0.0,0.0,0.0,0.0,267,1,0
270,pi4b-01,2026-07-27 21:04:04.612170+00:00,31.8,67.0,81.4689,97.0482,True,test-run-1,,,,0.0,0.0,0.0,0.0,,,0.0,0.0,0.0,0.0,268,1,0
271,pi4b-01,2026-07-27 21:04:05.610435+00:00,31.8,67.0,81.4689,96.4694,True,test-run-1,,,,0.0,0.0,0.0,0.0,,,0.0,0.0,0.0,0.0,269,1,0
272,pi4b-01,2026-07-27 21:04:06.633134+00:00,31.8,67.0,83.1415,96.3711,True,test-run-1,,,,0.0,0.0,0.0,0.0,,,0.0,0.0,0.0,0.0,270,1,0
273,pi4b-01,2026-07-27 21:04:07.608627+00:00,31.8,67.0,85.3301,95.8061,True,test-run-1,,,,0.0,0.0,0.0,0.0,,,0.0,0.0,0.0,0.0,271,1,0
274,pi4b-01,2026-07-27 21:04:08.613567+00:00,31.8,67.0,85.3301,95.5944,True,test-run-1,,,,0.0,0.0,0.0,0.0,,,0.0,0.0,0.0,0.0,272,1,0
275,pi4b-01,2026-07-27 21:04:09.636104+00:00,31.9,67.0,85.3301,96.2593,True,test-run-1,,,,0.0,0.0,0.0,0.0,,,0.0,0.0,0.0,0.0,273,1,0
276,pi4b-01,2026-07-27 21:04:10.613005+00:00,31.9,67.0,85.3301,96.204,True,test-run-1,,,,0.0,0.0,0.0,0.0,,,0.0,0.0,0.0,0.0,274,1,0
277,pi4b-01,2026-07-27 21:04:11.612594+00:00,31.9,67.0,82.9134,96.6506,True,test-run-1,,,,0.0,0.0,0.0,0.0,,,0.0,0.0,0.0,0.0,275,1,0
278,pi4b-01,2026-07-27 21:04:12.638025+00:00,32.3,68.0,82.9134,96.9887,True,test-run-1,,,,0.0,0.0,0.0,0.0,,,0.0,0.0,0.0,0.0,276,1,0
279,pi4b-01,2026-07-27 21:04:13.609931+00:00,32.3,68.0,82.9134,97.3305,True,test-run-1,,,,0.0,0.0,0.0,0.0,,,0.0,0.0,0.0,0.0,277,1,0
280,pi4b-01,2026-07-27 21:04:14.620764+00:00,32.3,68.0,82.9134,97.7324,True,test-run-1,,,,0.0,0.0,0.0,0.0,,,0.0,0.0,0.0,0.0,278,1,0
281,pi4b-01,2026-07-27 21:04:15.641527+00:00,32.3,68.0,83.067,97.4288,True,test-run-1,,,,0.0,0.0,0.0,0.0,,,0.0,0.0,0.0,0.0,279,1,0
282,pi4b-01,2026-07-27 21:04:16.613820+00:00,32.3,68.0,86.6775,96.8832,True,test-run-1,,,,0.0,0.0,0.0,0.0,,,0.0,0.0,0.0,0.0,280,1,0
283,pi4b-01,2026-07-27 21:04:17.609131+00:00,32.3,68.0,87.3074,96.759,True,test-run-1,,,,0.0,0.0,0.0,0.0,,,0.0,0.0,0.0,0.0,281,1,0
284,pi4b-01,2026-07-27 21:04:18.636918+00:00,32.3,68.0,87.4019,96.5996,True,test-run-1,,,,0.0,0.0,0.0,0.0,,,0.0,0.0,0.0,0.0,282,1,0
285,pi4b-01,2026-07-27 21:04:19.614085+00:00,32.3,68.0,87.5302,96.4557,True,test-run-1,,,,0.0,0.0,0.0,0.0,,,0.0,0.0,0.0,0.0,283,1,0
286,pi4b-01,2026-07-27 21:04:20.613329+00:00,32.3,68.0,87.8273,97.103,True,test-run-1,,,,0.0,0.0,0.0,0.0,,,0.0,0.0,0.0,0.0,284,1,0
287,pi4b-01,2026-07-27 21:04:21.635147+00:00,32.4,69.0,87.8509,96.7937,True,test-run-1,,,,0.0,0.0,0.0,0.0,,,0.0,0.0,0.0,0.0,285,1,0
288,pi4b-01,2026-07-27 21:04:22.611688+00:00,32.4,69.0,88.8229,96.3424,True,test-run-1,,,,0.0,0.0,0.0,0.0,,,0.0,0.0,0.0,0.0,286,1,0
289,pi4b-01,2026-07-27 21:04:23.609407+00:00,32.4,69.0,88.8229,96.5672,True,test-run-1,,,,0.0,0.0,0.0,0.0,,,0.0,0.0,0.0,0.0,287,1,0
290,pi4b-01,2026-07-27 21:04:24.633250+00:00,32.8,69.0,88.8229,96.149,True,test-run-1,,,,0.0,0.0,0.0,0.0,,,0.0,0.0,0.0,0.0,288,1,0
291,pi4b-01,2026-07-27 21:04:25.609324+00:00,32.8,69.0,88.8229,96.3827,True,test-run-1,,,,0.0,0.0,0.0,0.0,,,0.0,0.0,0.0,0.0,289,1,0
292,pi4b-01,2026-07-27 21:04:26.613574+00:00,32.8,69.0,88.8229,97.0179,True,test-run-1,,,,0.0,0.0,0.0,0.0,,,0.0,0.0,0.0,0.0,290,1,0
293,pi4b-01,2026-07-27 21:04:27.640836+00:00,32.8,69.0,88.8229,97.0758,True,test-run-1,,,,0.0,0.0,0.0,0.0,,,0.0,0.0,0.0,0.0,291,1,0
294,pi4b-01,2026-07-27 21:04:28.609955+00:00,32.8,69.0,88.8229,97.6107,True,test-run-1,,,,0.0,0.0,0.0,0.0,,,0.0,0.0,0.0,0.0,292,1,0
295,pi4b-01,2026-07-27 21:04:29.613524+00:00,32.8,69.0,90.8744,97.7564,True,test-run-1,,,,0.0,0.0,0.0,0.0,,,0.0,0.0,0.0,0.0,293,1,0
296,pi4b-01,2026-07-27 21:04:30.634981+00:00,32.8,69.0,90.8744,97.8284,True,test-run-1,,,,0.0,0.0,0.0,0.0,,,0.0,0.0,0.0,0.0,294,1,0
297,pi4b-01,2026-07-27 21:04:31.612964+00:00,32.8,69.0,90.8744,97.9629,True,test-run-1,,,,0.0,0.0,0.0,0.0,,,0.0,0.0,0.0,0.0,295,1,0
298,pi4b-01,2026-07-27 21:04:32.609857+00:00,32.8,69.0,90.8744,97.8103,True,test-run-1,,,,0.0,0.0,0.0,0.0,,,0.0,0.0,0.0,0.0,296,1,0
299,pi4b-01,2026-07-27 21:04:33.638176+00:00,32.8,70.0,89.5161,97.7338,True,test-run-1,,,,0.0,0.0,0.0,0.0,,,0.0,0.0,0.0,0.0,297,1,0
300,pi4b-01,2026-07-27 21:04:34.608779+00:00,32.8,70.0,85.9305,97.6425,True,test-run-1,,,,0.0,0.0,0.0,0.0,,,0.0,0.0,0.0,0.0,298,1,0
301,pi4b-01,2026-07-27 21:04:35.609207+00:00,32.8,70.0,85.2267,97.6024,True,test-run-1,,,,0.0,0.0,0.0,0.0,,,0.0,0.0,0.0,0.0,299,1,0
302,pi4b-01,2026-07-27 21:04:36.635242+00:00,33.3,69.0,85.2267,97.4295,True,test-run-1,,,,0.0,0.0,0.0,0.0,,,0.0,0.0,0.0,0.0,300,1,0
303,pi4b-01,2026-07-27 21:04:37.610768+00:00,33.3,69.0,85.2267,97.2538,True,test-run-1,,,,0.0,0.0,0.0,0.0,,,0.0,0.0,0.0,0.0,301,1,0
304,pi4b-01,2026-07-27 21:04:38.614131+00:00,33.3,69.0,85.2267,97.0499,True,test-run-1,,,,0.0,0.0,0.0,0.0,,,0.0,0.0,0.0,0.0,302,1,0
305,pi4b-01,2026-07-27 21:04:39.643722+00:00,33.3,69.0,87.5449,96.7361,True,test-run-1,,,,0.0,0.0,0.0,0.0,,,0.0,0.0,0.0,0.0,303,1,0
306,pi4b-01,2026-07-27 21:04:40.611756+00:00,33.3,69.0,89.6162,96.8107,True,test-run-1,,,,0.0,0.0,0.0,0.0,,,0.0,0.0,0.0,0.0,304,1,0
307,pi4b-01,2026-07-27 21:04:41.610291+00:00,33.3,69.0,89.6162,97.0907,True,test-run-1,,,,0.0,0.0,0.0,0.0,,,0.0,0.0,0.0,0.0,305,1,0
308,pi4b-01,2026-07-27 21:04:42.636155+00:00,33.3,69.0,89.6162,91.8878,True,test-run-1,,,,0.0,0.0,0.0,0.0,,,0.0,0.0,0.0,0.0,306,1,0
309,pi4b-01,2026-07-27 21:04:43.610225+00:00,33.3,69.0,89.6162,89.6796,True,test-run-1,,,,0.0,0.0,0.0,0.0,,,0.0,0.0,0.0,0.0,307,1,0
310,pi4b-01,2026-07-27 21:04:44.611114+00:00,33.3,69.0,87.3292,86.5513,True,test-run-1,,,,0.0,0.0,0.0,0.0,,,0.0,0.0,0.0,0.0,308,1,0
311,pi4b-01,2026-07-27 21:04:45.633301+00:00,33.3,69.0,,84.7726,True,test-run-1,,,,0.0,0.0,0.0,0.0,,,0.0,0.0,0.0,0.0,309,0,0
312,pi4b-01,2026-07-27 21:04:46.615865+00:00,33.3,69.0,,84.3068,True,test-run-1,,,,0.0,0.0,0.0,0.0,,,0.0,0.0,0.0,0.0,310,0,0
313,pi4b-01,2026-07-27 21:04:47.613710+00:00,33.3,69.0,,77.5693,True,test-run-1,,,,0.0,0.0,0.0,0.0,,,0.0,0.0,0.0,0.0,311,0,0
314,pi4b-01,2026-07-27 21:04:48.635952+00:00,33.3,69.0,,81.3588,True,test-run-1,,,,0.0,0.0,0.0,0.0,,,0.0,0.0,0.0,0.0,312,0,0
315,pi4b-01,2026-07-27 21:04:49.608834+00:00,33.3,69.0,,81.8364,True,test-run-1,,,,0.0,0.0,0.0,0.0,,,0.0,0.0,0.0,0.0,313,0,0
316,pi4b-01,2026-07-27 21:04:50.609852+00:00,33.3,69.0,,82.3143,True,test-run-1,,,,0.0,0.0,0.0,0.0,,,0.0,0.0,0.0,0.0,314,0,0
317,pi4b-01,2026-07-27 21:04:51.632865+00:00,33.3,70.0,,82.9937,True,test-run-1,,,,0.0,0.0,0.0,0.0,,,0.0,0.0,0.0,0.0,315,0,0
318,pi4b-01,2026-07-27 21:04:52.615161+00:00,33.3,70.0,,93.3654,True,test-run-1,,,,0.0,0.0,0.0,0.0,,,0.0,0.0,0.0,0.0,316,0,0
319,pi4b-01,2026-07-27 21:04:53.614269+00:00,33.3,70.0,,92.8832,True,test-run-1,,,,0.0,0.0,0.0,0.0,,,0.0,0.0,0.0,0.0,317,0,0
320,pi4b-01,2026-07-27 21:04:54.632890+00:00,33.8,70.0,,92.7495,True,test-run-1,,,,0.0,0.0,0.0,0.0,,,0.0,0.0,0.0,0.0,318,0,0
321,pi4b-01,2026-07-27 21:04:55.610809+00:00,33.8,70.0,,92.8791,True,test-run-1,,,,0.0,0.0,0.0,0.0,,,0.0,0.0,0.0,0.0,319,0,0
322,pi4b-01,2026-07-27 21:04:56.613210+00:00,33.8,70.0,,93.2082,True,test-run-1,,,,0.0,0.0,0.0,0.0,,,0.0,0.0,0.0,0.0,320,0,0
323,pi4b-01,2026-07-27 21:04:57.639000+00:00,33.8,70.0,,95.8823,True,test-run-1,,,,0.0,0.0,0.0,0.0,,,0.0,0.0,0.0,0.0,321,0,0
324,pi4b-01,2026-07-27 21:04:58.614151+00:00,33.8,70.0,,83.9817,True,test-run-1,,,,0.0,0.0,0.0,0.0,,,0.0,0.0,0.0,0.0,322,0,0
325,pi4b-01,2026-07-27 21:04:59.610299+00:00,33.8,70.0,,70.0,True,test-run-1,,,,0.0,0.0,0.0,0.0,,,0.0,0.0,0.0,0.0,323,0,0
326,pi4b-01,2026-07-27 21:05:00.636614+00:00,33.8,70.0,,70.0,True,test-run-1,,,,0.0,0.0,0.0,0.0,,,0.0,0.0,0.0,0.0,324,0,0
327,pi4b-01,2026-07-27 21:05:01.609646+00:00,33.8,70.0,,70.0,True,test-run-1,,,,0.0,0.0,0.0,0.0,,,0.0,0.0,0.0,0.0,325,0,0
328,pi4b-01,2026-07-27 21:05:02.608613+00:00,33.8,70.0,,70.0,True,test-run-1,,,,0.0,0.0,0.0,0.0,,,0.0,0.0,0.0,0.0,326,0,0
329,pi4b-01,2026-07-27 21:05:03.636779+00:00,33.8,70.0,87.3292,81.6221,True,test-run-1,,,,0.0,0.0,0.0,0.0,,,0.0,0.0,0.0,0.0,327,1,0
330,pi4b-01,2026-07-27 21:05:04.613897+00:00,33.8,70.0,,83.4181,True,test-run-1,,,,0.0,0.0,0.0,0.0,,,0.0,0.0,0.0,0.0,328,0,0
331,pi4b-01,2026-07-27 21:05:05.608760+00:00,33.8,70.0,,85.7759,True,test-run-1,,,,0.0,0.0,0.0,0.0,,,0.0,0.0,0.0,0.0,329,0,0
332,pi4b-01,2026-07-27 21:05:06.633975+00:00,33.8,70.0,,74.8767,True,test-run-1,,,,0.0,0.0,0.0,0.0,,,0.0,0.0,0.0,0.0,330,0,0
333,pi4b-01,2026-07-27 21:05:07.611361+00:00,33.8,70.0,,76.7954,True,test-run-1,,,,0.0,0.0,0.0,0.0,,,0.0,0.0,0.0,0.0,331,0,0
334,pi4b-01,2026-07-27 21:05:08.613250+00:00,33.8,70.0,,76.7552,True,test-run-1,,,,0.0,0.0,0.0,0.0,,,0.0,0.0,0.0,0.0,332,0,0
335,pi4b-01,2026-07-27 21:05:09.632606+00:00,33.8,70.0,,76.619,True,test-run-1,,,,0.0,0.0,0.0,0.0,,,0.0,0.0,0.0,0.0,333,0,0
336,pi4b-01,2026-07-27 21:05:10.613244+00:00,33.8,70.0,,81.5336,True,test-run-1,,,,0.0,0.0,0.0,0.0,,,0.0,0.0,0.0,0.0,334,0,0
337,pi4b-01,2026-07-27 21:05:11.611391+00:00,33.8,70.0,87.3292,93.2737,True,test-run-1,,,,0.0,0.0,0.0,0.0,,,0.0,0.0,0.0,0.0,335,1,0
338,pi4b-01,2026-07-27 21:05:12.634050+00:00,33.8,70.0,87.3292,88.321,True,test-run-1,,,,0.0,0.0,0.0,0.0,,,0.0,0.0,0.0,0.0,336,1,0
339,pi4b-01,2026-07-27 21:05:13.613955+00:00,33.8,70.0,89.7153,88.8306,True,test-run-1,,,,0.0,0.0,0.0,0.0,,,0.0,0.0,0.0,0.0,337,1,0
340,pi4b-01,2026-07-27 21:05:14.611482+00:00,33.8,70.0,91.9893,89.167,True,test-run-1,,,,0.0,0.0,0.0,0.0,,,0.0,0.0,0.0,0.0,338,1,0
341,pi4b-01,2026-07-27 21:05:15.635141+00:00,34.2,70.0,91.9893,89.4935,True,test-run-1,,,,0.0,0.0,0.0,0.0,,,0.0,0.0,0.0,0.0,339,1,0
342,pi4b-01,2026-07-27 21:05:16.612099+00:00,34.2,70.0,92.146,97.5726,True,test-run-1,,,,0.0,0.0,0.0,0.0,,,0.0,0.0,0.0,0.0,340,1,0
343,pi4b-01,2026-07-27 21:05:17.616323+00:00,34.2,70.0,92.146,97.8585,True,test-run-1,,,,0.0,0.0,0.0,0.0,,,0.0,0.0,0.0,0.0,341,1,0
344,pi4b-01,2026-07-27 21:05:18.634387+00:00,34.2,70.0,91.9893,97.6696,True,test-run-1,,,,0.0,0.0,0.0,0.0,,,0.0,0.0,0.0,0.0,342,1,0
345,pi4b-01,2026-07-27 21:05:19.611187+00:00,34.2,70.0,91.9893,97.3881,True,test-run-1,,,,0.0,0.0,0.0,0.0,,,0.0,0.0,0.0,0.0,343,1,0
346,pi4b-01,2026-07-27 21:05:20.608674+00:00,34.2,70.0,90.9905,97.304,True,test-run-1,,,,0.0,0.0,0.0,0.0,,,0.0,0.0,0.0,0.0,344,1,0
347,pi4b-01,2026-07-27 21:05:21.639191+00:00,34.2,70.0,86.2519,97.4855,True,test-run-1,,,,0.0,0.0,0.0,0.0,,,0.0,0.0,0.0,0.0,345,1,0
348,pi4b-01,2026-07-27 21:05:22.610950+00:00,34.2,70.0,86.2519,97.5959,True,test-run-1,,,,0.0,0.0,0.0,0.0,,,0.0,0.0,0.0,0.0,346,1,0
349,pi4b-01,2026-07-27 21:05:23.617468+00:00,34.2,70.0,85.3597,97.9265,True,test-run-1,,,,0.0,0.0,0.0,0.0,,,0.0,0.0,0.0,0.0,347,1,0
350,pi4b-01,2026-07-27 21:05:24.635128+00:00,34.2,70.0,85.3597,97.8994,True,test-run-1,,,,0.0,0.0,0.0,0.0,,,0.0,0.0,0.0,0.0,348,1,0
351,pi4b-01,2026-07-27 21:05:25.611153+00:00,34.2,70.0,85.3597,97.7849,True,test-run-1,,,,0.0,0.0,0.0,0.0,,,0.0,0.0,0.0,0.0,349,1,0
352,pi4b-01,2026-07-27 21:05:26.609558+00:00,34.2,70.0,85.3597,98.0259,True,test-run-1,,,,0.0,0.0,0.0,0.0,,,0.0,0.0,0.0,0.0,350,1,0
353,pi4b-01,2026-07-27 21:05:27.635784+00:00,34.2,70.0,85.3597,98.0444,True,test-run-1,,,,0.0,0.0,0.0,0.0,,,0.0,0.0,0.0,0.0,351,1,0
354,pi4b-01,2026-07-27 21:05:28.613564+00:00,34.2,70.0,85.3597,98.004,True,test-run-1,,,,0.0,0.0,0.0,0.0,,,0.0,0.0,0.0,0.0,352,1,0
355,pi4b-01,2026-07-27 21:05:29.619013+00:00,34.2,70.0,85.3597,97.8082,True,test-run-1,,,,0.0,0.0,0.0,0.0,,,0.0,0.0,0.0,0.0,353,1,0
356,pi4b-01,2026-07-27 21:05:30.636558+00:00,34.2,70.0,84.0289,97.411,True,test-run-1,,,,0.0,0.0,0.0,0.0,,,0.0,0.0,0.0,0.0,354,1,0
357,pi4b-01,2026-07-27 21:05:31.612024+00:00,34.2,70.0,81.6535,97.0746,True,test-run-1,,,,0.0,0.0,0.0,0.0,,,0.0,0.0,0.0,0.0,355,1,0
358,pi4b-01,2026-07-27 21:05:32.608746+00:00,34.2,70.0,81.6535,97.2062,True,test-run-1,,,,0.0,0.0,0.0,0.0,,,0.0,0.0,0.0,0.0,356,1,0
359,pi4b-01,2026-07-27 21:05:33.638374+00:00,34.2,70.0,81.6535,97.0905,True,test-run-1,,,,0.0,0.0,0.0,0.0,,,0.0,0.0,0.0,0.0,357,1,0
360,pi4b-01,2026-07-27 21:05:34.613769+00:00,34.2,70.0,81.6535,97.043,True,test-run-1,,,,0.0,0.0,0.0,0.0,,,0.0,0.0,0.0,0.0,358,1,0
361,pi4b-01,2026-07-27 21:05:35.617346+00:00,34.2,70.0,81.7257,97.0285,True,test-run-1,,,,0.0,0.0,0.0,0.0,,,0.0,0.0,0.0,0.0,359,1,0
362,pi4b-01,2026-07-27 21:05:36.640239+00:00,34.2,70.0,81.7257,97.0287,True,test-run-1,,,,0.0,0.0,0.0,0.0,,,0.0,0.0,0.0,0.0,360,1,0
363,pi4b-01,2026-07-27 21:05:37.610613+00:00,34.2,70.0,81.8353,97.3155,True,test-run-1,,,,0.0,0.0,0.0,0.0,,,0.0,0.0,0.0,0.0,361,1,0
364,pi4b-01,2026-07-27 21:05:38.611635+00:00,34.2,70.0,82.162,97.352,True,test-run-1,,,,0.0,0.0,0.0,0.0,,,0.0,0.0,0.0,0.0,362,1,0
365,pi4b-01,2026-07-27 21:05:39.635664+00:00,34.7,70.0,83.0458,97.4923,True,test-run-1,,,,0.0,0.0,0.0,0.0,,,0.0,0.0,0.0,0.0,363,1,0
366,pi4b-01,2026-07-27 21:05:40.612577+00:00,34.7,70.0,83.7683,97.5337,True,test-run-1,,,,0.0,0.0,0.0,0.0,,,0.0,0.0,0.0,0.0,364,1,0
367,pi4b-01,2026-07-27 21:05:41.611936+00:00,34.7,70.0,85.3127,97.2864,True,test-run-1,,,,0.0,0.0,0.0,0.0,,,0.0,0.0,0.0,0.0,365,1,0
368,pi4b-01,2026-07-27 21:05:42.645192+00:00,34.7,70.0,87.4376,97.353,True,test-run-1,,,,0.0,0.0,0.0,0.0,,,0.0,0.0,0.0,0.0,366,1,0
369,pi4b-01,2026-07-27 21:05:43.612519+00:00,34.7,70.0,88.3597,96.7848,True,test-run-1,,,,0.0,0.0,0.0,0.0,,,0.0,0.0,0.0,0.0,367,1,0
370,pi4b-01,2026-07-27 21:05:44.613342+00:00,34.7,70.0,88.7825,96.4833,True,test-run-1,,,,0.0,0.0,0.0,0.0,,,0.0,0.0,0.0,0.0,368,1,0
371,pi4b-01,2026-07-27 21:05:45.636444+00:00,34.7,70.0,88.8458,96.2678,True,test-run-1,,,,0.0,0.0,0.0,0.0,,,0.0,0.0,0.0,0.0,369,1,0
372,pi4b-01,2026-07-27 21:05:46.608890+00:00,34.7,70.0,88.8886,96.3595,True,test-run-1,,,,0.0,0.0,0.0,0.0,,,0.0,0.0,0.0,0.0,370,1,0
373,pi4b-01,2026-07-27 21:05:47.609405+00:00,34.7,70.0,89.1232,96.3457,True,test-run-1,,,,0.0,0.0,0.0,0.0,,,0.0,0.0,0.0,0.0,371,1,0
374,pi4b-01,2026-07-27 21:05:48.644034+00:00,34.7,70.0,89.1567,95.5347,True,test-run-1,,,,0.0,0.0,0.0,0.0,,,0.0,0.0,0.0,0.0,372,1,0
375,pi4b-01,2026-07-27 21:05:49.612021+00:00,34.7,70.0,89.6224,96.3846,True,test-run-1,,,,0.0,0.0,0.0,0.0,,,0.0,0.0,0.0,0.0,373,1,0
376,pi4b-01,2026-07-27 21:05:50.611959+00:00,34.7,70.0,91.5175,96.6495,True,test-run-1,,,,0.0,0.0,0.0,0.0,,,0.0,0.0,0.0,0.0,374,1,0
377,pi4b-01,2026-07-27 21:05:51.638012+00:00,34.7,70.0,92.3203,97.2547,True,test-run-1,,,,0.0,0.0,0.0,0.0,,,0.0,0.0,0.0,0.0,375,1,0
378,pi4b-01,2026-07-27 21:05:52.608783+00:00,34.7,70.0,92.3203,97.7457,True,test-run-1,,,,0.0,0.0,0.0,0.0,,,0.0,0.0,0.0,0.0,376,1,0
379,pi4b-01,2026-07-27 21:05:53.612105+00:00,34.7,70.0,92.4596,97.4744,True,test-run-1,,,,0.0,0.0,0.0,0.0,,,0.0,0.0,0.0,0.0,377,1,0
380,pi4b-01,2026-07-27 21:05:54.637761+00:00,34.7,70.0,92.4865,97.1789,True,test-run-1,,,,0.0,0.0,0.0,0.0,,,0.0,0.0,0.0,0.0,378,1,0
381,pi4b-01,2026-07-27 21:05:55.611764+00:00,34.7,70.0,92.4865,96.7288,True,test-run-1,,,,0.0,0.0,0.0,0.0,,,0.0,0.0,0.0,0.0,379,1,0
382,pi4b-01,2026-07-27 21:05:56.609900+00:00,34.7,70.0,92.4596,96.5407,True,test-run-1,,,,0.0,0.0,0.0,0.0,,,0.0,0.0,0.0,0.0,380,1,0
383,pi4b-01,2026-07-27 21:05:57.635655+00:00,34.7,69.0,92.3203,96.4114,True,test-run-1,,,,0.0,0.0,0.0,0.0,,,0.0,0.0,0.0,0.0,381,1,0
384,pi4b-01,2026-07-27 21:05:58.613201+00:00,34.7,69.0,91.6131,96.8654,True,test-run-1,,,,0.0,0.0,0.0,0.0,,,0.0,0.0,0.0,0.0,382,1,0
385,pi4b-01,2026-07-27 21:05:59.612193+00:00,34.7,69.0,91.6131,96.9403,True,test-run-1,,,,0.0,0.0,0.0,0.0,,,0.0,0.0,0.0,0.0,383,1,0
386,pi4b-01,2026-07-27 21:06:00.644537+00:00,34.7,68.0,90.6246,97.0827,True,test-run-1,,,,0.0,0.0,0.0,0.0,,,0.0,0.0,0.0,0.0,384,1,0
387,pi4b-01,2026-07-27 21:06:01.623112+00:00,34.7,68.0,90.6246,97.0994,True,test-run-1,,,,0.0,0.0,0.0,0.0,,,0.0,0.0,0.0,0.0,385,1,0
388,pi4b-01,2026-07-27 21:06:02.610373+00:00,34.7,68.0,90.3399,97.1239,True,test-run-1,,,,0.0,0.0,0.0,0.0,,,0.0,0.0,0.0,0.0,386,1,0
389,pi4b-01,2026-07-27 21:06:03.632925+00:00,34.7,67.0,90.254,97.2136,True,test-run-1,,,,0.0,0.0,0.0,0.0,,,0.0,0.0,0.0,0.0,387,1,0
390,pi4b-01,2026-07-27 21:06:04.614101+00:00,34.7,67.0,90.0507,97.1752,True,test-run-1,,,,0.0,0.0,0.0,0.0,,,0.0,0.0,0.0,0.0,388,1,0
391,pi4b-01,2026-07-27 21:06:05.611918+00:00,34.7,67.0,90.0507,97.3082,True,test-run-1,,,,0.0,0.0,0.0,0.0,,,0.0,0.0,0.0,0.0,389,1,0
392,pi4b-01,2026-07-27 21:06:06.633688+00:00,34.7,66.0,87.7834,97.6185,True,test-run-1,,,,0.0,0.0,0.0,0.0,,,0.0,0.0,0.0,0.0,390,1,0
393,pi4b-01,2026-07-27 21:06:07.611296+00:00,34.7,66.0,86.1797,97.5099,True,test-run-1,,,,0.0,0.0,0.0,0.0,,,0.0,0.0,0.0,0.0,391,1,0
394,pi4b-01,2026-07-27 21:06:08.612764+00:00,34.7,66.0,86.1797,97.1487,True,test-run-1,,,,0.0,0.0,0.0,0.0,,,0.0,0.0,0.0,0.0,392,1,0
395,pi4b-01,2026-07-27 21:06:09.634565+00:00,34.7,65.0,86.1797,97.1683,True,test-run-1,,,,0.0,0.0,0.0,0.0,,,0.0,0.0,0.0,0.0,393,1,0
396,pi4b-01,2026-07-27 21:06:10.614189+00:00,34.7,65.0,86.1797,97.0256,True,test-run-1,,,,0.0,0.0,0.0,0.0,,,0.0,0.0,0.0,0.0,394,1,0
397,pi4b-01,2026-07-27 21:06:11.609877+00:00,34.7,65.0,89.0106,97.0326,True,test-run-1,,,,0.0,0.0,0.0,0.0,,,0.0,0.0,0.0,0.0,395,1,0
398,pi4b-01,2026-07-27 21:06:12.636824+00:00,34.2,64.0,90.8725,97.1349,True,test-run-1,,,,0.0,0.0,0.0,0.0,,,0.0,0.0,0.0,0.0,396,1,0
399,pi4b-01,2026-07-27 21:06:13.615588+00:00,34.2,64.0,90.8725,97.1367,True,test-run-1,,,,0.0,0.0,0.0,0.0,,,0.0,0.0,0.0,0.0,397,1,0
400,pi4b-01,2026-07-27 21:06:14.612420+00:00,34.2,64.0,90.8725,96.7997,True,test-run-1,,,,0.0,0.0,0.0,0.0,,,0.0,0.0,0.0,0.0,398,1,0
401,pi4b-01,2026-07-27 21:06:15.634087+00:00,34.2,62.0,90.8725,96.6297,True,test-run-1,,,,0.0,0.0,0.0,0.0,,,0.0,0.0,0.0,0.0,399,1,0
402,pi4b-01,2026-07-27 21:06:16.612824+00:00,34.2,62.0,90.1739,96.6878,True,test-run-1,,,,0.0,0.0,0.0,0.0,,,0.0,0.0,0.0,0.0,400,1,0
403,pi4b-01,2026-07-27 21:06:17.614260+00:00,34.2,62.0,90.1739,96.6789,True,test-run-1,,,,0.0,0.0,0.0,0.0,,,0.0,0.0,0.0,0.0,401,1,0
404,pi4b-01,2026-07-27 21:06:18.633433+00:00,34.2,61.0,90.1739,96.9504,True,test-run-1,,,,0.0,0.0,0.0,0.0,,,0.0,0.0,0.0,0.0,402,1,0
405,pi4b-01,2026-07-27 21:06:19.612896+00:00,34.2,61.0,90.1739,97.1413,True,test-run-1,,,,0.0,0.0,0.0,0.0,,,0.0,0.0,0.0,0.0,403,1,0
406,pi4b-01,2026-07-27 21:06:20.609561+00:00,34.2,61.0,90.9104,97.3503,True,test-run-1,,,,0.0,0.0,0.0,0.0,,,0.0,0.0,0.0,0.0,404,1,0
407,pi4b-01,2026-07-27 21:06:21.637887+00:00,34.2,60.0,91.8737,97.3551,True,test-run-1,,,,0.0,0.0,0.0,0.0,,,0.0,0.0,0.0,0.0,405,1,0
408,pi4b-01,2026-07-27 21:06:22.610257+00:00,34.2,60.0,91.8737,97.2202,True,test-run-1,,,,0.0,0.0,0.0,0.0,,,0.0,0.0,0.0,0.0,406,1,0
409,pi4b-01,2026-07-27 21:06:23.614018+00:00,34.2,60.0,91.8737,97.147,True,test-run-1,,,,0.0,0.0,0.0,0.0,,,0.0,0.0,0.0,0.0,407,1,0
410,pi4b-01,2026-07-27 21:06:24.640049+00:00,33.8,59.0,91.8737,97.1677,True,test-run-1,,,,0.0,0.0,0.0,0.0,,,0.0,0.0,0.0,0.0,408,1,0
411,pi4b-01,2026-07-27 21:06:25.612960+00:00,33.8,59.0,86.7286,97.1282,True,test-run-1,,,,0.0,0.0,0.0,0.0,,,0.0,0.0,0.0,0.0,409,1,0
412,pi4b-01,2026-07-27 21:06:26.611063+00:00,33.8,59.0,82.8912,97.7624,True,test-run-1,,,,0.0,0.0,0.0,0.0,,,0.0,0.0,0.0,0.0,410,1,0
413,pi4b-01,2026-07-27 21:06:27.634583+00:00,33.8,58.0,82.8912,98.0812,True,test-run-1,,,,0.0,0.0,0.0,0.0,,,0.0,0.0,0.0,0.0,411,1,0
414,pi4b-01,2026-07-27 21:06:28.613191+00:00,33.8,58.0,82.8912,98.278,True,test-run-1,,,,0.0,0.0,0.0,0.0,,,0.0,0.0,0.0,0.0,412,1,0
415,pi4b-01,2026-07-27 21:06:29.613451+00:00,33.8,58.0,82.8912,98.464,True,test-run-1,,,,0.0,0.0,0.0,0.0,,,0.0,0.0,0.0,0.0,413,1,0
416,pi4b-01,2026-07-27 21:06:30.633672+00:00,33.8,57.0,86.7443,97.4972,True,test-run-1,,,,0.0,0.0,0.0,0.0,,,0.0,0.0,0.0,0.0,414,1,0
417,pi4b-01,2026-07-27 21:06:31.614568+00:00,33.8,57.0,89.9249,97.1739,True,test-run-1,,,,0.0,0.0,0.0,0.0,,,0.0,0.0,0.0,0.0,415,1,0
418,pi4b-01,2026-07-27 21:06:32.613248+00:00,33.8,57.0,91.8337,97.0654,True,test-run-1,,,,0.0,0.0,0.0,0.0,,,0.0,0.0,0.0,0.0,416,1,0
419,pi4b-01,2026-07-27 21:06:33.637369+00:00,33.3,56.0,91.8337,97.0193,True,test-run-1,,,,0.0,0.0,0.0,0.0,,,0.0,0.0,0.0,0.0,417,1,0
420,pi4b-01,2026-07-27 21:06:34.611527+00:00,33.3,56.0,91.8337,97.4632,True,test-run-1,,,,0.0,0.0,0.0,0.0,,,0.0,0.0,0.0,0.0,418,1,0
421,pi4b-01,2026-07-27 21:06:35.609237+00:00,33.3,56.0,91.8337,97.1677,True,test-run-1,,,,0.0,0.0,0.0,0.0,,,0.0,0.0,0.0,0.0,419,1,0
422,pi4b-01,2026-07-27 21:06:36.638830+00:00,33.3,56.0,88.6038,98.1861,True,test-run-1,,,,0.0,0.0,0.0,0.0,,,0.0,0.0,0.0,0.0,420,1,0
423,pi4b-01,2026-07-27 21:06:37.610931+00:00,33.3,56.0,,74.211,True,test-run-1,,,,0.0,0.0,0.0,0.0,,,0.0,0.0,0.0,0.0,421,0,0
424,pi4b-01,2026-07-27 21:06:38.618149+00:00,33.3,56.0,,72.1944,True,test-run-1,,,,0.0,0.0,0.0,0.0,,,0.0,0.0,0.0,0.0,422,0,0
425,pi4b-01,2026-07-27 21:06:39.638307+00:00,33.3,55.0,,70.0,True,test-run-1,,,,0.0,0.0,0.0,0.0,,,0.0,0.0,0.0,0.0,423,0,0
426,pi4b-01,2026-07-27 21:06:40.612006+00:00,33.3,55.0,,70.0,True,test-run-1,,,,0.0,0.0,0.0,0.0,,,0.0,0.0,0.0,0.0,424,0,0
427,pi4b-01,2026-07-27 21:06:41.609520+00:00,33.3,55.0,88.6038,96.7391,True,test-run-1,,,,0.0,0.0,0.0,0.0,,,0.0,0.0,0.0,0.0,425,1,0
